Date,Open,High,Low,Close,Volume
2015-01-05,13.65,13.65,13.5,13.6,772647
2015-01-06,13.5,13.5,13.3,13.45,1378764
2015-01-07,13.4,13.8,13.3,13.45,3800786
2015-01-08,13.5,13.6,13.35,13.35,1941261
2015-01-09,13.4,13.5,13.3,13.4,1641849
2015-01-12,13.3,13.45,13.3,13.45,732355
2015-01-13,13.4,13.45,13.3,13.35,1537464
2015-01-14,13.35,13.45,13.25,13.3,974195
2015-01-15,13.4,13.4,13.15,13.15,1091302
2015-01-16,13.2,13.2,13.0,13.1,1405547
2015-01-19,13.15,13.2,13.05,13.05,624326
2015-01-20,13.15,13.2,13.1,13.1,549944
2015-01-21,13.1,13.15,13.0,13.05,754713
2015-01-22,13.1,13.15,13.05,13.05,890932
2015-01-23,13.15,13.2,13.1,13.15,497415
2015-01-26,13.15,13.2,13.05,13.1,860492
2015-01-27,13.2,13.3,12.85,13.0,4202399
2015-01-28,13.05,13.25,12.95,13.2,1445014
2015-01-29,13.2,13.3,13.0,13.2,2330319
2015-01-30,13.2,13.2,12.85,13.05,3814135
2015-02-02,13.0,13.05,12.95,13.05,1320734
2015-02-03,13.15,13.25,12.8,12.9,7531150
2015-02-04,13.0,13.05,12.9,12.95,1743360
2015-02-05,12.95,13.05,12.9,12.9,989780
2015-02-06,12.95,13.0,12.9,12.95,542954
2015-02-09,12.9,13.05,12.9,12.95,986430
2015-02-10,12.9,13.05,12.9,12.9,672017
2015-02-11,12.95,12.95,12.85,12.9,643595
2015-02-12,12.85,12.9,12.8,12.9,659429
2015-02-13,12.9,12.95,12.85,12.85,982887
2015-02-24,12.95,12.95,12.8,12.85,1301394
2015-02-25,12.85,12.85,12.65,12.75,2415190
2015-02-26,12.75,12.8,12.65,12.65,1341040
2015-03-02,12.7,12.75,12.65,12.65,849780
2015-03-03,12.65,12.75,12.6,12.65,1099809
2015-03-04,12.65,12.7,12.6,12.6,1295017
2015-03-05,12.6,12.75,12.6,12.7,924171
2015-03-06,12.7,12.8,12.65,12.75,922241
2015-03-09,12.75,12.75,12.65,12.75,592552
2015-03-10,12.75,12.8,12.65,12.7,691788
2015-03-11,12.65,12.7,12.55,12.55,973638
2015-03-12,12.55,12.7,12.55,12.6,735041
2015-03-13,12.6,12.65,12.55,12.6,744439
2015-03-16,12.6,12.7,12.55,12.55,825451
2015-03-17,12.6,12.7,12.55,12.6,705000
2015-03-18,12.6,12.7,12.55,12.7,568377
2015-03-19,12.7,12.75,12.6,12.65,1097683
2015-03-20,12.65,12.75,12.6,12.75,1111321
2015-03-23,12.75,12.8,12.7,12.75,1098079
2015-03-24,12.75,12.8,12.65,12.7,927847
2015-03-25,12.6,12.7,12.6,12.7,850230
2015-03-26,12.6,12.7,12.6,12.65,827997
2015-03-27,12.65,12.7,12.6,12.7,882311
2015-03-30,12.65,12.7,12.6,12.6,450020
2015-03-31,12.7,12.7,12.55,12.6,923323
2015-04-01,12.55,12.6,12.45,12.45,1379837
2015-04-02,12.45,12.55,12.45,12.55,1260411
2015-04-07,12.6,12.65,12.55,12.65,972021
2015-04-08,12.65,12.7,12.6,12.65,1227388
2015-04-09,12.65,12.75,12.6,12.65,1176066
2015-04-10,12.65,12.7,12.5,12.55,2652715
2015-04-13,12.6,12.65,12.5,12.55,1871362
2015-04-14,12.55,12.65,12.55,12.6,1466808
2015-04-15,12.65,12.7,12.55,12.6,2451405
2015-04-16,12.6,12.7,12.55,12.6,1353312
2015-04-17,12.65,12.65,12.6,12.6,940595
2015-04-20,12.6,12.65,12.55,12.65,1033132
2015-04-21,12.65,12.65,12.55,12.6,750454
2015-04-22,12.6,12.65,12.55,12.55,914443
2015-04-23,12.55,12.65,12.55,12.6,1754996
2015-04-24,12.65,12.9,12.6,12.85,3487943
2015-04-27,12.9,12.95,12.85,12.85,2096870
2015-04-28,12.85,13.0,12.85,13.0,2328612
2015-04-29,13.0,13.1,12.95,13.05,2815196
2015-04-30,13.05,13.1,12.95,13.05,1577286
2015-05-04,13.05,13.1,12.95,13.0,1320630
2015-05-05,13.0,13.05,12.9,13.05,1231829
2015-05-06,13.0,13.05,12.9,13.05,1486892
2015-05-07,13.05,13.05,12.9,12.95,1322527
2015-05-08,12.95,13.0,12.85,13.0,1128026
2015-05-11,13.05,13.05,12.65,12.75,1932254
2015-05-12,12.65,12.9,12.65,12.85,1097390
2015-05-13,12.85,12.9,12.7,12.7,1493505
2015-05-14,12.65,12.8,12.65,12.75,786718
2015-05-15,12.65,12.75,12.5,12.5,1823382
2015-05-18,12.5,12.6,12.45,12.45,1092435
2015-05-19,12.45,12.55,12.4,12.45,1050793
2015-05-20,12.5,12.5,12.4,12.4,784899
2015-05-21,12.35,12.35,12.1,12.15,1953737
2015-05-22,12.15,12.3,12.05,12.1,1448299
2015-05-25,12.1,12.2,11.9,11.95,2430535
2015-05-26,12.0,12.1,11.95,12.05,611745
2015-05-27,12.1,12.2,12.0,12.2,926743
2015-05-28,12.2,12.2,12.0,12.05,1233074
2015-05-29,12.05,12.1,11.9,11.95,1847006
2015-06-01,12.0,12.0,11.85,11.9,1029552
2015-06-02,11.95,12.0,11.9,11.95,583084
2015-06-03,11.95,12.0,11.9,11.9,900892
2015-06-04,11.9,11.95,11.7,11.7,1653661
2015-06-05,11.7,11.8,11.5,11.6,2485604
2015-06-08,11.55,11.6,11.4,11.5,1264823
2015-06-09,11.5,11.55,11.3,11.35,2115514
2015-06-10,11.4,11.55,11.35,11.5,1245485
2015-06-11,11.5,11.6,11.4,11.6,1161279
2015-06-12,11.6,11.6,11.45,11.6,442076
2015-06-15,11.6,11.6,11.45,11.5,1062363
2015-06-16,11.45,11.9,11.4,11.65,2921805
2015-06-17,11.65,11.75,11.5,11.65,1549944
2015-06-18,11.7,11.7,11.5,11.5,1622547
2015-06-22,11.55,11.65,11.45,11.6,908932
2015-06-23,11.6,11.65,11.55,11.55,754921
2015-06-24,11.6,11.65,11.45,11.6,672881
2015-06-25,11.6,11.7,11.5,11.55,976139
2015-06-26,11.6,11.6,11.5,11.55,718854
2015-06-29,11.5,11.5,11.3,11.35,1367019
2015-06-30,11.35,11.4,11.3,11.3,876507
2015-07-01,11.35,11.5,11.35,11.45,558955
2015-07-02,11.45,11.5,11.35,11.4,1470880
2015-07-03,11.4,11.45,11.2,11.45,2644478
2015-07-06,11.35,11.4,11.15,11.15,2181035
2015-07-07,11.2,11.3,11.2,11.2,750293
2015-07-08,11.2,11.2,11.0,11.1,2164266
2015-07-09,10.95,11.05,10.85,11.0,3048409
2015-07-13,11.15,11.2,11.1,11.15,556981
2015-07-14,11.2,11.3,11.1,11.1,1127882
2015-07-15,11.15,11.2,11.05,11.05,751603
2015-07-16,11.05,11.1,10.95,11.0,1095280
2015-07-17,11.05,11.1,10.9,10.95,1471145
2015-07-20,10.95,11.1,10.85,10.9,3078527
2015-07-21,10.6,10.65,10.4,10.4,2047214
2015-07-22,10.4,10.5,10.25,10.3,1418905
2015-07-23,10.3,10.45,10.15,10.25,1669909
2015-07-24,10.3,10.3,10.1,10.1,1264739
2015-07-27,10.05,10.05,9.91,9.92,2321461
2015-07-28,9.89,10.2,9.87,10.1,2079880
2015-07-29,10.05,10.2,10.0,10.2,944863
2015-07-30,10.25,10.4,10.2,10.35,713609
2015-07-31,10.35,10.35,10.15,10.25,869528
2015-08-03,10.25,10.25,10.05,10.05,603285
2015-08-04,10.05,10.2,10.0,10.05,934647
2015-08-05,10.05,10.35,10.05,10.35,783230
2015-08-06,10.35,10.35,10.15,10.25,514472
2015-08-07,10.25,10.25,10.15,10.25,435387
2015-08-10,10.2,10.3,10.15,10.3,476127
2015-08-11,10.35,10.35,10.1,10.15,1230764
2015-08-12,10.1,10.2,10.05,10.1,401543
2015-08-13,10.05,10.15,10.05,10.15,771121
2015-08-14,10.15,10.2,10.15,10.15,310900
2015-08-17,10.2,10.2,10.0,10.0,1028967
2015-08-18,10.0,10.15,10.0,10.0,611963
2015-08-19,10.1,10.1,9.87,9.88,1493315
2015-08-20,9.9,10.05,9.88,9.93,829706
2015-08-21,9.88,9.9,9.55,9.55,1401963
2015-08-24,9.5,9.5,8.6,8.62,4128008
2015-08-25,8.5,8.77,8.5,8.71,2408270
2015-08-26,8.71,8.96,8.67,8.9,1385231
2015-08-27,8.96,9.2,8.94,9.12,1349747
2015-08-28,9.25,9.37,9.23,9.33,1202929
2015-08-31,9.4,9.74,9.3,9.74,1810029
2015-09-01,9.7,9.73,9.58,9.66,983459
2015-09-02,9.55,9.68,9.51,9.62,708131
2015-09-03,9.85,9.99,9.8,9.9,2084424
2015-09-04,9.99,10.15,9.96,10.0,2119817
2015-09-07,10.0,10.05,9.97,9.97,267716
2015-09-08,10.0,10.1,9.95,9.98,527534
2015-09-09,10.0,10.5,10.0,10.2,2986466
2015-09-10,10.2,10.35,10.15,10.3,992549
2015-09-11,10.25,10.4,10.2,10.25,964066
2015-09-14,10.25,10.3,10.1,10.15,702396
2015-09-15,10.15,10.25,10.1,10.2,521750
2015-09-16,10.2,10.35,10.15,10.35,1622440
2015-09-17,10.45,10.45,10.3,10.3,1421660
2015-09-18,10.3,11.1,10.25,11.1,3856818
2015-09-21,11.0,11.0,10.75,11.0,2938193
2015-09-22,11.0,11.05,10.7,10.8,1668964
2015-09-23,10.7,10.8,10.55,10.65,1876067
2015-09-24,10.7,10.7,10.35,10.5,1152936
2015-09-25,10.4,10.5,10.35,10.45,555425
2015-09-30,10.35,10.4,10.25,10.25,1808950
2015-10-01,10.35,10.45,10.25,10.45,816440
2015-10-02,10.5,10.5,10.35,10.35,457108
2015-10-05,10.4,10.5,10.4,10.45,440217
2015-10-06,10.55,10.55,10.35,10.35,704098
2015-10-07,10.45,10.8,10.45,10.8,1444679
2015-10-08,10.9,11.35,10.75,10.85,5136960
2015-10-12,10.9,10.95,10.75,10.9,939160
2015-10-13,10.9,10.95,10.85,10.9,632173
2015-10-14,10.9,11.0,10.8,11.0,688541
2015-10-15,11.0,11.05,10.9,10.95,530761
2015-10-16,11.0,11.2,10.85,11.2,1686666
2015-10-19,11.1,11.15,11.0,11.1,968324
2015-10-20,11.1,11.15,11.0,11.1,519981
2015-10-21,11.1,11.2,11.0,11.0,867055
2015-10-22,11.1,11.15,11.05,11.1,797083
2015-10-23,11.15,11.2,11.05,11.1,946508
2015-10-26,11.15,11.25,11.1,11.1,1034235
2015-10-27,11.1,11.2,11.1,11.1,643828
2015-10-28,11.1,11.4,11.1,11.15,1493229
2015-10-29,11.25,11.25,11.0,11.0,907450
2015-10-30,11.1,11.2,10.95,11.2,1074054
2015-11-02,11.15,11.15,11.1,11.15,370760
2015-11-03,11.15,11.25,11.1,11.2,829942
2015-11-04,11.2,11.25,11.15,11.2,1184616
2015-11-05,11.25,11.25,11.15,11.25,829064
2015-11-06,11.25,11.25,11.05,11.15,621887
2015-11-09,11.15,11.2,10.9,10.95,697912
2015-11-10,10.85,10.95,10.8,10.8,500063
2015-11-11,10.8,10.85,10.55,10.55,745473
2015-11-12,10.6,10.6,10.5,10.55,379832
2015-11-13,10.55,10.55,10.35,10.4,468491
2015-11-16,10.35,10.4,10.25,10.3,489496
2015-11-17,10.5,10.5,10.45,10.45,226153
2015-11-18,10.6,11.1,10.6,11.0,3364720
2015-11-19,11.0,11.05,10.9,10.9,1237200
2015-11-20,10.95,11.0,10.9,10.9,566527
2015-11-23,11.05,11.1,10.95,10.95,500899
2015-11-24,10.95,11.05,10.8,10.8,535791
2015-11-25,10.9,11.05,10.7,10.7,934497
2015-11-26,10.7,10.85,10.7,10.8,329417
2015-11-27,10.85,10.9,10.7,10.7,546738
2015-11-30,10.6,10.65,10.5,10.6,894470
2015-12-01,10.7,10.75,10.6,10.75,595288
2015-12-02,10.7,11.35,10.7,10.9,2502944
2015-12-03,10.9,11.15,10.7,10.95,1105642
2015-12-04,10.9,11.05,10.85,10.95,748504
2015-12-07,11.05,11.1,10.9,11.0,694286
2015-12-08,11.0,11.0,10.85,10.85,286689
2015-12-09,10.8,10.85,10.55,10.65,870485
2015-12-10,10.6,10.6,10.5,10.55,602293
2015-12-11,10.55,10.6,10.25,10.3,930931
2015-12-14,10.3,10.3,10.1,10.15,424964
2015-12-15,10.2,10.25,10.15,10.2,430094
2015-12-16,10.4,10.75,10.35,10.7,2834905
2015-12-17,10.7,10.75,10.6,10.7,804923
2015-12-18,10.7,10.8,10.6,10.8,781339
2015-12-21,10.65,10.8,10.65,10.8,566007
2015-12-22,10.75,10.8,10.6,10.6,480687
2015-12-23,10.6,10.7,10.6,10.65,357914
2015-12-24,10.65,10.8,10.65,10.65,364272
2015-12-25,10.65,10.7,10.6,10.7,293123
2015-12-28,10.75,10.75,10.6,10.75,555270
2015-12-29,10.7,10.7,10.55,10.65,477339
2015-12-30,10.55,10.75,10.55,10.7,431044
2015-12-31,10.65,10.7,10.55,10.65,512696
2016-01-04,10.65,10.65,10.45,10.45,494131
2016-01-05,10.4,10.5,10.35,10.4,332596
2016-01-06,10.35,10.5,10.25,10.25,616398
2016-01-07,10.2,10.2,9.9,10.0,1360936
2016-01-08,9.9,10.2,9.9,10.2,830555
2016-01-11,10.1,10.1,9.97,9.97,809673
2016-01-12,10.0,10.05,9.92,9.92,696228
2016-01-13,10.0,10.05,9.91,9.93,739606
2016-01-14,9.95,9.98,9.88,9.88,1391420
2016-01-15,9.9,9.98,9.88,9.89,764606
2016-01-18,9.8,10.0,9.79,10.0,684709
2016-01-19,10.0,10.1,9.97,10.0,1130838
2016-01-20,10.05,10.05,9.91,9.92,471965
2016-01-21,9.9,10.0,9.8,9.8,815890
2016-01-22,9.91,9.98,9.82,9.92,435015
2016-01-25,9.94,10.1,9.93,9.99,10687680
2016-01-26,9.99,10.0,9.95,9.97,234035
2016-01-27,9.97,10.05,9.92,9.99,208011
2016-01-28,9.98,10.05,9.93,10.0,356010
2016-01-29,10.05,10.15,10.0,10.1,1101998
2016-01-30,10.15,10.2,10.1,10.2,296503
2016-02-01,10.15,10.2,10.1,10.2,282143
2016-02-02,10.15,10.2,10.05,10.15,682837
2016-02-03,10.15,10.15,9.99,9.99,550565
2016-02-15,9.9,10.0,9.88,9.97,520978
2016-02-16,9.95,10.15,9.95,10.15,882050
2016-02-17,10.1,10.2,10.1,10.15,341203
2016-02-18,10.2,10.25,10.15,10.2,611725
2016-02-19,10.3,10.3,10.15,10.25,298124
2016-02-22,10.25,10.25,10.15,10.15,234665
2016-02-23,10.2,10.25,10.15,10.2,387265
2016-02-24,10.2,10.25,10.1,10.15,547042
2016-02-25,10.15,10.2,10.15,10.2,465595
2016-02-26,10.25,10.25,10.1,10.1,872554
2016-03-01,10.2,10.25,10.15,10.25,608879
2016-03-02,10.3,10.3,10.25,10.25,730899
2016-03-03,10.3,10.65,10.3,10.6,10364268
2016-03-04,10.65,10.8,10.6,10.8,1501971
2016-03-07,10.8,11.0,10.8,10.85,1569868
2016-03-08,10.95,11.0,10.75,10.9,1268326
2016-03-09,10.8,10.9,10.7,10.8,649153
2016-03-10,10.8,10.85,10.75,10.85,631409
2016-03-11,10.85,10.85,10.75,10.8,265480
2016-03-14,10.85,10.9,10.8,10.9,258173
2016-03-15,10.9,10.9,10.6,10.6,773827
2016-03-16,10.6,10.75,10.6,10.7,254123
2016-03-17,10.8,10.85,10.65,10.65,829374
2016-03-18,10.7,10.8,10.45,10.45,2028422
2016-03-21,10.5,10.7,10.45,10.7,1395632
2016-03-22,10.7,10.7,10.45,10.6,975958
2016-03-23,10.5,10.6,10.5,10.55,330450
2016-03-24,10.5,10.6,10.5,10.55,274624
2016-03-25,10.55,10.7,10.5,10.6,926227
2016-03-28,10.6,10.6,10.45,10.45,352313
2016-03-29,10.5,10.5,10.25,10.3,520908
2016-03-30,10.3,10.45,10.3,10.4,434853
2016-03-31,10.4,10.5,10.35,10.35,376993
2016-04-01,10.45,10.45,10.3,10.3,606696
2016-04-06,10.3,10.4,10.25,10.3,719376
2016-04-07,10.35,10.4,10.25,10.3,622776
2016-04-08,10.3,10.35,10.25,10.35,438864
2016-04-11,10.3,10.35,10.25,10.3,411873
2016-04-12,10.3,10.35,10.2,10.2,640670
2016-04-13,10.2,10.3,10.2,10.2,634580
2016-04-14,10.3,10.5,10.25,10.5,975729
2016-04-15,10.5,10.55,10.25,10.35,1524956
2016-04-18,10.35,10.5,10.35,10.45,642847
2016-04-19,10.5,10.55,10.35,10.35,417644
2016-04-20,10.45,10.5,10.2,10.3,738122
2016-04-21,10.3,10.35,10.15,10.15,1439736
2016-04-22,10.15,10.2,10.0,10.15,1402916
2016-04-25,10.15,10.2,10.05,10.15,484014
2016-04-26,10.1,10.2,10.1,10.2,462813
2016-04-27,10.2,10.2,10.05,10.1,637586
2016-04-28,10.15,10.15,10.05,10.1,284618
2016-04-29,10.05,10.1,9.98,10.05,660475
2016-05-03,10.0,10.05,9.97,10.0,460828
2016-05-04,10.0,10.0,9.91,9.91,499788
2016-05-05,9.97,10.0,9.91,9.93,400821
2016-05-06,9.98,9.98,9.9,9.97,418880
2016-05-09,9.98,9.98,9.82,9.88,410966
2016-05-10,9.88,9.94,9.83,9.9,251500
2016-05-11,9.93,9.98,9.89,9.95,417952
2016-05-12,9.95,9.95,9.81,9.86,305705
2016-05-13,9.85,9.92,9.77,9.85,597504
2016-05-16,9.83,9.86,9.78,9.84,366006
2016-05-17,9.88,9.88,9.7,9.82,748094
2016-05-18,9.8,9.8,9.7,9.75,609964
2016-05-19,9.71,9.77,9.61,9.61,790839
2016-05-20,9.6,9.61,9.5,9.53,766267
2016-05-23,9.57,9.66,9.5,9.66,697372
2016-05-24,9.65,9.69,9.63,9.64,426899
2016-05-25,9.65,9.73,9.62,9.67,791295
2016-05-26,9.66,9.71,9.64,9.7,339170
2016-05-27,9.7,9.75,9.68,9.75,594253
2016-05-30,9.77,9.81,9.72,9.8,407224
2016-05-31,9.8,9.81,9.7,9.7,1427785
2016-06-01,9.72,9.78,9.71,9.78,516608
2016-06-02,9.78,9.8,9.75,9.75,323078
2016-06-03,9.76,9.89,9.73,9.89,1040484
2016-06-04,9.9,9.92,9.87,9.87,399706
2016-06-06,9.9,9.9,9.76,9.79,342409
2016-06-07,9.79,9.82,9.73,9.81,417186
2016-06-08,9.82,9.82,9.73,9.76,832118
2016-06-13,9.7,9.76,9.62,9.66,567294
2016-06-14,9.6,9.66,9.6,9.62,522741
2016-06-15,9.65,9.68,9.61,9.64,321669
2016-06-16,9.64,9.66,9.61,9.61,385154
2016-06-17,9.63,9.88,9.6,9.88,1341499
2016-06-20,9.79,9.86,9.79,9.84,714483
2016-06-21,9.79,9.86,9.78,9.85,679847
2016-06-22,9.85,9.86,9.79,9.85,628089
2016-06-23,9.85,9.85,9.78,9.82,431624
2016-06-24,9.82,9.82,9.61,9.75,796362
2016-06-27,9.63,9.74,9.63,9.71,484434
2016-06-28,9.65,9.68,9.62,9.65,521905
2016-06-29,9.65,9.71,9.63,9.71,893532
2016-06-30,9.71,9.75,9.69,9.71,795386
2016-07-01,9.71,9.75,9.7,9.72,1287402
2016-07-04,9.72,9.79,9.71,9.74,1885194
2016-07-05,9.57,9.58,9.49,9.54,1164942
2016-07-06,9.54,9.54,9.45,9.46,678575
2016-07-07,9.46,9.49,9.45,9.46,407074
2016-07-11,9.5,9.57,9.5,9.52,860606
2016-07-12,9.52,9.52,9.47,9.49,525701
2016-07-13,9.51,9.53,9.48,9.5,895040
2016-07-14,9.5,9.56,9.48,9.56,1015441
2016-07-15,9.56,9.56,9.52,9.53,1161693
2016-07-18,9.58,10.05,9.53,10.05,5215160
2016-07-19,10.05,10.05,9.8,9.87,2872113
2016-07-20,9.8,9.82,9.68,9.7,1663928
2016-07-21,9.71,9.87,9.7,9.76,2452324
2016-07-22,9.77,9.8,9.66,9.68,1962195
2016-07-25,9.69,9.73,9.6,9.68,1157564
2016-07-26,9.68,9.68,9.56,9.62,1191711
2016-07-27,9.62,9.62,9.54,9.54,1718706
2016-07-28,9.56,9.59,9.52,9.58,1498911
2016-07-29,9.53,9.61,9.49,9.5,1730952
2016-08-01,9.5,9.55,9.46,9.47,1962940
2016-08-02,9.48,9.51,9.42,9.42,2018005
2016-08-03,9.41,9.41,9.35,9.4,2416157
2016-08-04,9.4,9.42,9.31,9.34,2806678
2016-08-05,9.33,9.48,9.32,9.47,2322079
2016-08-08,9.48,9.5,9.37,9.38,1434198
2016-08-09,9.41,9.42,9.33,9.36,1615639
2016-08-10,9.36,9.4,9.36,9.36,627339
2016-08-11,9.36,9.39,9.31,9.34,1334702
2016-08-12,9.34,9.39,9.32,9.35,1330890
2016-08-15,9.39,9.43,9.37,9.43,959190
2016-08-16,9.38,9.43,9.36,9.43,1084264
2016-08-17,9.43,9.43,9.35,9.4,744067
2016-08-18,9.4,9.4,9.33,9.34,1008537
2016-08-19,9.35,9.39,9.34,9.35,677134
2016-08-22,9.31,9.32,9.22,9.26,1121234
2016-08-23,9.3,9.36,9.28,9.35,997503
2016-08-24,9.35,9.36,9.28,9.3,927999
2016-08-25,9.32,9.32,9.26,9.3,1224583
2016-08-26,9.31,9.32,9.26,9.28,1002680
2016-08-29,9.3,9.3,9.13,9.13,2656952
2016-08-30,9.14,9.16,9.03,9.07,2767385
2016-08-31,9.09,9.09,9.03,9.03,1533734
2016-09-01,9.05,9.07,8.99,9.0,1508752
2016-09-02,9.02,9.05,9.0,9.01,1694948
2016-09-05,9.04,9.12,9.02,9.11,885430
2016-09-06,9.1,9.22,9.08,9.22,1510966
2016-09-07,9.22,9.3,9.22,9.29,2140922
2016-09-08,9.3,9.32,9.25,9.29,1455227
2016-09-09,9.28,9.28,9.18,9.26,1533823
2016-09-10,9.22,9.25,9.18,9.2,210241
2016-09-12,9.19,9.2,9.06,9.09,1569004
2016-09-13,9.11,9.11,9.0,9.02,1528532
2016-09-14,9.01,9.03,8.86,8.86,15736811
2016-09-19,8.92,9.0,8.92,8.93,2558922
2016-09-20,9.0,9.0,8.93,8.95,1116878
2016-09-21,9.0,9.08,8.95,9.07,2326961
2016-09-22,9.07,9.09,9.01,9.03,1212019
2016-09-23,9.05,9.09,9.01,9.01,2001647
2016-09-26,9.07,9.07,9.0,9.02,1150054
2016-09-29,9.07,9.07,9.04,9.05,647541
2016-09-30,9.07,9.24,9.06,9.21,4588330
2016-10-03,9.35,9.69,9.34,9.56,9749834
2016-10-04,9.56,9.6,9.45,9.57,2706157
2016-10-05,9.59,9.6,9.45,9.47,1677020
2016-10-06,9.5,9.5,9.41,9.43,1395849
2016-10-07,9.43,9.43,9.3,9.33,1457403
2016-10-11,9.35,9.38,9.26,9.27,1338192
2016-10-12,9.28,9.3,9.2,9.27,994800
2016-10-13,9.27,9.27,9.2,9.26,1061104
2016-10-14,9.24,9.26,9.15,9.17,1080000
2016-10-17,9.17,9.19,9.14,9.16,989130
2016-10-18,9.17,9.31,9.15,9.29,1019197
2016-10-19,9.3,9.31,9.23,9.26,1225381
2016-10-20,9.35,9.5,9.3,9.49,4536751
2016-10-21,9.59,9.6,9.35,9.35,4748217
2016-10-24,9.41,9.54,9.35,9.52,2353636
2016-10-25,9.52,9.54,9.41,9.43,1185657
2016-10-26,9.44,9.52,9.4,9.49,1009696
2016-10-27,9.5,9.5,9.4,9.45,766565
2016-10-28,9.45,9.45,9.34,9.36,1229173
2016-10-31,9.32,9.47,9.28,9.3,930829
2016-11-01,9.3,9.3,9.27,9.28,475060
2016-11-02,9.24,9.28,9.16,9.17,1044345
2016-11-03,9.16,9.25,9.16,9.17,844401
2016-11-04,9.13,9.21,9.13,9.17,428577
2016-11-07,9.18,9.25,9.16,9.21,839461
2016-11-08,9.19,9.24,9.15,9.19,571761
2016-11-09,9.2,9.23,9.0,9.01,2245206
2016-11-10,9.05,9.13,9.05,9.11,971333
2016-11-11,9.09,9.09,9.02,9.05,796163
2016-11-14,9.05,9.05,9.01,9.05,687016
2016-11-15,9.09,9.2,9.08,9.15,1089037
2016-11-16,9.2,9.4,9.2,9.31,2804328
2016-11-17,9.31,9.31,9.23,9.25,813499
2016-11-18,9.26,9.27,9.19,9.22,1099531
2016-11-21,9.23,9.26,9.21,9.26,880879
2016-11-22,9.26,9.28,9.21,9.21,1033501
2016-11-23,9.25,9.27,9.22,9.23,658687
2016-11-24,9.25,9.28,9.2,9.24,891344
2016-11-25,9.24,9.27,9.22,9.25,535097
2016-11-28,9.25,9.54,9.25,9.51,3933492
2016-11-29,9.5,9.5,9.4,9.41,1523097
2016-11-30,9.41,9.65,9.4,9.61,3447787
2016-12-01,9.59,9.6,9.5,9.55,2143831
2016-12-02,9.61,9.61,9.52,9.53,1724340
2016-12-05,9.6,9.6,9.43,9.43,1502979
2016-12-06,9.45,9.5,9.42,9.43,1244894
2016-12-07,9.44,9.5,9.43,9.48,805576
2016-12-08,9.5,9.59,9.5,9.58,2189626
2016-12-09,9.59,9.6,9.52,9.54,1144216
2016-12-12,9.56,9.72,9.56,9.62,2446330
2016-12-13,9.68,9.68,9.58,9.59,1276581
2016-12-14,9.6,9.62,9.5,9.55,996400
2016-12-15,9.55,9.55,9.42,9.53,998977
2016-12-16,9.53,9.87,9.48,9.81,14030511
2016-12-19,9.81,9.81,9.62,9.62,2767364
2016-12-20,9.65,9.7,9.58,9.7,1655067
2016-12-21,9.73,9.74,9.65,9.66,915620
2016-12-22,9.7,9.7,9.48,9.5,1630147
2016-12-23,9.48,9.54,9.46,9.49,522819
2016-12-26,9.5,9.57,9.45,9.46,515896
2016-12-27,9.45,9.5,9.36,9.39,1259820
2016-12-28,9.43,9.51,9.4,9.49,1093729
2016-12-29,9.51,9.67,9.51,9.62,2417066
2016-12-30,9.65,9.68,9.63,9.68,1257954
2017-01-03,9.68,9.72,9.68,9.71,1089908
2017-01-04,9.72,9.81,9.7,9.78,2411281
2017-01-05,9.88,10.75,9.88,10.75,31956020
2017-01-06,10.75,11.45,10.65,11.25,37484922
2017-01-09,11.25,11.3,10.9,10.95,8545093
2017-01-10,10.95,11.1,10.65,10.75,8304488
2017-01-11,10.85,10.95,10.7,10.85,4551408
2017-01-12,10.85,10.9,10.6,10.65,4745327
2017-01-13,10.65,10.85,10.55,10.65,3687696
2017-01-16,10.75,10.85,10.6,10.65,3271574
2017-01-17,10.7,11.1,10.65,11.05,9367359
2017-01-18,11.1,11.3,10.85,10.85,7870226
2017-01-19,10.85,10.95,10.65,10.7,3005156
2017-01-20,10.7,11.15,10.7,10.9,6822733
2017-01-23,10.95,11.05,10.85,10.9,3604548
2017-01-24,10.95,11.05,10.8,10.9,3147428
2017-02-02,10.95,11.05,10.75,10.85,3529208
2017-02-03,10.9,10.95,10.7,10.75,2978637
2017-02-06,10.9,10.9,10.8,10.85,3259078
2017-02-07,10.9,10.95,10.8,10.9,2354314
2017-02-08,10.9,10.9,10.75,10.85,2337318
2017-02-09,10.95,11.35,10.95,11.05,10575223
2017-02-10,11.15,11.2,10.9,10.9,6035177
2017-02-13,11.05,11.05,10.85,10.95,2288317
2017-02-14,11.0,11.1,10.85,10.9,2628466
2017-02-15,11.0,11.0,10.9,11.0,2889897
2017-02-16,11.1,11.1,10.9,10.95,3661964
2017-02-17,10.95,11.0,10.85,10.9,1524154
2017-02-18,11.0,11.0,10.85,10.85,1329904
2017-02-20,10.95,10.95,10.85,10.9,1361117
2017-02-21,11.2,11.95,11.2,11.95,31840241
2017-02-22,11.95,11.95,11.7,11.7,16024095
2017-02-23,11.7,11.8,11.5,11.5,5660156
2017-02-24,11.5,11.65,11.35,11.5,4934527
2017-03-01,11.45,11.7,11.45,11.5,3827762
2017-03-02,11.5,11.6,11.4,11.4,3585622
2017-03-03,11.6,12.25,11.6,11.95,24683443
2017-03-06,11.9,12.1,11.85,11.9,5713275
2017-03-07,11.95,12.7,11.95,12.4,24966037
2017-03-08,12.5,12.55,12.1,12.15,6093818
2017-03-09,12.25,12.5,11.9,11.95,8683202
2017-03-10,11.85,11.9,11.45,11.6,7266355
2017-03-13,12.15,12.4,11.85,11.85,9129145
2017-03-14,11.8,11.85,11.6,11.7,5041257
2017-03-15,11.8,11.8,11.6,11.7,2334679
2017-03-16,11.8,11.85,11.65,11.75,2147759
2017-03-17,11.7,11.85,11.6,11.85,3432066
2017-03-20,11.75,11.8,11.55,11.6,3328445
2017-03-21,11.6,11.65,11.45,11.55,3239216
2017-03-22,11.4,11.55,11.35,11.5,2662355
2017-03-23,11.65,11.7,11.45,11.55,2387493
2017-03-24,11.55,11.55,11.4,11.4,2503805
2017-03-27,11.4,11.5,10.95,10.95,5129399
2017-03-28,11.05,11.2,11.0,11.15,4550360
2017-03-29,11.1,11.15,11.0,11.05,4035804
2017-03-30,11.15,11.45,11.1,11.35,4482289
2017-03-31,11.45,11.8,11.35,11.55,16447831
2017-04-05,11.75,11.85,11.7,11.8,5930916
2017-04-06,11.85,11.9,11.65,11.85,2696237
2017-04-07,11.85,11.85,11.65,11.8,2791318
2017-04-10,11.8,11.8,11.6,11.7,2185029
2017-04-11,11.65,11.65,11.45,11.45,1841621
2017-04-12,11.4,11.65,11.15,11.65,4619392
2017-04-13,11.6,11.6,11.4,11.55,2228586
2017-04-14,11.5,11.5,11.2,11.2,2006699
2017-04-17,11.2,11.3,11.0,11.05,1828076
2017-04-18,11.15,11.25,11.1,11.25,1187258
2017-04-19,11.2,11.2,11.05,11.05,1078069
2017-04-20,11.05,11.2,11.0,11.15,1403976
2017-04-21,11.3,11.35,11.1,11.15,1005844
2017-04-24,11.1,11.35,11.0,11.2,1661860
2017-04-25,11.3,11.35,11.1,11.25,1069703
2017-04-26,11.3,11.3,11.05,11.1,860817
2017-04-27,11.0,11.0,10.7,10.8,3850195
2017-04-28,10.75,10.8,10.65,10.7,1316604
2017-05-02,10.7,10.8,10.6,10.6,1571321
2017-05-03,10.65,10.7,10.55,10.65,970979
2017-05-04,10.65,10.7,10.55,10.6,965761
2017-05-05,10.6,10.65,10.55,10.55,896209
2017-05-08,10.55,10.6,10.35,10.35,1089057
2017-05-09,10.35,10.4,10.05,10.05,1589014
2017-05-10,10.05,10.3,10.05,10.3,1609766
2017-05-11,10.3,10.3,10.15,10.15,649586
2017-05-12,10.15,10.25,10.15,10.2,605202
2017-05-15,10.2,10.3,10.2,10.3,1048666
2017-05-16,10.3,10.35,10.2,10.3,1377836
2017-05-17,10.25,10.25,10.05,10.2,1441192
2017-05-18,10.05,10.15,10.0,10.05,1659127
2017-05-19,10.05,10.05,9.95,9.95,1916774
2017-05-22,9.96,9.96,9.85,9.87,1894477
2017-05-23,9.87,9.87,9.77,9.84,1972075
2017-05-24,9.84,9.86,9.79,9.83,1983089
2017-05-25,9.85,10.3,9.85,10.2,4132496
2017-05-26,10.2,10.25,10.1,10.25,1487119
2017-05-31,10.2,10.2,10.0,10.2,2512011
2017-06-01,10.1,10.15,10.0,10.0,1254396
2017-06-02,10.05,10.15,10.0,10.1,966775
2017-06-03,10.1,10.15,10.0,10.1,953568
2017-06-05,10.05,10.4,10.05,10.15,7563236
2017-06-06,10.15,10.2,10.1,10.15,1216541
2017-06-07,10.25,10.25,10.15,10.15,1452514
2017-06-08,10.15,10.3,10.15,10.25,1806025
2017-06-09,10.25,10.25,10.1,10.15,1350218
2017-06-12,10.15,10.2,10.1,10.1,991604
2017-06-13,10.2,10.3,10.1,10.1,1692044
2017-06-14,10.1,10.2,10.0,10.0,1507683
2017-06-15,10.0,10.15,10.0,10.1,965842
2017-06-16,10.1,10.15,10.05,10.15,1001027
2017-06-19,9.84,9.91,9.67,9.85,8422503
2017-06-20,9.86,9.88,9.76,9.8,4420013
2017-06-21,9.75,9.76,9.61,9.7,5308515
2017-06-22,9.65,9.86,9.62,9.72,4092906
2017-06-23,9.72,9.91,9.71,9.86,5190643
2017-06-26,9.86,9.91,9.8,9.87,3831330
2017-06-27,9.9,9.93,9.8,9.84,2702860
2017-06-28,9.84,9.91,9.82,9.91,1233384
2017-06-29,9.9,9.92,9.84,9.85,1396472
2017-06-30,9.85,9.92,9.5,9.5,11846897
2017-07-03,9.62,9.81,9.59,9.77,3310234
2017-07-04,9.82,10.2,9.78,10.0,3829857
2017-07-05,10.2,10.2,9.97,10.15,1973201
2017-07-06,10.05,10.15,9.98,10.0,812905
2017-07-07,10.05,10.05,9.87,9.88,1018843
2017-07-10,9.9,9.94,9.81,9.83,1002923
2017-07-11,9.82,9.89,9.82,9.88,635351
2017-07-12,9.88,9.91,9.78,9.81,1635287
2017-07-13,9.89,9.91,9.78,9.9,863036
2017-07-14,9.91,9.95,9.84,9.95,1031660
2017-07-17,9.91,10.0,9.88,9.97,863772
2017-07-18,9.99,10.15,9.95,10.05,2737626
2017-07-19,10.1,10.15,9.99,10.0,1295705
2017-07-20,10.0,10.15,10.0,10.1,1198933
2017-07-21,10.15,10.15,10.05,10.05,1062132
2017-07-24,10.1,10.15,10.05,10.15,1269097
2017-07-25,10.1,10.15,10.05,10.15,927027
2017-07-26,10.15,10.15,9.97,10.05,1971057
2017-07-27,10.05,10.15,10.0,10.1,1028122
2017-07-28,10.15,10.15,10.05,10.1,896102
2017-07-31,10.05,10.35,10.05,10.25,2909180
2017-08-01,10.25,10.35,10.15,10.35,4127181
2017-08-02,10.35,10.4,10.25,10.3,1588100
2017-08-03,10.2,10.4,10.15,10.3,1419400
2017-08-04,10.3,10.8,10.3,10.7,7352847
2017-08-07,10.75,10.85,10.55,10.7,2830342
2017-08-08,10.7,10.8,10.6,10.8,2387323
2017-08-09,10.75,10.8,10.5,10.65,1928556
2017-08-10,10.65,10.65,10.2,10.2,2941391
2017-08-11,10.2,10.4,10.0,10.1,2886104
2017-08-14,10.15,10.2,9.91,9.95,2244473
2017-08-15,10.35,10.35,10.15,10.25,1991877
2017-08-16,10.25,10.7,10.25,10.65,4695529
2017-08-17,10.85,11.6,10.85,11.5,14703269
2017-08-18,11.3,11.3,11.1,11.3,5009126
2017-08-21,11.35,11.55,11.15,11.2,3073421
2017-08-22,11.25,11.35,11.2,11.25,1884576
2017-08-23,11.35,11.5,11.3,11.35,3614644
2017-08-24,11.45,11.6,11.3,11.55,4032041
2017-08-25,11.6,11.65,11.5,11.5,1914263
2017-08-28,11.6,11.9,11.6,11.85,7033134
2017-08-29,11.85,11.85,11.55,11.85,3293992
2017-08-30,11.9,12.1,11.8,11.9,5465729
2017-08-31,11.9,12.05,11.85,12.0,2447774
2017-09-01,12.0,12.1,11.9,12.05,3639419
2017-09-04,11.95,12.0,11.85,11.9,1861887
2017-09-05,11.9,12.05,11.85,12.0,3019929
2017-09-06,11.9,12.05,11.9,12.0,3134858
2017-09-07,12.0,12.2,12.0,12.05,4322288
2017-09-08,12.15,12.25,12.1,12.2,3538650
2017-09-11,12.3,12.55,12.25,12.5,7160061
2017-09-12,12.6,13.15,12.55,12.9,17509170
2017-09-13,12.9,13.1,12.75,13.0,7664804
2017-09-14,13.0,13.0,12.75,12.9,3750061
2017-09-15,12.9,13.05,12.85,13.05,4088240
2017-09-18,13.1,13.15,12.9,12.9,2852741
2017-09-19,12.95,13.05,12.65,12.7,3744730
2017-09-20,12.7,12.8,12.3,12.6,6645356
2017-09-21,12.6,12.9,12.6,12.85,2694539
2017-09-22,12.85,12.9,12.5,12.55,3099228
2017-09-25,12.55,12.7,12.35,12.5,2489450
2017-09-26,12.55,12.55,12.1,12.15,2278906
2017-09-27,12.1,12.3,12.1,12.15,1324893
2017-09-28,12.3,12.45,12.2,12.3,1959364
2017-09-29,12.4,12.4,12.0,12.2,2724409
2017-09-30,12.2,12.3,12.15,12.15,536301
2017-10-02,12.25,12.4,12.25,12.35,941140
2017-10-03,12.4,12.4,12.25,12.35,678216
2017-10-05,12.35,12.5,12.35,12.35,836034
2017-10-06,12.5,12.5,12.25,12.4,1302031
2017-10-11,12.4,12.6,12.1,12.45,4776718
2017-10-12,12.3,12.4,12.15,12.4,2711383
2017-10-13,12.35,12.45,12.25,12.25,2166326
2017-10-16,12.3,12.4,12.2,12.3,1140932
2017-10-17,12.35,12.35,12.2,12.2,981526
2017-10-18,12.2,12.25,12.15,12.25,661551
2017-10-19,12.25,12.25,12.15,12.25,967247
2017-10-20,12.25,12.25,12.05,12.05,1206898
2017-10-23,12.05,12.1,11.9,11.9,1322755
2017-10-24,11.9,12.1,11.9,11.95,1053254
2017-10-25,12.0,12.0,11.75,11.75,2680354
2017-10-26,11.75,11.85,11.6,11.7,1951378
2017-10-27,11.75,11.85,11.7,11.8,1026304
2017-10-30,11.85,11.9,11.75,11.75,926968
2017-10-31,11.85,11.95,11.75,11.8,1249809
2017-11-01,11.8,11.95,11.8,11.9,711309
2017-11-02,11.95,11.95,11.85,11.9,741848
2017-11-03,11.9,12.1,11.9,12.0,6112654
2017-11-06,12.0,12.05,11.9,11.95,824300
2017-11-07,11.95,12.2,11.95,12.0,2137291
2017-11-08,12.0,12.05,11.85,11.95,921699
2017-11-09,11.95,12.0,11.7,11.75,1334824
2017-11-10,11.75,11.8,11.75,11.8,592927
2017-11-13,11.85,12.2,11.75,12.1,3986557
2017-11-14,12.1,12.15,11.9,12.1,3262824
2017-11-15,12.55,12.7,12.35,12.35,14047575
2017-11-16,12.35,12.5,12.3,12.4,5003249
2017-11-17,12.5,12.6,12.35,12.4,4878445
2017-11-20,12.55,12.75,12.4,12.75,10969845
2017-11-21,12.7,12.85,12.6,12.8,7217656
2017-11-22,12.8,12.9,12.7,12.8,3753915
2017-11-23,12.8,12.9,12.75,12.8,2706614
2017-11-24,12.75,12.8,12.7,12.75,1747420
2017-11-27,12.75,13.1,12.75,12.95,9415602
2017-11-28,12.95,12.95,12.8,12.9,2407853
2017-11-29,12.9,12.95,12.5,12.55,6590210
2017-11-30,12.55,12.7,12.45,12.7,3365364
2017-12-01,12.75,12.85,12.55,12.6,2781878
2017-12-04,12.65,12.8,12.6,12.8,2365744
2017-12-05,12.8,12.95,12.65,12.65,2580752
2017-12-06,12.75,12.75,12.5,12.6,1654261
2017-12-07,12.6,12.65,12.3,12.4,2079456
2017-12-08,12.5,12.55,12.4,12.55,1170859
2017-12-11,12.6,12.65,12.45,12.55,1067401
2017-12-12,12.5,12.6,12.45,12.55,1370491
2017-12-13,12.5,12.55,12.4,12.45,1375971
2017-12-14,12.5,12.5,12.35,12.4,1330169
2017-12-15,12.4,12.6,12.15,12.6,4164716
2017-12-18,12.6,12.8,12.55,12.6,1931864
2017-12-19,12.65,12.75,12.55,12.55,1760507
2017-12-20,12.6,12.65,12.4,12.55,1633065
2017-12-21,12.5,12.55,12.3,12.35,3144770
2017-12-22,12.4,12.65,12.35,12.6,2910010
2017-12-25,12.65,12.7,12.55,12.55,1238571
2017-12-26,12.55,12.6,12.5,12.5,1378919
2017-12-27,12.65,13.65,12.65,13.45,24396659
2017-12-28,13.8,13.8,13.3,13.75,15248664
2017-12-29,13.9,14.4,13.9,13.95,26507991
2018-01-02,13.95,14.1,13.75,13.95,6984331
2018-01-03,14.05,14.3,13.8,13.8,7091311
2018-01-04,13.9,13.9,13.5,13.55,6485726
2018-01-05,13.6,13.65,13.35,13.55,4803703
2018-01-08,13.5,13.6,13.4,13.4,2656164
2018-01-09,13.5,13.75,13.35,13.6,6125702
2018-01-10,13.65,13.7,13.35,13.4,4046556
2018-01-11,13.45,13.45,13.15,13.2,4188761
2018-01-12,13.2,13.55,13.2,13.45,4202335
2018-01-15,13.5,13.55,13.4,13.45,1260487
2018-01-16,13.45,13.65,13.35,13.65,3442579
2018-01-17,13.6,13.8,13.6,13.75,4181020
2018-01-18,13.8,13.9,13.55,13.65,4444706
2018-01-19,13.65,13.65,13.45,13.45,2910711
2018-01-22,13.5,13.9,13.4,13.9,7687404
2018-01-23,13.85,13.9,13.6,13.75,3782746
2018-01-24,13.7,13.7,13.55,13.65,2630515
2018-01-25,13.6,13.7,13.35,13.4,4064976
2018-01-26,13.45,13.45,13.25,13.35,3255293
2018-01-29,13.45,13.95,13.35,13.95,9864857
2018-01-30,14.05,14.25,13.5,13.5,14787091
2018-01-31,13.5,13.95,13.5,13.6,6650522
2018-02-01,13.65,13.8,13.6,13.6,2742003
2018-02-02,13.75,13.85,13.65,13.7,4255652
2018-02-05,13.5,13.7,13.35,13.6,3756991
2018-02-06,13.35,13.35,12.4,12.5,7396941
2018-02-07,12.75,12.95,12.5,12.5,4070916
2018-02-08,12.5,12.7,12.5,12.65,2045264
2018-02-09,12.35,12.4,12.1,12.35,2979975
2018-02-12,12.55,12.6,12.4,12.45,2654885
2018-02-21,12.65,12.85,12.65,12.85,1986021
2018-02-22,12.85,12.85,12.7,12.75,1229024
2018-02-23,12.8,13.55,12.8,13.5,6513085
2018-02-26,14.7,14.7,14.25,14.5,26935457
2018-02-27,14.65,14.65,14.0,14.05,15455254
2018-03-01,14.1,14.4,14.1,14.25,7818040
2018-03-02,14.25,14.25,13.8,13.95,6672584
2018-03-05,14.1,14.25,13.9,13.9,4954459
2018-03-06,13.95,14.05,13.7,13.8,3025442
2018-03-07,13.8,13.9,13.65,13.7,2667392
2018-03-08,13.85,13.9,13.8,13.85,2370594
2018-03-09,13.95,14.0,13.8,13.9,2928839
2018-03-12,14.0,14.15,13.9,13.9,3794544
2018-03-13,13.9,13.9,13.75,13.85,3319186
2018-03-14,13.85,13.85,13.65,13.7,1915523
2018-03-15,13.65,13.7,13.6,13.7,1412984
2018-03-16,13.7,13.7,13.35,13.35,4597737
2018-03-19,13.4,13.6,13.4,13.5,2198448
2018-03-20,13.4,13.45,13.35,13.45,1296166
2018-03-21,13.45,13.45,13.3,13.3,2231850
2018-03-22,13.3,13.35,13.1,13.1,2121534
2018-03-23,12.75,12.85,12.65,12.75,4037750
2018-03-26,12.6,12.8,12.6,12.7,2474115
2018-03-27,12.9,13.0,12.85,12.95,1837184
2018-03-28,12.8,12.85,12.7,12.7,1795943
2018-03-29,12.9,13.0,12.85,12.95,2593043
2018-03-30,13.0,13.0,12.9,12.95,1852969
2018-03-31,12.95,12.95,12.8,12.9,724274
2018-04-02,12.9,12.95,12.65,12.7,2073239
2018-04-03,12.65,12.8,12.6,12.8,2005028
2018-04-09,12.8,13.1,12.8,13.05,2407175
2018-04-10,13.05,13.25,13.0,13.1,3599913
2018-04-11,13.25,13.35,13.15,13.2,4961236
2018-04-12,13.15,13.35,13.15,13.3,2017638
2018-04-13,13.3,13.35,13.15,13.2,1465977
2018-04-16,13.2,13.25,13.1,13.25,1543990
2018-04-17,13.6,13.6,13.2,13.25,3825528
2018-04-18,13.25,13.35,13.05,13.1,1167747
2018-04-19,13.15,13.2,13.05,13.1,1055285
2018-04-20,13.1,13.25,13.0,13.2,1706420
2018-04-23,13.1,13.15,12.85,12.85,1691442
2018-04-24,12.85,12.9,12.65,12.7,2359406
2018-04-25,12.6,12.75,12.45,12.65,2945551
2018-04-26,12.6,12.8,12.5,12.5,2421655
2018-04-27,12.6,12.8,12.55,12.6,1676340
2018-04-30,12.7,12.75,12.6,12.7,741863
2018-05-02,12.7,13.0,12.65,12.9,2376140
2018-05-03,12.85,12.9,12.7,12.7,1087829
2018-05-04,12.75,12.8,12.65,12.65,1020239
2018-05-07,12.8,12.8,12.65,12.75,737697
2018-05-08,12.85,12.95,12.8,12.95,1242268
2018-05-09,12.95,13.0,12.85,12.9,807885
2018-05-10,13.0,13.05,12.95,13.0,1715486
2018-05-11,13.1,13.2,12.95,13.1,2370262
2018-05-14,13.2,13.25,13.0,13.0,1844921
2018-05-15,13.0,13.05,12.85,12.95,898693
2018-05-16,12.75,12.9,12.7,12.85,3642428
2018-05-17,12.8,12.95,12.7,12.75,1805681
2018-05-18,12.8,12.85,12.75,12.75,1191690
2018-05-21,12.75,12.85,12.75,12.8,781659
2018-05-22,12.8,12.9,12.75,12.75,887578
2018-05-23,12.75,12.8,12.7,12.75,1553770
2018-05-24,12.75,12.8,12.7,12.7,1064673
2018-05-25,12.7,12.8,12.7,12.7,680829
2018-05-28,12.7,12.8,12.7,12.8,1436294
2018-05-29,12.8,12.95,12.8,12.9,2007960
2018-05-30,12.85,12.9,12.7,12.75,1252530
2018-05-31,12.75,13.05,12.75,13.05,2573272
2018-06-01,13.0,13.2,12.95,13.2,2583128
2018-06-04,13.35,13.45,13.15,13.25,4460644
2018-06-05,13.25,13.25,13.05,13.05,948220
2018-06-06,13.05,13.1,12.95,13.0,1398569
2018-06-07,13.05,13.05,12.95,12.95,757698
2018-06-08,12.95,13.0,12.85,12.85,735757
2018-06-11,12.85,12.95,12.8,12.85,596640
2018-06-12,12.85,12.9,12.8,12.8,1151395
2018-06-13,12.85,12.85,12.75,12.75,1127434
2018-06-14,12.75,12.8,12.55,12.6,2854461
2018-06-15,12.65,12.75,12.6,12.75,1204856
2018-06-19,12.75,12.75,12.45,12.5,1597625
2018-06-20,12.5,12.5,12.3,12.35,2141812
2018-06-21,12.35,12.45,12.25,12.25,1554990
2018-06-22,12.25,12.35,12.2,12.2,1378193
2018-06-25,12.25,12.3,12.15,12.2,1056377
2018-06-26,12.2,12.2,12.0,12.1,1835357
2018-06-27,12.2,12.25,12.1,12.15,597120
2018-06-28,12.1,12.25,12.0,12.05,1229985
2018-06-29,12.0,12.1,12.0,12.05,1611818
2018-07-02,12.05,12.15,12.0,12.0,996267
2018-07-03,12.0,12.05,11.75,11.85,1686529
2018-07-04,11.85,12.0,11.8,11.9,731289
2018-07-05,11.9,11.9,11.65,11.65,1344716
2018-07-06,11.7,11.75,11.5,11.55,1359801
2018-07-09,11.6,11.7,11.5,11.65,1464937
2018-07-10,11.65,11.8,11.65,11.7,2053168
2018-07-11,11.65,11.95,11.65,11.9,2113081
2018-07-12,11.45,11.55,11.4,11.55,915845
2018-07-13,11.6,11.6,11.5,11.55,851329
2018-07-16,11.6,11.6,11.45,11.5,642352
2018-07-17,11.55,11.75,11.5,11.6,2107600
2018-07-18,11.55,11.8,11.55,11.75,1060818
2018-07-19,11.75,11.8,11.65,11.65,421194
2018-07-20,11.65,11.7,11.65,11.7,651804
2018-07-23,11.7,11.7,11.5,11.55,900369
2018-07-24,11.65,11.65,11.5,11.6,555562
2018-07-25,11.65,11.7,11.6,11.7,557258
2018-07-26,11.75,11.75,11.65,11.7,704636
2018-07-27,11.75,11.95,11.7,11.9,2367719
2018-07-30,11.95,12.25,11.95,12.2,3240401
2018-07-31,12.2,12.25,12.0,12.1,1688367
2018-08-01,12.1,12.1,12.0,12.0,782819
2018-08-02,12.0,12.05,11.8,11.8,1147877
2018-08-03,11.85,11.9,11.8,11.9,374711
2018-08-06,11.9,12.05,11.9,11.95,743760
2018-08-07,11.95,12.0,11.85,11.95,378994
2018-08-08,12.0,12.0,11.85,11.9,499533
2018-08-09,11.9,11.95,11.85,11.9,241100
2018-08-10,11.9,12.0,11.85,11.85,602551
2018-08-13,11.8,11.85,11.6,11.7,1045098
2018-08-14,11.75,11.85,11.7,11.8,681461
2018-08-15,11.8,11.9,11.75,11.9,1285258
2018-08-16,11.85,11.9,11.75,11.8,1138050
2018-08-17,11.85,11.95,11.8,11.9,835920
2018-08-20,11.95,12.05,11.95,12.0,1367333
2018-08-21,12.0,12.1,11.95,12.05,922253
2018-08-22,12.05,12.35,12.05,12.25,3507557
2018-08-23,12.35,12.9,12.35,12.9,10194995
2018-08-24,12.9,12.9,12.55,12.65,3571234
2018-08-27,12.65,12.75,12.6,12.7,1489086
2018-08-28,12.7,12.7,12.45,12.5,1506248
2018-08-29,12.55,12.6,12.45,12.45,956641
2018-08-30,12.5,12.55,12.4,12.45,926540
2018-08-31,12.45,12.5,12.3,12.35,1125259
2018-09-03,12.35,12.4,12.25,12.25,964961
2018-09-04,12.25,12.35,12.25,12.35,371927
2018-09-05,12.3,12.35,12.25,12.25,1076853
2018-09-06,12.35,12.35,12.15,12.15,1101166
2018-09-07,12.2,12.3,12.1,12.2,696281
2018-09-10,12.2,12.2,11.6,11.75,3265223
2018-09-11,11.8,11.95,11.7,11.95,1018037
2018-09-12,11.95,12.15,11.95,12.15,1234414
2018-09-13,12.1,12.3,12.05,12.15,1244009
2018-09-14,12.3,12.5,12.25,12.45,1698752
2018-09-17,12.45,12.5,12.35,12.5,1411702
2018-09-18,12.45,12.45,12.3,12.35,643452
2018-09-19,12.45,12.5,12.35,12.45,757908
2018-09-20,12.5,12.5,12.2,12.2,903985
2018-09-21,12.25,12.4,12.2,12.2,1460885
2018-09-25,12.25,12.35,12.15,12.2,887990
2018-09-26,12.2,12.5,12.2,12.45,1195478
2018-09-27,12.45,12.6,12.4,12.55,3072172
2018-09-28,12.6,12.65,12.4,12.45,1496020
2018-10-01,12.5,12.6,12.45,12.55,705676
2018-10-02,12.5,12.5,12.4,12.4,718387
2018-10-03,12.4,12.45,12.3,12.35,617767
2018-10-04,12.35,12.35,12.2,12.25,925745
2018-10-05,12.2,12.2,11.8,11.95,2071662
2018-10-08,11.9,12.0,11.8,11.85,1093662
2018-10-09,11.95,12.3,11.9,12.3,3106763
2018-10-11,11.8,11.95,11.15,11.35,5998537
2018-10-12,11.1,11.35,11.1,11.2,3186424
2018-10-15,11.25,11.45,11.2,11.4,1113219
2018-10-16,11.45,11.5,11.2,11.3,1754689
2018-10-17,11.45,11.55,11.3,11.35,1249225
2018-10-18,11.55,11.55,11.25,11.35,908404
2018-10-19,11.35,11.8,11.1,11.8,9133542
2018-10-22,11.6,11.95,11.6,11.75,1586435
2018-10-23,11.7,11.8,11.55,11.55,1016339
2018-10-24,11.5,11.55,11.35,11.4,1160465
2018-10-25,11.25,11.3,11.1,11.15,1734973
2018-10-26,11.25,11.3,10.95,11.1,1032003
2018-10-29,11.15,11.15,11.0,11.05,532716
2018-10-30,11.05,11.2,11.0,11.2,571854
2018-10-31,11.2,11.4,11.2,11.2,1048161
2018-11-01,11.3,11.4,11.25,11.4,708941
2018-11-02,11.4,11.55,11.4,11.5,761890
2018-11-05,11.5,11.5,11.3,11.45,622890
2018-11-06,11.45,11.5,11.3,11.4,379053
2018-11-07,11.4,11.5,11.4,11.45,722388
2018-11-08,11.5,11.6,11.45,11.55,1100346
2018-11-09,11.6,11.6,11.3,11.45,882304
2018-11-12,11.4,11.5,11.35,11.4,493606
2018-11-13,11.25,11.45,11.25,11.45,767207
2018-11-14,11.45,11.6,11.35,11.45,909947
2018-11-15,11.45,11.45,11.3,11.4,1197916
2018-11-16,11.45,11.55,11.4,11.55,1330571
2018-11-19,11.55,11.65,11.5,11.65,619483
2018-11-20,11.55,11.6,11.5,11.5,335003
2018-11-21,11.35,11.45,11.35,11.45,286436
2018-11-22,11.45,11.5,11.4,11.4,179997
2018-11-23,11.4,11.5,11.4,11.45,369070
2018-11-26,11.45,11.6,11.4,11.5,667602
2018-11-27,11.45,11.5,11.4,11.4,676760
2018-11-28,11.4,11.6,11.4,11.55,677358
2018-11-29,11.6,11.6,11.5,11.5,1072767
2018-11-30,11.5,11.6,11.5,11.6,1263766
2018-12-03,11.65,11.75,11.6,11.7,1404867
2018-12-04,11.7,11.85,11.65,11.7,775912
2018-12-05,11.6,11.6,11.5,11.55,951153
2018-12-06,11.55,11.55,11.3,11.3,1205255
2018-12-07,11.4,11.45,11.35,11.45,643514
2018-12-10,11.45,11.45,11.25,11.3,985704
2018-12-11,11.35,11.8,11.35,11.65,3744948
2018-12-12,11.65,11.75,11.6,11.7,854979
2018-12-13,11.7,11.85,11.7,11.8,1328038
2018-12-14,11.75,11.75,11.6,11.6,743301
2018-12-17,11.6,11.7,11.55,11.6,729570
2018-12-18,11.55,11.55,11.35,11.4,1261168
2018-12-19,11.45,11.5,11.4,11.45,376981
2018-12-20,11.4,11.4,11.25,11.3,1000972
2018-12-21,11.25,11.35,11.2,11.2,1549403
2018-12-22,11.3,11.35,11.25,11.3,345596
2018-12-24,11.3,11.4,11.3,11.3,313698
2018-12-25,11.3,11.3,11.25,11.3,397410
2018-12-26,11.35,11.35,11.2,11.2,978019
2018-12-27,11.35,11.4,11.25,11.3,685813
2018-12-28,11.35,11.4,11.2,11.25,688418
2019-01-02,11.3,11.35,11.15,11.2,598845
2019-01-03,11.2,11.3,11.15,11.2,678020
2019-01-04,11.15,11.15,11.05,11.15,714311
2019-01-07,11.3,11.3,11.2,11.25,374695
2019-01-08,11.35,11.35,11.15,11.2,1214501
2019-01-09,11.25,11.35,11.25,11.3,1311170
2019-01-10,11.3,11.35,11.2,11.2,755161
2019-01-11,11.25,11.35,11.2,11.3,660056
2019-01-14,11.3,11.3,11.2,11.3,642833
2019-01-15,11.3,11.35,11.25,11.3,597833
2019-01-16,11.3,11.35,11.3,11.3,588296
2019-01-17,11.35,11.4,11.3,11.3,1001381
2019-01-18,11.35,11.5,11.35,11.4,1313437
2019-01-21,11.45,11.5,11.4,11.45,898281
2019-01-22,11.45,11.5,11.4,11.5,393990
2019-01-23,11.45,11.5,11.4,11.4,516278
2019-01-24,11.4,11.5,11.4,11.5,654002
2019-01-25,11.45,11.55,11.45,11.5,571844
2019-01-28,11.5,11.55,11.45,11.55,532156
2019-01-29,11.55,11.55,11.45,11.55,493927
2019-01-30,11.55,11.55,11.5,11.5,776518
2019-02-11,11.55,11.65,11.5,11.6,945142
2019-02-12,11.6,11.7,11.55,11.65,1262276
2019-02-13,11.7,11.85,11.65,11.8,1787115
2019-02-14,11.75,11.8,11.7,11.8,700708
2019-02-15,11.8,11.9,11.8,11.85,677651
2019-02-18,11.95,12.0,11.9,11.95,1244830
2019-02-19,12.0,12.1,11.9,12.05,3172518
2019-02-20,12.1,12.3,12.05,12.25,3594111
2019-02-21,12.25,12.25,12.05,12.1,1496657
2019-02-22,12.05,12.15,12.05,12.05,879687
2019-02-25,12.1,12.2,12.1,12.2,693881
2019-02-26,12.2,12.25,12.1,12.1,1128908
2019-02-27,12.15,12.2,12.05,12.15,666608
2019-03-04,12.15,12.15,12.0,12.0,1090178
2019-03-05,12.0,12.05,11.9,11.9,994284
2019-03-06,11.9,12.0,11.85,11.85,1007189
2019-03-07,11.9,11.9,11.8,11.8,989302
2019-03-08,11.8,12.0,11.75,11.95,1656283
2019-03-11,12.0,12.0,11.8,11.85,816522
2019-03-12,11.95,12.0,11.9,11.95,781615
2019-03-13,11.95,12.0,11.85,11.9,419284
2019-03-14,11.95,11.95,11.75,11.8,758672
2019-03-15,11.9,11.9,11.75,11.75,967354
2019-03-18,11.85,11.85,11.75,11.8,866672
2019-03-19,11.8,11.85,11.75,11.8,1290103
2019-03-20,11.8,11.9,11.8,11.85,820690
2019-03-21,11.85,11.9,11.8,11.85,859258
2019-03-22,11.9,11.9,11.75,11.85,1117033
2019-03-25,11.8,11.85,11.75,11.8,932117
2019-03-26,11.85,11.9,11.85,11.9,324248
2019-03-27,11.85,11.9,11.8,11.85,1322571
2019-03-28,11.8,11.85,11.75,11.8,952060
2019-03-29,11.8,11.9,11.8,11.85,1096880
2019-04-01,11.85,11.95,11.75,11.8,1383249
2019-04-02,11.85,11.9,11.8,11.85,712462
2019-04-03,11.85,11.85,11.8,11.85,414822
2019-04-08,11.9,11.95,11.8,11.9,1207499
2019-04-09,11.9,12.0,11.9,11.95,995955
2019-04-10,11.95,12.0,11.9,12.0,1136350
2019-04-11,11.95,12.0,11.9,11.95,848752
2019-04-12,11.95,12.0,11.9,11.9,426316
2019-04-15,11.95,11.95,11.9,11.95,522065
2019-04-16,11.95,11.95,11.85,11.9,674470
2019-04-17,11.9,11.95,11.85,11.95,885554
2019-04-18,11.95,11.95,11.8,11.8,1379157
2019-04-19,11.9,11.9,11.8,11.9,409567
2019-04-22,11.9,11.9,11.85,11.9,363215
2019-04-23,11.85,11.9,11.8,11.85,438433
2019-04-24,11.85,11.95,11.85,11.95,808895
2019-04-25,11.95,11.95,11.9,11.9,304358
2019-04-26,11.85,11.9,11.8,11.85,483374
2019-04-29,11.85,11.9,11.85,11.85,288554
2019-04-30,11.85,11.9,11.85,11.9,374279
2019-05-02,11.9,11.95,11.85,11.9,594595
2019-05-03,11.9,11.95,11.85,11.9,588168
2019-05-06,11.9,11.95,11.7,11.75,1164565
2019-05-07,11.8,11.85,11.75,11.8,463064
2019-05-08,11.75,11.8,11.7,11.75,704662
2019-05-09,11.75,11.8,11.65,11.7,845855
2019-05-10,11.7,11.75,11.6,11.65,577993
2019-05-13,11.65,11.65,11.4,11.5,1384868
2019-05-14,11.4,11.55,11.3,11.55,975235
2019-05-15,11.55,11.65,11.5,11.65,1270549
2019-05-16,11.6,11.6,11.5,11.5,746193
2019-05-17,11.55,11.55,11.35,11.45,1828389
2019-05-20,11.5,11.6,11.45,11.5,807176
2019-05-21,11.5,11.6,11.45,11.5,532993
2019-05-22,11.5,11.6,11.5,11.55,482776
2019-05-23,11.55,11.55,11.4,11.45,689090
2019-05-24,11.55,11.65,11.5,11.6,905018
2019-05-27,11.6,11.7,11.55,11.6,1141859
2019-05-28,11.65,11.7,11.6,11.7,1684131
2019-05-29,11.65,11.65,11.6,11.65,500793
2019-05-30,11.65,11.75,11.6,11.75,719251
2019-05-31,11.7,11.8,11.65,11.8,618252
2019-06-03,11.7,11.75,11.6,11.75,887853
2019-06-04,11.75,11.75,11.65,11.75,512643
2019-06-05,11.8,11.8,11.7,11.75,480165
2019-06-06,11.75,11.75,11.6,11.6,673641
2019-06-10,11.65,11.75,11.65,11.7,206008
2019-06-11,11.7,11.75,11.65,11.75,347075
2019-06-12,11.7,11.7,11.65,11.7,517482
2019-06-13,11.7,11.75,11.65,11.75,544187
2019-06-14,11.7,11.7,11.65,11.65,448999
2019-06-17,11.7,11.7,11.6,11.65,729042
2019-06-18,11.65,11.7,11.6,11.65,572954
2019-06-19,11.7,11.8,11.6,11.75,1667495
2019-06-20,11.75,11.95,11.75,11.9,2333615
2019-06-21,11.9,11.95,11.75,11.75,1383015
2019-06-24,11.75,11.85,11.75,11.8,1047802
2019-06-25,11.8,11.9,11.8,11.8,1031600
2019-06-26,11.8,11.9,11.8,11.9,1130020
2019-06-27,11.95,11.95,11.85,11.9,1399392
2019-06-28,11.9,11.95,11.85,11.9,1321430
2019-07-01,11.95,12.0,11.9,11.95,2129320
2019-07-02,11.95,12.0,11.85,11.9,1568558
2019-07-03,11.9,12.0,11.8,11.9,2032871
2019-07-04,11.95,11.95,11.85,11.9,1224061
2019-07-05,11.95,12.1,11.95,12.05,2500909
2019-07-08,12.05,12.25,12.05,12.2,3070911
2019-07-09,12.2,12.35,12.2,12.3,3431681
2019-07-10,12.4,12.5,12.4,12.5,4251285
2019-07-11,12.5,12.6,12.45,12.6,3708530
2019-07-12,12.6,12.6,12.5,12.5,3659922
2019-07-15,12.5,12.6,12.3,12.55,5299819
2019-07-16,12.0,12.05,11.95,11.95,2062805
2019-07-17,11.95,12.2,11.9,12.1,3088909
2019-07-18,12.05,12.1,11.9,11.9,1542247
2019-07-19,11.9,11.9,11.8,11.9,1325668
2019-07-22,11.95,12.0,11.8,11.85,1017425
2019-07-23,11.9,11.9,11.65,11.7,1596325
2019-07-24,11.65,11.7,11.55,11.6,1531185
2019-07-25,11.65,11.7,11.5,11.6,831200
2019-07-26,11.6,11.65,11.5,11.65,682960
2019-07-29,11.65,11.65,11.55,11.6,880290
2019-07-30,11.65,11.65,11.55,11.6,905782
2019-07-31,11.6,11.65,11.55,11.6,1235632
2019-08-01,11.55,11.6,11.45,11.5,1055799
2019-08-02,11.5,11.5,11.35,11.5,1454161
2019-08-05,11.45,11.5,11.3,11.3,1114051
2019-08-06,11.15,11.25,11.05,11.25,817239
2019-08-07,11.2,11.3,11.2,11.2,509594
2019-08-08,11.15,11.4,11.15,11.35,588331
2019-08-12,11.35,11.4,11.3,11.35,575818
2019-08-13,11.3,11.4,11.25,11.3,767718
2019-08-14,11.3,11.4,11.25,11.3,608478
2019-08-15,11.25,11.35,11.2,11.3,891662
2019-08-16,11.4,11.45,11.3,11.35,1041915
2019-08-19,11.45,11.6,11.45,11.5,1831599
2019-08-20,11.55,11.6,11.5,11.6,864801
2019-08-21,11.6,11.65,11.55,11.6,1516107
2019-08-22,11.6,11.6,11.5,11.6,990181
2019-08-23,11.6,11.6,11.5,11.5,664736
2019-08-26,11.45,11.5,11.35,11.4,578318
2019-08-27,11.5,11.5,11.35,11.35,978004
2019-08-28,11.4,11.45,11.35,11.35,649345
2019-08-29,11.4,11.45,11.35,11.45,294742
2019-08-30,11.45,11.55,11.45,11.55,395119
2019-09-02,11.55,11.6,11.5,11.6,256369
2019-09-03,11.6,11.65,11.55,11.55,478393
2019-09-04,11.55,11.65,11.55,11.6,495130
2019-09-05,11.65,11.7,11.6,11.65,471026
2019-09-06,11.7,11.75,11.65,11.7,676658
2019-09-09,11.7,11.85,11.7,11.8,1054792
2019-09-10,11.9,12.0,11.8,11.9,2094402
2019-09-11,11.85,11.85,11.7,11.7,1282675
2019-09-12,11.75,11.85,11.65,11.7,1275080
2019-09-16,11.8,11.9,11.8,11.85,730885
2019-09-17,11.9,11.95,11.8,11.85,1535001
2019-09-18,11.9,11.9,11.8,11.9,977061
2019-09-19,11.95,11.95,11.8,11.85,509418
2019-09-20,11.85,11.9,11.75,11.75,1185972
2019-09-23,11.8,11.9,11.75,11.8,407152
2019-09-24,11.85,11.85,11.75,11.8,333280
2019-09-25,11.8,11.9,11.7,11.8,1142304
2019-09-26,11.85,11.9,11.75,11.8,735631
2019-09-27,11.8,11.85,11.6,11.65,1100859
2019-10-01,11.65,11.7,11.6,11.7,543272
2019-10-02,11.7,11.7,11.6,11.6,294970
2019-10-03,11.55,11.65,11.5,11.65,575230
2019-10-04,11.6,11.65,11.5,11.6,618695
2019-10-07,11.7,11.7,11.6,11.65,386739
2019-10-08,11.65,11.75,11.6,11.65,415859
2019-10-09,11.7,11.7,11.55,11.6,627179
2019-10-14,11.65,11.7,11.55,11.65,1160031
2019-10-15,11.6,11.65,11.55,11.6,806768
2019-10-16,11.6,11.65,11.55,11.6,1148384
2019-10-17,11.65,11.75,11.6,11.7,901119
2019-10-18,11.7,11.75,11.6,11.7,2732929
2019-10-21,11.75,11.85,11.65,11.75,1591542
2019-10-22,11.8,11.9,11.8,11.9,1536281
2019-10-23,11.9,11.9,11.75,11.8,938529
2019-10-24,11.8,11.85,11.8,11.85,653084
2019-10-25,11.95,12.15,11.9,12.05,4198308
2019-10-28,12.1,12.2,12.05,12.1,1602900
2019-10-29,12.15,12.15,11.95,12.0,943969
2019-10-30,12.0,12.05,11.95,12.0,745126
2019-10-31,12.0,12.0,11.9,11.95,862897
2019-11-01,11.95,12.0,11.9,11.95,374461
2019-11-04,11.95,12.1,11.95,12.1,1506879
2019-11-05,12.1,12.15,12.05,12.1,690113
2019-11-06,12.1,12.1,12.0,12.0,572755
2019-11-07,12.0,12.1,11.95,12.1,676437
2019-11-08,12.1,12.1,12.0,12.1,677096
2019-11-11,12.1,12.1,11.9,12.0,870109
2019-11-12,11.95,12.0,11.8,11.9,954855
2019-11-13,11.85,12.0,11.8,11.95,930929
2019-11-14,11.95,12.0,11.9,12.0,794889
2019-11-15,12.5,12.65,12.45,12.55,8145755
2019-11-18,12.55,12.65,12.5,12.65,3229156
2019-11-19,12.65,12.75,12.55,12.75,3512168
2019-11-20,12.75,12.85,12.7,12.85,2605469
2019-11-21,12.8,12.85,12.7,12.75,1564431
2019-11-22,12.75,12.85,12.7,12.75,1160609
2019-11-25,12.85,13.0,12.85,12.95,2366243
2019-11-26,12.95,13.15,12.95,13.15,4383854
2019-11-27,13.25,13.3,13.15,13.2,2882323
2019-11-28,13.25,13.25,13.0,13.05,1702448
2019-11-29,13.0,13.1,12.9,12.95,1942569
2019-12-02,12.95,13.1,12.9,12.95,1176254
2019-12-03,12.9,13.0,12.85,12.9,1177977
2019-12-04,12.9,12.95,12.8,12.9,1565834
2019-12-05,12.95,13.0,12.8,12.9,1099250
2019-12-06,12.95,13.0,12.85,12.85,1062400
2019-12-09,12.9,13.0,12.9,12.95,1191327
2019-12-10,12.95,13.0,12.9,13.0,818149
2019-12-11,13.05,13.1,12.95,13.05,1289276
2019-12-12,13.05,13.1,13.0,13.05,987926
2019-12-13,13.2,13.2,13.05,13.1,1478759
2019-12-16,13.1,13.45,13.1,13.4,5016877
2019-12-17,13.55,13.65,13.5,13.6,4176630
2019-12-18,13.65,13.85,13.55,13.85,6134705
2019-12-19,13.9,14.0,13.8,13.95,4734967
2019-12-20,13.95,13.95,13.5,13.5,3545806
2019-12-23,13.6,13.8,13.45,13.55,2926550
2019-12-24,13.55,13.6,13.3,13.35,2645941
2019-12-25,13.4,13.5,13.35,13.45,1744339
2019-12-26,13.45,13.65,13.45,13.55,2396540
2019-12-27,13.5,13.6,13.5,13.6,1808644
2019-12-30,13.6,13.65,13.5,13.5,1188008
2019-12-31,13.5,13.5,13.4,13.45,1547157
2020-01-02,13.55,13.65,13.5,13.6,1922491
2020-01-03,13.6,13.65,13.45,13.55,1855504
2020-01-06,13.45,13.45,13.25,13.3,2100821
2020-01-07,13.4,13.4,13.0,13.15,2864953
2020-01-08,13.1,13.25,13.05,13.1,976969
2020-01-09,13.15,13.2,13.05,13.15,1074830
2020-01-10,13.2,13.2,13.1,13.2,1010561
2020-01-13,13.2,13.25,13.15,13.2,807605
2020-01-14,13.25,13.3,13.2,13.2,929000
2020-01-15,13.2,13.25,13.1,13.15,1051884
2020-01-16,13.2,13.25,13.15,13.2,951668
2020-01-17,13.2,13.25,13.15,13.2,754781
2020-01-20,13.2,13.3,13.15,13.25,1775746
2020-01-30,12.85,14.2,12.75,13.55,20206887
2020-01-31,13.6,13.75,12.95,13.1,6442219
2020-02-03,12.95,13.1,12.65,12.75,3560369
2020-02-04,12.8,12.9,12.75,12.85,2315090
2020-02-05,12.95,13.4,12.9,12.95,6755176
2020-02-06,13.05,13.3,13.0,13.25,3474973
2020-02-07,13.4,14.0,13.35,13.95,17297797
2020-02-10,13.95,13.95,13.45,13.5,10929659
2020-02-11,13.5,13.5,13.3,13.45,4197399
2020-02-12,13.5,13.5,13.35,13.4,2377001
2020-02-13,13.4,13.45,13.3,13.3,2646749
2020-02-14,13.35,13.5,13.35,13.4,2241849
2020-02-17,13.35,13.45,13.25,13.35,1227545
2020-02-18,13.35,13.45,13.3,13.35,1279844
2020-02-19,13.4,13.65,13.35,13.6,4212608
2020-02-20,13.65,13.8,13.5,13.5,3113149
2020-02-21,13.6,13.7,13.55,13.65,3255094
2020-02-24,13.65,14.0,13.65,13.85,8640092
2020-02-25,13.8,13.95,13.6,13.6,4019611
2020-02-26,13.7,14.65,13.65,14.25,30865223
2020-02-27,14.5,14.7,13.9,13.9,20650271
2020-03-02,13.6,13.85,13.5,13.55,7503973
2020-03-03,13.8,13.95,13.7,13.75,6528238
2020-03-04,13.85,13.9,13.6,13.7,3127082
2020-03-05,13.8,13.8,13.65,13.65,3296220
2020-03-06,13.65,13.7,13.45,13.5,3156093
2020-03-09,13.4,13.4,12.85,12.9,5458912
2020-03-10,12.55,12.95,12.55,12.9,6392622
2020-03-11,12.9,13.0,12.6,12.75,3111180
2020-03-12,12.65,12.65,11.95,12.05,5777756
2020-03-13,11.1,11.5,11.0,11.45,7086002
2020-03-16,11.5,11.55,11.1,11.15,3450254
2020-03-17,10.75,11.2,10.75,10.9,5166908
2020-03-18,11.05,11.25,10.7,10.8,4937085
2020-03-19,10.8,10.8,10.0,10.25,5991949
2020-03-20,10.7,10.95,10.5,10.7,5666778
2020-03-23,11.15,11.45,10.9,11.1,10615318
2020-03-24,11.3,11.5,11.2,11.25,5131990
2020-03-25,11.4,11.6,11.35,11.4,5429891
2020-03-26,11.5,11.9,11.45,11.9,5346703
2020-03-27,12.05,12.05,11.7,11.7,7458922
2020-03-30,11.55,11.65,11.35,11.6,2061686
2020-03-31,11.75,11.75,11.5,11.55,2217842
2020-04-01,11.6,11.7,11.55,11.65,1820105
2020-04-06,11.65,11.65,11.5,11.65,2777681
2020-04-07,11.75,11.85,11.65,11.65,2424500
2020-04-08,11.65,11.95,11.6,11.8,3903640
2020-04-09,11.95,12.0,11.8,11.9,2840335
2020-04-10,11.95,12.05,11.9,11.95,2249323
2020-04-13,11.9,11.95,11.8,11.85,2339619
2020-04-14,11.9,12.0,11.9,12.0,2814157
2020-04-15,12.05,12.2,12.0,12.15,3705964
2020-04-16,12.05,12.15,12.05,12.05,3420419
2020-04-17,12.15,12.25,12.0,12.0,3054524
2020-04-20,12.05,12.1,11.95,12.05,1165501
2020-04-21,12.05,12.1,11.65,11.75,3327919
2020-04-22,11.75,11.9,11.65,11.8,1740161
2020-04-23,11.85,11.95,11.8,11.95,1668610
2020-04-24,11.9,11.95,11.85,11.9,842088
2020-04-27,12.0,12.2,11.95,12.1,2854503
2020-04-28,12.2,12.5,12.2,12.35,3651802
2020-04-29,12.45,12.6,12.35,12.6,3679256
2020-04-30,12.7,12.8,12.6,12.8,2818910
2020-05-04,12.65,12.65,12.35,12.5,2755167
2020-05-05,12.6,12.7,12.5,12.6,2866265
2020-05-06,12.65,12.7,12.5,12.5,2315382
2020-05-07,12.6,12.7,12.5,12.65,1471574
2020-05-08,12.65,12.7,12.6,12.65,1300614
2020-05-11,12.7,12.9,12.6,12.75,3165600
2020-05-12,12.85,12.85,12.65,12.75,2685908
2020-05-13,12.7,12.8,12.65,12.75,1284392
2020-05-14,12.7,12.9,12.65,12.75,2811762
2020-05-15,13.0,13.2,12.8,13.0,4699866
2020-05-18,13.1,13.35,13.05,13.35,4207570
2020-05-19,13.45,13.55,13.25,13.35,3551268
2020-05-20,13.35,13.35,13.2,13.25,1775161
2020-05-21,13.25,13.45,13.25,13.25,2432997
2020-05-22,13.3,13.35,13.15,13.15,2279421
2020-05-25,13.15,13.2,12.9,13.0,3255049
2020-05-26,13.1,13.35,13.05,13.15,3194921
2020-05-27,13.25,13.45,13.25,13.4,3913668
2020-05-28,13.5,13.9,13.45,13.5,6920021
2020-05-29,13.55,13.6,13.2,13.2,4118417
2020-06-01,13.3,13.5,13.3,13.45,2354123
2020-06-02,13.5,13.5,13.25,13.4,1488892
2020-06-03,13.45,13.6,13.45,13.5,2672811
2020-06-04,13.65,13.7,13.45,13.5,3428359
2020-06-05,13.6,13.7,13.5,13.7,3309126
2020-06-08,13.75,14.0,13.65,13.8,5497403
2020-06-09,13.9,13.95,13.75,13.8,2604316
2020-06-10,13.8,13.85,13.65,13.75,1918753
2020-06-11,13.6,13.7,13.3,13.35,4029963
2020-06-12,13.05,13.25,13.0,13.25,1605398
2020-06-15,13.5,14.25,13.5,13.75,14536200
2020-06-16,13.95,14.2,13.65,14.05,10661046
2020-06-17,14.15,14.15,13.8,13.9,4690225
2020-06-18,14.05,14.45,13.95,14.1,12924453
2020-06-19,14.1,14.1,13.85,13.85,4583509
2020-06-22,13.9,14.05,13.85,13.85,3633702
2020-06-23,14.0,14.05,13.75,13.75,3974699
2020-06-24,13.85,13.85,13.7,13.75,1782236
2020-06-29,13.7,13.75,13.6,13.65,2620443
2020-06-30,13.7,13.85,13.7,13.8,1778048
2020-07-01,13.8,14.0,13.75,13.95,2877172
2020-07-02,14.0,14.2,13.9,14.15,6285823
2020-07-03,14.2,14.25,14.1,14.15,4145457
2020-07-06,14.2,14.45,14.15,14.4,6438967
2020-07-07,14.5,14.5,14.25,14.35,3734857
2020-07-08,14.4,14.45,14.3,14.45,2787486
2020-07-09,14.5,14.6,14.4,14.45,3961997
2020-07-10,14.45,14.5,14.1,14.3,2855317
2020-07-13,14.3,14.6,14.3,14.5,7409594
2020-07-14,14.45,14.6,14.3,14.3,10527721
2020-07-15,13.8,13.95,13.7,13.9,7721295
2020-07-16,13.9,14.05,13.75,13.9,3854775
2020-07-17,13.9,13.9,13.6,13.65,3227797
2020-07-20,13.65,13.85,13.55,13.85,1825970
2020-07-21,13.9,14.0,13.75,13.9,4194711
2020-07-22,14.0,14.35,13.9,14.0,8285288
2020-07-23,14.0,14.05,13.85,13.95,1699000
2020-07-24,13.95,13.95,13.65,13.65,3032100
2020-07-27,13.65,13.75,13.4,13.45,4088014
2020-07-28,13.4,13.45,13.25,13.3,3076337
2020-07-29,13.3,13.75,13.3,13.6,2631045
2020-07-30,13.75,13.9,13.65,13.7,3515610
2020-07-31,13.6,13.7,13.55,13.65,1732778
2020-08-03,13.6,13.7,13.55,13.65,1627213
2020-08-04,13.7,13.75,13.6,13.65,1155689
2020-08-05,13.75,13.8,13.7,13.75,1269040
2020-08-06,13.8,13.9,13.75,13.8,2311977
2020-08-07,13.8,13.9,13.75,13.85,2426957
2020-08-10,13.85,14.15,13.85,14.1,4494049
2020-08-11,14.2,14.2,14.0,14.05,2572987
2020-08-12,14.15,14.25,14.1,14.25,2859670
2020-08-13,14.35,14.7,14.2,14.4,9125833
2020-08-14,14.45,14.85,14.45,14.75,11092141
2020-08-17,15.55,16.2,15.2,16.2,21693056
2020-08-18,16.25,16.6,15.7,15.85,18194337
2020-08-19,15.85,16.75,15.85,16.75,13873355
2020-08-20,16.6,16.6,15.5,16.0,12933268
2020-08-21,16.2,16.4,16.05,16.35,4948330
2020-08-24,16.45,17.0,16.3,16.55,11812826
2020-08-25,16.55,16.8,16.45,16.7,4824141
2020-08-26,16.75,17.4,16.65,17.15,10354102
2020-08-27,17.3,17.35,16.95,17.25,9347679
2020-08-28,17.3,18.7,17.25,18.1,20898390
2020-08-31,18.2,18.8,18.1,18.3,13705152
2020-09-01,18.4,19.15,18.3,18.85,13802491
2020-09-02,18.9,19.05,18.2,18.5,10778429
2020-09-03,18.3,18.65,18.0,18.55,6136755
2020-09-04,18.25,18.4,18.0,18.25,6037794
2020-09-07,18.3,18.9,18.25,18.5,6972962
2020-09-08,18.5,18.7,18.35,18.6,4399067
2020-09-09,18.5,18.85,18.25,18.7,6381691
2020-09-10,18.85,18.9,18.35,18.5,4152307
2020-09-11,18.5,18.5,17.75,17.75,8654940
2020-09-14,17.85,18.3,17.7,17.85,7420610
2020-09-15,18.0,18.3,17.85,18.3,7628740
2020-09-16,18.3,18.45,18.05,18.45,4870509
2020-09-17,18.6,18.65,18.3,18.4,4358350
2020-09-18,18.4,18.7,18.4,18.7,4908081
2020-09-21,18.7,18.9,18.2,18.25,5420585
2020-09-22,18.25,18.25,17.65,17.7,5735573
2020-09-23,17.75,17.9,17.35,17.45,4325609
2020-09-24,17.0,17.35,16.65,16.8,6052164
2020-09-25,16.9,17.15,16.6,16.8,3935855
2020-09-28,16.8,17.3,16.8,17.15,3169341
2020-09-29,17.3,17.35,16.95,17.1,3287029
2020-09-30,17.05,17.3,17.0,17.2,1918309
2020-10-05,17.15,17.7,17.15,17.6,2336189
2020-10-06,17.75,17.9,17.6,17.85,2218066
2020-10-07,17.7,17.9,17.65,17.9,2279052
2020-10-08,18.0,18.0,17.75,18.0,2959362
2020-10-12,18.1,18.35,18.05,18.3,3625048
2020-10-13,18.4,18.4,18.05,18.25,2675893
2020-10-14,18.25,18.3,18.05,18.1,2828287
2020-10-15,18.1,18.2,17.95,18.05,2323198
2020-10-16,18.1,18.45,18.0,18.2,4696907
2020-10-19,18.3,18.35,18.05,18.1,2307718
2020-10-20,18.05,18.2,17.9,18.2,2496419
2020-10-21,18.2,18.55,18.15,18.5,5114689
2020-10-22,18.45,19.1,18.15,18.4,15307461
2020-10-23,18.55,18.7,18.4,18.7,4248387
2020-10-26,18.9,20.55,18.85,19.95,26088594
2020-10-27,19.9,20.3,19.6,19.8,13040004
2020-10-28,19.95,20.1,19.7,19.8,5475668
2020-10-29,19.3,19.95,19.2,19.9,6100531
2020-10-30,20.0,20.45,19.4,19.4,8718570
2020-11-02,19.6,20.2,19.55,20.2,6780812
2020-11-03,20.2,20.4,20.0,20.1,4369672
2020-11-04,20.2,20.2,19.85,20.15,2972535
2020-11-05,20.2,20.9,20.2,20.25,8702946
2020-11-06,20.25,20.6,20.2,20.6,4798525
2020-11-09,20.65,21.6,20.65,21.4,8539036
2020-11-10,21.4,21.4,20.2,20.25,9170630
2020-11-11,20.15,21.1,20.15,20.95,5468993
2020-11-12,21.0,21.0,20.45,20.65,4539686
2020-11-13,21.8,22.7,21.7,22.35,44313455
2020-11-16,22.15,23.45,21.8,23.15,23360121
2020-11-17,23.15,23.5,22.5,22.95,14596915
2020-11-18,22.7,23.2,22.65,23.05,7567907
2020-11-19,22.9,23.2,22.8,22.9,4887733
2020-11-20,22.9,23.05,22.8,23.05,4496328
2020-11-23,23.0,23.2,22.9,23.0,5222889
2020-11-24,23.0,23.15,22.9,23.0,4611700
2020-11-25,23.1,23.45,22.95,23.4,5190652
2020-11-26,23.55,24.3,23.5,23.7,6769115
2020-11-27,23.65,23.9,23.6,23.9,3728444
2020-11-30,24.15,24.8,23.8,23.8,10005193
2020-12-01,23.95,24.5,23.85,24.45,6292836
2020-12-02,24.3,24.3,23.6,23.65,8391799
2020-12-03,23.35,24.1,23.3,23.9,4374879
2020-12-04,23.8,24.0,23.65,23.75,3974964
2020-12-07,23.8,23.85,23.25,23.25,4708927
2020-12-08,23.2,23.7,23.15,23.55,3209644
2020-12-09,23.7,23.95,23.65,23.9,2543963
2020-12-10,23.9,24.3,23.65,23.65,5058679
2020-12-11,24.05,24.45,23.7,24.4,7608701
2020-12-14,24.4,24.85,24.15,24.45,6736918
2020-12-15,24.4,25.35,24.2,24.9,8622614
2020-12-16,24.95,26.15,24.8,25.15,19428646
2020-12-17,25.15,25.25,24.6,24.6,6276191
2020-12-18,24.9,24.95,24.3,24.7,6342114
2020-12-21,24.7,25.3,24.55,25.15,4385243
2020-12-22,25.2,26.4,24.95,25.3,13257975
2020-12-23,25.45,25.95,25.1,25.9,5814691
2020-12-24,26.1,26.2,25.6,25.75,4471749
2020-12-25,25.75,26.1,25.65,25.7,2921757
2020-12-28,26.85,28.25,26.8,28.25,15595172
2020-12-29,29.9,30.5,28.55,28.7,32948695
2020-12-30,28.9,30.7,28.9,29.35,21377860
2020-12-31,29.65,29.9,28.8,29.45,8173441
2021-01-04,29.45,29.75,29.0,29.3,7842734
2021-01-05,29.3,29.3,28.05,28.4,8076620
2021-01-06,28.6,28.7,27.15,27.75,10260700
2021-01-07,27.9,28.1,27.2,27.4,7296626
2021-01-08,27.5,27.55,27.1,27.25,8042471
2021-01-11,27.2,27.45,26.9,27.25,4895305
2021-01-12,27.85,27.95,27.0,27.2,6984030
2021-01-13,27.3,27.45,27.15,27.25,4139132
2021-01-14,27.4,27.45,26.55,26.8,5756480
2021-01-15,26.7,26.8,25.3,25.35,12290906
2021-01-18,25.15,25.7,24.4,25.3,7821789
2021-01-19,25.35,25.65,25.1,25.5,5963131
2021-01-20,25.5,25.5,24.15,24.25,7412607
2021-01-21,24.4,25.4,24.4,24.8,5564302
2021-01-22,25.05,25.05,24.35,24.6,4585040
2021-01-25,24.6,25.0,24.35,24.95,3146468
2021-01-26,24.95,24.95,24.3,24.3,3143669
2021-01-27,24.35,24.65,24.2,24.25,2647708
2021-01-28,24.05,24.5,23.65,23.75,4752851
2021-01-29,23.9,24.15,23.2,23.4,3828633
2021-02-01,23.4,24.0,23.4,23.7,3142039
2021-02-02,23.7,24.5,23.7,24.35,3554071
2021-02-03,24.25,24.35,23.85,24.25,3078871
2021-02-04,24.0,24.2,24.0,24.1,2856442
2021-02-05,24.2,24.7,24.2,24.35,3507746
2021-02-17,25.55,26.0,25.2,25.9,7606181
2021-02-18,26.35,26.7,26.05,26.5,6559721
2021-02-19,26.5,26.6,26.0,26.55,3984303
2021-02-22,26.55,26.95,26.4,26.7,4036391
2021-02-23,26.8,27.9,26.75,27.7,6837937
2021-02-24,27.7,27.7,26.6,26.65,7469655
2021-02-25,26.85,27.2,26.85,27.05,3028499
2021-02-26,26.75,27.6,26.45,27.25,6567334
2021-03-02,27.75,28.45,27.0,27.05,13424802
2021-03-03,27.15,28.1,27.05,28.0,9709135
2021-03-04,27.9,28.9,27.7,28.85,13630529
2021-03-05,29.0,29.2,28.05,28.3,15843963
2021-03-08,28.7,29.25,28.35,28.55,8559619
2021-03-09,28.9,29.9,28.75,29.7,18025286
2021-03-10,29.75,29.75,28.9,29.65,10741465
2021-03-11,29.45,30.25,29.45,29.6,8456472
2021-03-12,30.0,30.1,29.4,29.9,6050263
2021-03-15,29.9,29.9,29.3,29.35,5293917
2021-03-16,29.5,29.5,28.75,29.05,7923782
2021-03-17,29.1,29.2,28.8,29.2,4331460
2021-03-18,29.15,29.3,28.95,29.0,3241036
2021-03-19,28.95,29.25,28.8,28.95,3602265
2021-03-22,28.8,28.9,28.5,28.8,4537081
2021-03-23,28.9,28.9,28.5,28.55,2854647
2021-03-24,28.35,29.15,28.3,28.95,3966015
2021-03-25,29.05,29.95,28.9,29.5,12273120
2021-03-26,29.9,30.3,29.55,29.6,9767187
2021-03-29,30.2,31.8,30.1,30.95,19389215
2021-03-30,31.05,31.7,31.0,31.25,10079127
2021-03-31,31.6,31.95,31.0,31.5,9394578
2021-04-01,31.5,31.55,30.85,31.25,7162741
2021-04-06,31.4,31.7,31.0,31.55,6956142
2021-04-07,31.6,31.95,31.45,31.6,4342886
2021-04-08,31.7,33.6,31.7,33.2,13079335
2021-04-09,33.4,33.4,31.4,31.5,15749906
2021-04-12,32.3,34.65,32.3,34.65,23536207
2021-04-13,36.0,37.8,35.65,37.1,55591319
2021-04-14,37.55,38.0,35.85,38.0,32385597
2021-04-15,38.5,40.4,37.6,38.35,49368342
2021-04-16,38.3,39.1,37.7,38.85,16560277
2021-04-19,39.0,39.95,38.5,39.2,18836942
2021-04-20,39.1,39.7,38.05,38.4,14626809
2021-04-21,38.2,39.4,37.9,38.7,13561545
2021-04-22,39.0,39.7,37.2,37.85,20717529
2021-04-23,37.85,38.55,37.25,38.45,9971963
2021-04-26,38.75,39.15,38.35,39.1,12225329
2021-04-27,39.15,39.2,38.55,39.0,8218534
2021-04-28,39.15,39.95,38.55,39.15,12872862
2021-04-29,39.25,39.4,37.6,38.0,13530182
2021-05-03,38.0,38.15,36.5,36.55,11726149
2021-05-04,36.55,36.95,33.65,35.0,12414874
2021-05-05,34.95,36.8,34.5,35.8,5897383
2021-05-06,36.0,36.8,35.0,35.55,5617219
2021-05-07,36.15,36.2,34.5,35.85,5485835
2021-05-10,36.45,38.25,36.3,37.3,18071986
2021-05-11,37.3,39.45,35.25,36.1,33746603
2021-05-12,37.0,37.0,32.5,32.55,17254524
2021-05-13,31.0,33.15,30.0,32.5,11790884
2021-05-14,32.9,33.2,31.2,31.65,13137785
2021-05-17,30.2,30.95,28.8,29.6,12280218
2021-05-18,30.25,32.55,29.85,32.55,11780615
2021-05-19,32.7,34.3,32.65,33.75,11444218
2021-05-20,33.05,34.15,32.7,33.15,5196079
2021-05-21,33.5,34.95,32.4,34.2,8412823
2021-05-24,33.9,36.2,33.6,35.5,11623559
2021-05-25,36.1,36.85,34.6,35.85,14398419
2021-05-26,35.9,36.35,35.2,35.9,10521438
2021-05-27,36.4,38.65,36.25,37.7,26681181
2021-05-28,37.95,38.55,37.5,37.75,16028405
2021-05-31,38.1,39.1,37.8,38.25,14328438
2021-06-01,38.4,39.15,38.1,39.1,11654414
2021-06-02,39.4,43.0,39.1,43.0,56044097
2021-06-03,44.25,47.3,44.0,47.3,76496728
2021-06-04,49.45,51.0,46.0,46.05,80710958
2021-06-07,47.4,50.6,47.15,50.6,102175419
2021-06-08,51.0,51.8,48.05,49.1,76926944
2021-06-09,48.25,49.0,45.0,45.45,43191844
2021-06-10,45.45,46.0,43.4,45.5,23421194
2021-06-11,46.15,49.3,45.5,45.6,76442510
2021-06-15,45.9,46.05,43.65,44.95,27778110
2021-06-16,44.9,45.35,43.95,43.95,13199698
2021-06-17,43.95,46.3,43.7,44.3,28551906
2021-06-18,44.3,44.3,43.2,43.25,15468744
2021-06-21,42.8,44.7,42.3,44.45,30498739
2021-06-22,45.65,47.15,44.3,44.45,63344335
2021-06-23,45.45,46.3,43.75,44.0,29341179
2021-06-24,44.8,45.2,44.0,44.95,12270501
2021-06-25,45.45,45.45,44.2,44.3,12096436
2021-06-28,44.6,44.7,43.0,44.0,16214005
2021-06-29,44.55,45.15,43.8,43.8,14609447
2021-06-30,44.05,46.15,43.55,45.7,40728751
2021-07-01,45.9,47.9,45.0,45.6,57976049
2021-07-02,46.0,46.75,44.2,44.8,25959659
2021-07-05,45.0,45.15,44.0,44.5,9658325
2021-07-06,44.95,46.0,44.5,44.7,15576476
2021-07-07,45.2,47.6,44.9,45.25,54737654
2021-07-08,45.8,46.05,44.3,44.7,16537370
2021-07-09,44.55,45.1,43.7,43.75,10765759
2021-07-12,44.0,44.15,41.85,42.1,18818798
2021-07-13,42.7,42.75,40.5,40.9,17926953
2021-07-14,41.15,41.65,40.2,41.25,9776629
2021-07-15,41.3,42.35,40.75,42.15,9468419
2021-07-16,41.4,41.85,40.8,41.3,11100460
2021-07-19,40.95,41.95,40.55,41.7,7114921
2021-07-20,41.0,41.45,40.6,40.75,5974798
2021-07-21,41.1,41.4,38.9,39.25,13489082
2021-07-22,39.4,39.95,39.1,39.35,5235393
2021-07-23,40.15,41.3,39.9,40.85,8605734
2021-07-26,40.95,41.05,39.75,39.9,5682842
2021-07-27,39.9,40.2,39.0,39.0,4386001
2021-07-28,38.8,39.5,36.4,38.85,8356601
2021-07-29,39.1,40.3,39.1,40.0,4686774
2021-07-30,39.75,40.4,39.55,39.75,2755761
2021-08-02,39.75,40.0,38.5,39.6,5146387
2021-08-03,39.35,39.85,39.25,39.75,1973323
2021-08-04,39.65,40.15,39.1,39.3,3458756
2021-08-05,39.3,39.5,38.6,38.7,5764281
2021-08-06,38.7,39.75,38.6,39.5,3451298
2021-08-09,39.95,39.95,39.05,39.2,2793575
2021-08-10,38.8,38.9,37.6,37.8,5572929
2021-08-11,37.1,38.35,37.1,37.7,4139947
2021-08-12,38.0,39.3,37.7,38.2,7524500
2021-08-13,38.2,38.5,37.75,38.3,3532999
2021-08-16,38.3,38.3,35.8,36.05,7005085
2021-08-17,35.95,35.95,34.6,34.6,8270408
2021-08-18,34.2,35.85,33.45,35.6,7778642
2021-08-19,35.35,36.1,34.1,34.1,4578906
2021-08-20,34.1,35.2,33.7,34.65,4870564
2021-08-23,34.95,35.9,34.85,35.65,3087385
2021-08-24,36.2,36.3,35.3,36.1,3223048
2021-08-25,36.45,36.9,35.85,36.25,3680386
2021-08-26,36.25,37.25,36.05,37.0,4769688
2021-08-27,37.0,37.4,36.55,37.05,3442598
2021-08-30,37.2,37.25,36.1,36.25,3746109
2021-08-31,36.1,36.45,35.65,35.85,3628420
2021-09-01,35.85,36.5,35.8,35.8,2235371
2021-09-02,35.8,35.95,35.1,35.2,2317851
2021-09-03,35.35,35.95,35.2,35.3,1763456
2021-09-06,35.3,35.3,34.3,34.65,2419888
2021-09-07,34.4,35.4,34.4,34.7,1652186
2021-09-08,34.6,34.9,33.85,33.85,2396710
2021-09-09,33.9,34.9,33.9,34.8,2802200
2021-09-10,35.0,35.25,34.6,34.85,1565875
2021-09-13,34.85,35.4,34.55,35.2,1967964
2021-09-14,35.3,35.3,34.2,34.25,3697948
2021-09-15,34.3,34.75,34.2,34.2,2605521
2021-09-16,34.45,34.45,33.95,34.0,1494819
2021-09-17,34.25,34.25,32.95,32.95,6145153
2021-09-22,32.3,33.35,32.05,32.9,3516390
2021-09-23,33.35,33.35,32.7,33.3,2067379
2021-09-24,33.95,36.2,33.45,33.55,16219771
2021-09-27,34.35,36.9,34.35,36.9,35074648
2021-09-28,38.05,38.65,36.15,36.3,50071050
2021-09-29,35.8,35.8,34.05,34.1,14654946
2021-09-30,34.3,34.8,34.0,34.15,8746582
2021-10-01,34.1,34.1,32.4,32.85,8820735
2021-10-04,33.35,33.45,31.5,31.5,6190356
2021-10-05,31.2,31.65,30.55,31.5,4520911
2021-10-06,31.6,31.65,30.25,30.25,5603211
2021-10-07,30.5,31.35,30.25,31.25,4070897
2021-10-08,31.2,31.55,30.8,30.95,3289451
2021-10-12,30.85,31.4,30.75,30.8,3529666
2021-10-13,31.35,31.7,30.55,30.55,3277912
2021-10-14,30.85,31.3,30.5,30.95,2222882
2021-10-15,31.3,31.8,30.85,31.4,2829596
2021-10-18,32.0,32.55,31.25,31.55,5504945
2021-10-19,31.55,31.95,31.35,31.35,2832038
2021-10-20,31.6,31.95,31.0,31.0,2866116
2021-10-21,31.1,31.95,31.1,31.6,5606862
2021-10-22,31.9,31.9,31.05,31.2,3074263
2021-10-25,31.2,31.75,31.0,31.55,1525597
2021-10-26,31.55,31.9,31.5,31.65,2365215
2021-10-27,31.6,31.95,31.35,31.45,1719755
2021-10-28,31.45,31.45,31.1,31.2,1895296
2021-10-29,31.25,32.2,31.25,32.0,4279613
2021-11-01,32.65,33.1,31.95,32.35,6370660
2021-11-02,32.6,33.25,32.4,32.55,7027629
2021-11-03,32.75,32.95,32.5,32.75,2630500
2021-11-04,32.9,33.25,32.5,32.5,2549872
2021-11-05,32.5,32.55,32.0,32.5,2114456
2021-11-08,32.55,33.3,32.55,33.25,3312143
2021-11-09,33.4,33.6,32.9,33.25,2692114
2021-11-10,33.5,34.2,33.25,33.7,5300434
2021-11-11,33.55,33.85,33.2,33.65,2887877
2021-11-12,33.5,33.95,33.0,33.1,5085525
2021-11-15,33.25,33.6,32.55,33.45,4138649
2021-11-16,33.5,33.75,33.1,33.2,3518504
2021-11-17,33.3,33.4,32.7,33.05,4259517
2021-11-18,33.2,35.5,33.2,35.25,21248225
2021-11-19,35.0,35.1,33.55,33.8,14261238
2021-11-22,34.25,34.25,33.65,33.8,4102821
2021-11-23,33.9,34.05,33.2,33.3,4085345
2021-11-24,33.45,34.25,33.4,34.2,4074206
2021-11-25,34.2,35.0,34.2,34.75,6278520
2021-11-26,34.7,34.7,33.65,34.3,5913403
2021-11-29,34.0,34.05,33.05,33.85,4573344
2021-11-30,34.15,35.2,34.15,34.55,8900184
2021-12-01,34.4,34.9,33.9,34.65,3484008
2021-12-02,34.7,34.85,34.3,34.4,3605115
2021-12-03,34.5,35.3,34.4,34.9,4839231
2021-12-06,34.9,34.95,34.45,34.6,2589587
2021-12-07,34.8,35.2,34.35,35.1,4510945
2021-12-08,35.2,35.5,34.6,34.85,6017647
2021-12-09,35.0,35.15,34.7,34.9,2167890
2021-12-10,34.8,34.85,34.3,34.6,2209303
2021-12-13,34.6,34.7,34.2,34.5,2315832
2021-12-14,35.1,36.9,33.75,33.75,19988920
2021-12-15,34.0,34.35,33.4,33.8,4328992
2021-12-16,34.25,34.25,33.5,33.5,2646703
2021-12-17,33.5,34.05,33.5,33.6,3192463
2021-12-20,33.75,34.05,33.4,33.4,2214256
2021-12-21,33.7,33.9,33.35,33.8,1455599
2021-12-22,33.95,34.05,33.8,33.85,1239330
2021-12-23,34.0,34.35,33.85,34.25,2455131
2021-12-24,34.45,35.75,34.4,35.6,11409106
2021-12-27,36.1,37.2,36.0,36.15,21247721
2021-12-28,36.15,36.4,35.5,36.1,7817523
2021-12-29,36.1,36.1,35.65,35.8,3094439
2021-12-30,35.95,35.95,35.5,35.55,2454574
2022-01-03,35.65,35.7,34.8,34.8,3714193
2022-01-04,35.0,35.05,34.4,34.45,2927885
2022-01-05,34.45,34.7,34.0,34.1,2891395
2022-01-06,34.25,34.65,34.15,34.25,2027872
2022-01-07,34.6,34.7,34.1,34.2,1858426
2022-01-10,34.05,34.65,34.0,34.65,1503223
2022-01-11,34.6,34.9,34.3,34.4,1784786
2022-01-12,34.4,34.6,34.3,34.6,1264939
2022-01-13,34.75,35.2,34.75,35.1,3071953
2022-01-14,35.1,35.2,34.65,34.8,2342578
2022-01-17,34.8,34.85,34.45,34.55,1257440
2022-01-18,34.6,34.85,34.4,34.45,1125691
2022-01-19,34.4,34.4,33.6,33.9,3405135
2022-01-20,33.9,34.2,33.65,34.15,1164259
2022-01-21,34.0,34.0,33.4,33.4,2059444
2022-01-24,33.3,33.4,32.7,33.4,1872144
2022-01-25,33.05,33.05,32.7,32.7,1915361
2022-01-26,32.65,32.95,32.65,32.85,1160280
2022-02-07,32.85,34.4,32.85,34.4,3429597
2022-02-08,34.6,34.6,34.15,34.4,4235263
2022-02-09,34.6,34.9,34.5,34.8,2578849
2022-02-10,34.9,35.3,34.75,35.3,3294862
2022-02-11,35.0,35.2,34.9,35.0,1327152
2022-02-14,34.65,34.7,34.35,34.5,1373037
2022-02-15,34.4,34.75,34.4,34.45,1195034
2022-02-16,34.6,34.8,34.5,34.65,1043945
2022-02-17,34.6,35.05,34.6,34.8,1698968
2022-02-18,34.6,35.0,34.6,34.9,828744
2022-02-21,34.9,35.5,34.8,35.4,3041626
2022-02-22,35.35,35.35,34.35,34.75,2613106
2022-02-23,34.7,34.95,34.5,34.75,913846
2022-02-24,34.6,35.0,34.05,34.2,2703427
2022-02-25,34.4,34.7,33.6,33.6,2679593
2022-03-01,33.7,34.15,33.7,34.0,1493329
2022-03-02,33.85,34.2,33.7,34.05,1116549
2022-03-03,34.25,34.25,34.0,34.1,962887
2022-03-04,33.95,34.1,33.8,33.9,1089946
2022-03-07,33.55,33.55,32.8,32.95,2572285
2022-03-08,32.35,32.85,31.85,32.0,2882090
2022-03-09,32.15,32.4,32.0,32.4,1620995
2022-03-10,32.85,33.5,32.75,33.4,1848418
2022-03-11,33.4,33.85,33.05,33.3,1993077
2022-03-14,33.25,34.1,33.25,33.85,1729979
2022-03-15,33.8,34.0,33.1,33.1,1818653
2022-03-16,32.95,33.0,31.8,32.1,6113613
2022-03-17,32.4,32.7,32.25,32.4,1973431
2022-03-18,32.4,32.7,32.4,32.6,1040250
2022-03-21,32.7,33.3,32.7,33.25,1549928
2022-03-22,33.15,33.55,33.0,33.3,1178466
2022-03-23,33.5,33.5,33.15,33.3,1328591
2022-03-24,33.3,33.45,33.05,33.4,790617
2022-03-25,33.2,33.65,33.2,33.4,816755
2022-03-28,33.6,34.0,33.4,33.9,2208314
2022-03-29,34.25,34.25,33.7,34.1,1425042
2022-03-30,34.1,34.2,33.9,34.1,1400317
2022-03-31,34.1,34.3,34.0,34.2,2622427
2022-04-01,34.2,34.2,33.8,34.0,1181352
2022-04-06,34.25,34.25,33.6,33.65,1154843
2022-04-07,33.5,33.65,33.0,33.0,1484573
2022-04-08,33.05,33.2,32.95,33.05,840511
2022-04-11,33.2,33.25,32.55,32.6,1389207
2022-04-12,32.4,32.45,32.05,32.15,1114188
2022-04-13,32.2,32.5,32.15,32.45,764005
2022-04-14,32.45,32.45,32.25,32.4,693466
2022-04-15,32.4,32.4,32.1,32.2,920128
2022-04-18,32.25,32.7,32.2,32.25,1104235
2022-04-19,32.4,32.7,32.4,32.7,662365
2022-04-20,32.7,32.75,32.4,32.5,603523
2022-04-21,32.75,33.05,32.55,32.95,840629
2022-04-22,32.7,32.85,32.55,32.7,636614
2022-04-25,32.25,32.3,31.75,31.8,1619527
2022-04-26,31.85,32.0,31.7,31.95,713518
2022-04-27,31.4,31.4,30.85,31.05,1794747
2022-04-28,31.05,31.3,31.0,31.25,953636
2022-04-29,31.25,31.5,31.25,31.25,617822
2022-05-03,31.4,34.3,31.4,32.45,8136090
2022-05-04,32.5,32.65,31.8,31.85,1903956
2022-05-05,32.0,32.2,31.65,31.75,866789
2022-05-06,31.05,31.4,31.0,31.1,1115551
2022-05-09,30.9,31.15,30.55,30.55,1246288
2022-05-10,30.65,31.0,30.65,30.75,1539954
2022-05-11,30.6,30.6,29.8,29.8,2038607
2022-05-12,29.7,29.7,28.15,28.3,3179262
2022-05-13,28.3,28.45,28.0,28.35,1827275
2022-05-16,27.55,27.55,26.05,26.25,8437703
2022-05-17,26.5,26.8,26.3,26.35,2738597
2022-05-18,26.35,27.2,26.35,27.05,4887863
2022-05-19,26.5,26.65,26.0,26.45,2727785
2022-05-20,26.55,26.95,26.5,26.85,1463003
2022-05-23,27.2,27.2,26.8,26.95,748368
2022-05-24,27.0,27.1,26.6,26.6,1060265
2022-05-25,26.75,26.75,26.35,26.6,1287883
2022-05-26,26.95,27.25,26.85,26.9,1961541
2022-05-27,27.1,27.4,26.9,27.35,1315136
2022-05-30,27.5,28.3,27.5,28.15,2159389
2022-05-31,28.15,28.75,27.65,28.75,3203258
2022-06-01,28.25,28.55,28.1,28.2,1341839
2022-06-02,28.0,28.05,27.85,27.95,679338
2022-06-06,28.0,28.05,27.55,27.55,1286626
2022-06-07,27.6,27.65,27.05,27.05,1407361
2022-06-08,27.3,27.45,27.1,27.35,1001766
2022-06-09,27.3,27.45,27.15,27.4,805932
2022-06-10,27.1,27.2,27.0,27.2,708659
2022-06-13,26.9,26.9,26.5,26.6,1402960
2022-06-14,26.5,26.65,26.25,26.6,1329982
2022-06-15,26.55,27.35,26.55,27.25,1596835
2022-06-16,27.7,27.7,26.7,26.75,1498770
2022-06-17,25.85,26.55,25.85,26.1,2393788
2022-06-20,26.45,26.7,25.4,25.45,1981080
2022-06-21,25.7,26.55,25.7,26.5,1621236
2022-06-22,26.5,26.6,25.8,26.0,1039520
2022-06-23,26.05,26.45,25.65,26.1,1327613
2022-06-24,26.15,26.8,26.15,26.7,1320159
2022-06-27,26.75,26.95,26.6,26.8,1234960
2022-06-28,26.95,26.95,26.45,26.6,589140
2022-06-29,26.4,26.5,26.15,26.2,568033
2022-06-30,26.2,26.25,25.35,25.45,2914105
2022-07-01,25.5,25.55,24.35,24.4,2638335
2022-07-04,24.4,24.9,24.2,24.3,1373304
2022-07-05,24.85,25.2,24.2,24.9,1363651
2022-07-06,25.0,25.2,24.5,24.65,873518
2022-07-07,24.45,24.9,24.2,24.8,1003040
2022-07-08,24.8,24.95,24.5,24.6,1181557
2022-07-11,24.7,24.85,24.25,24.4,631943
2022-07-12,24.15,24.15,23.25,23.45,2176627
2022-07-13,23.7,24.1,23.55,23.95,2450500
2022-07-14,23.85,24.3,23.5,24.2,3002700
2022-07-15,22.65,22.65,21.85,22.05,4210271
2022-07-18,22.35,23.1,22.05,22.9,2423646
2022-07-19,22.8,23.75,22.7,23.45,2174103
2022-07-20,23.55,23.75,23.25,23.4,1348053
2022-07-21,23.45,23.8,23.2,23.55,811598
2022-07-22,23.5,23.75,23.4,23.75,871386
2022-07-25,23.75,24.15,23.7,24.0,945549
2022-07-26,23.95,24.15,23.9,23.9,522821
2022-07-27,23.95,24.1,23.7,24.0,623473
2022-07-28,24.0,24.15,23.95,24.0,408479
2022-07-29,24.15,24.35,24.0,24.1,530061
2022-08-01,24.15,24.3,24.05,24.2,568691
2022-08-02,24.2,24.2,23.45,23.5,1684480
2022-08-03,23.4,23.75,23.4,23.55,402978
2022-08-04,23.75,23.75,22.9,23.15,923341
2022-08-05,23.0,23.45,23.0,23.3,504829
2022-08-08,23.25,23.25,22.9,23.1,978915
2022-08-09,23.0,23.35,23.0,23.35,785090
2022-08-10,23.1,23.35,23.0,23.15,928753
2022-08-11,23.45,23.95,23.45,23.7,1196421
2022-08-12,23.8,24.0,23.7,23.8,508340
2022-08-15,23.7,23.9,23.55,23.75,817704
2022-08-16,23.95,24.75,23.65,23.65,2397306
2022-08-17,23.85,23.9,23.6,23.7,1114106
2022-08-18,23.85,24.8,23.65,24.55,3688744
2022-08-19,24.75,24.8,24.35,24.7,1346025
2022-08-22,24.9,26.0,24.85,25.4,4300842
2022-08-23,25.4,25.4,24.65,24.65,1916067
2022-08-24,24.75,24.95,24.65,24.75,667421
2022-08-25,24.8,25.0,24.6,24.65,903680
2022-08-26,24.8,24.85,24.65,24.85,567735
2022-08-29,24.2,24.25,24.0,24.15,1188729
2022-08-30,24.05,24.5,24.05,24.2,690199
2022-08-31,24.3,24.75,24.25,24.75,1141977
2022-09-01,24.6,24.6,24.15,24.3,908594
2022-09-02,24.35,24.45,24.2,24.25,551466
2022-09-05,24.25,24.45,24.05,24.2,567833
2022-09-06,24.3,24.4,23.85,23.85,731638
2022-09-07,24.0,24.0,23.45,23.45,981796
2022-09-08,23.45,23.7,23.45,23.7,369739
2022-09-12,23.85,24.15,23.8,24.1,594104
2022-09-13,24.2,24.6,24.15,24.45,985850
2022-09-14,23.8,24.05,23.8,23.95,1163008
2022-09-15,24.0,24.4,23.9,24.35,664032
2022-09-16,24.2,25.1,24.2,24.95,2471700
2022-09-19,25.35,25.35,24.1,24.1,1104118
2022-09-20,24.2,24.35,24.05,24.25,410626
2022-09-21,24.25,24.65,24.0,24.35,1423267
2022-09-22,24.35,24.85,24.1,24.5,1100011
2022-09-23,24.5,24.85,24.4,24.75,898469
2022-09-26,24.75,24.75,23.8,24.15,1924780
2022-09-27,24.15,24.3,23.9,23.95,1400217
2022-09-28,23.85,24.0,22.85,22.9,2325355
2022-09-29,23.4,23.8,23.0,23.7,1295546
2022-09-30,23.7,23.9,23.15,23.7,824685
2022-10-03,23.45,23.9,23.45,23.55,332528
2022-10-04,23.7,24.05,23.65,23.95,460594
2022-10-05,24.05,24.2,23.8,23.85,694702
2022-10-06,24.05,24.35,23.7,24.35,1029108
2022-10-07,24.35,24.9,24.35,24.8,1811347
2022-10-11,24.5,24.8,24.05,24.4,1481580
2022-10-12,24.4,24.4,23.9,24.0,1055014
2022-10-13,24.0,24.0,22.7,22.75,1748919
2022-10-14,23.45,24.2,23.45,24.15,1724475
2022-10-17,24.0,24.7,23.75,24.3,1676713
2022-10-18,24.7,25.0,24.35,25.0,2313731
2022-10-19,25.0,25.0,24.4,24.55,1397719
2022-10-20,24.5,24.5,23.75,24.4,3171348
2022-10-21,24.2,24.4,24.05,24.35,650910
2022-10-24,24.4,24.4,23.9,24.0,1086590
2022-10-25,24.15,24.2,23.7,23.75,1050005
2022-10-26,24.05,24.5,23.7,24.4,1222176
2022-10-27,24.6,26.75,24.6,26.75,7696636
2022-10-28,26.55,27.0,26.1,26.55,5599466
2022-10-31,26.55,26.6,25.45,25.55,3928864
2022-11-01,25.7,26.5,25.5,25.75,3511478
2022-11-02,25.8,25.85,25.1,25.2,2996248
2022-11-03,25.15,25.15,24.5,24.6,3127200
2022-11-04,24.6,24.85,24.3,24.75,1814432
2022-11-07,25.0,26.0,24.95,26.0,3318957
2022-11-08,26.0,26.7,25.8,26.35,3533840
2022-11-09,26.65,26.65,26.1,26.55,2328138
2022-11-10,26.45,26.7,26.0,26.45,1584457
2022-11-11,26.9,27.1,26.45,26.95,3285298
2022-11-14,27.2,27.9,27.1,27.85,7151032
2022-11-15,27.95,28.75,27.75,28.1,5849379
2022-11-16,28.5,28.7,27.95,28.0,4395387
2022-11-17,28.0,28.35,27.65,27.65,2452403
2022-11-18,27.5,27.7,27.05,27.15,2528961
2022-11-21,27.55,28.15,27.45,27.6,3210688
2022-11-22,27.95,28.2,27.6,28.1,3564740
2022-11-23,28.25,28.3,27.25,27.35,2954786
2022-11-24,27.5,27.5,26.85,27.1,1721554
2022-11-25,27.2,27.4,27.0,27.15,696650
2022-11-28,27.15,27.2,26.5,27.15,1527771
2022-11-29,27.2,27.2,26.7,26.9,1493256
2022-11-30,26.9,27.4,26.9,27.4,1264414
2022-12-01,27.65,27.7,27.1,27.5,2218525
2022-12-02,27.55,27.55,27.0,27.15,1869691
2022-12-05,27.0,27.0,25.85,25.95,10120674
2022-12-06,25.85,25.95,25.35,25.45,3695974
2022-12-07,25.5,25.8,25.2,25.25,2848101
2022-12-08,25.25,25.25,24.8,24.9,3326815
2022-12-09,25.2,25.2,24.75,25.0,3704105
2022-12-12,25.0,25.05,24.65,24.8,1211862
2022-12-13,24.95,25.2,24.85,25.15,1408605
2022-12-14,25.35,25.35,24.95,25.1,2067226
2022-12-15,25.1,25.1,24.85,24.9,1309658
2022-12-16,24.8,24.9,24.65,24.9,2587577
2022-12-19,24.7,24.9,24.55,24.8,1334502
2022-12-20,24.8,24.8,24.2,24.35,1766078
2022-12-21,24.35,24.55,24.15,24.15,1194078
2022-12-22,24.3,24.9,24.3,24.75,1508315
2022-12-23,24.7,24.7,24.35,24.45,810277
2022-12-26,24.5,24.65,24.5,24.55,453825
2022-12-27,24.6,24.75,24.6,24.75,616090
2022-12-28,24.8,24.8,24.5,24.6,704937
2022-12-29,24.6,24.6,24.25,24.5,634251
2022-12-30,24.6,24.75,24.45,24.45,830039
2023-01-03,24.35,24.7,24.2,24.6,752629
2023-01-04,24.6,25.0,24.6,24.85,1294304
2023-01-05,24.85,25.1,24.85,24.9,1027922
2023-01-06,24.9,25.1,24.9,24.95,763271
2023-01-09,25.15,25.2,24.95,25.05,1483963
2023-01-10,25.2,25.2,24.85,25.2,1301814
2023-01-11,25.3,25.35,25.1,25.25,1038909
2023-01-12,25.25,25.5,25.05,25.5,2002293
2023-01-13,25.6,25.7,25.2,25.2,1083507
2023-01-16,25.2,25.25,24.85,24.85,992436
2023-01-17,24.9,25.1,24.85,25.0,817719
2023-01-30,25.1,25.4,25.1,25.3,1220641
2023-01-31,25.5,25.85,25.4,25.8,2352574
2023-02-01,25.95,26.0,25.5,25.6,1456024
2023-02-02,25.65,26.15,25.6,26.05,2208930
2023-02-03,26.1,26.25,25.8,26.15,1751744
2023-02-06,26.15,26.15,25.7,25.85,1275544
2023-02-07,25.8,26.05,25.8,26.05,1111736
2023-02-08,26.1,26.3,26.05,26.2,1229367
2023-02-09,26.2,26.2,26.05,26.05,1351640
2023-02-10,26.05,26.05,25.85,25.9,948999
2023-02-13,25.9,26.1,25.75,26.1,1302524
2023-02-14,26.1,26.1,25.9,26.0,729224
2023-02-15,26.1,26.15,25.7,25.75,1195250
2023-02-16,25.85,26.0,25.8,25.95,814057
2023-02-17,25.95,26.1,25.85,26.05,800882
2023-02-20,26.15,26.25,26.05,26.1,941512
2023-02-21,26.05,26.1,25.9,25.95,561879
2023-02-22,26.1,26.1,25.75,26.1,1530387
2023-02-23,26.15,26.65,26.15,26.55,3100566
2023-02-24,26.55,27.15,26.4,27.15,4325240
2023-03-01,27.2,27.3,26.7,27.0,3270097
2023-03-02,27.05,27.1,26.8,27.1,1166653
2023-03-03,27.1,27.65,27.05,27.5,3072282
2023-03-06,27.65,27.8,27.25,27.6,2435635
2023-03-07,27.75,27.8,27.4,27.4,3510214
2023-03-08,27.3,27.35,27.0,27.15,2029672
2023-03-09,27.3,28.2,27.05,28.0,4215551
2023-03-10,27.8,27.85,27.1,27.3,3141657
2023-03-13,27.1,27.1,26.6,27.1,1682742
2023-03-14,27.0,27.25,26.85,27.0,1446337
2023-03-15,27.1,27.3,27.05,27.05,937820
2023-03-16,27.0,27.3,26.6,26.75,1705934
2023-03-17,26.85,26.85,26.25,26.3,2763298
2023-03-20,26.25,26.35,26.1,26.25,1191775
2023-03-21,26.8,26.8,26.1,26.1,2252108
2023-03-22,26.25,26.3,26.0,26.1,1400055
2023-03-23,26.1,26.1,25.9,26.0,1526162
2023-03-24,26.05,26.05,25.8,25.9,1429419
2023-03-27,25.95,27.2,25.95,26.9,5184935
2023-03-28,27.05,27.15,26.55,26.7,2113929
2023-03-29,26.7,26.85,26.5,26.55,1142341
2023-03-30,26.55,26.7,26.5,26.55,935311
2023-03-31,26.55,26.7,26.55,26.55,779669
2023-04-06,26.55,26.85,26.5,26.75,899895
2023-04-07,26.8,27.15,26.65,27.15,1426608
2023-04-10,27.15,27.3,26.95,27.3,1610428
2023-04-11,27.3,27.8,27.2,27.5,2010156
2023-04-12,27.5,27.85,27.5,27.75,1582086
2023-04-13,27.75,27.75,27.25,27.55,1530652
2023-04-14,27.55,27.9,27.3,27.8,2336823
2023-04-17,27.75,27.9,27.4,27.45,1529838
2023-04-18,27.55,28.05,27.4,27.95,3228282
2023-04-19,27.95,28.05,27.55,27.75,2278725
2023-04-20,28.45,30.5,28.3,30.0,27645207
2023-04-21,31.75,33.0,30.2,30.25,47376978
2023-04-24,30.8,31.95,30.7,31.45,33403481
2023-04-25,30.9,31.6,29.65,30.4,16439593
2023-04-26,30.6,31.9,30.15,31.75,22238319
2023-04-27,31.4,31.55,30.6,31.05,11938053
2023-04-28,31.2,31.35,30.65,30.8,8707973
2023-05-02,30.9,31.5,30.5,31.35,7491564
2023-05-03,31.35,31.6,30.85,30.9,7326556
2023-05-04,30.9,32.3,30.9,32.25,13233990
2023-05-05,31.95,32.0,31.4,31.5,6903622
2023-05-08,31.55,31.9,31.3,31.75,3657829
2023-05-09,32.0,33.25,31.95,32.15,20500661
2023-05-10,31.95,32.0,30.95,31.25,6547477
2023-05-11,31.4,31.45,30.5,30.75,3943459
2023-05-12,30.6,31.0,30.5,30.9,2211937
2023-05-15,30.55,30.95,30.0,30.8,3390023
2023-05-16,31.05,31.1,30.65,30.75,2995446
2023-05-17,30.75,31.55,30.75,31.4,4654037
2023-05-18,31.65,31.7,31.15,31.5,4387154
2023-05-19,31.75,31.75,31.05,31.45,4992063
2023-05-22,31.6,32.15,31.55,32.05,4653917
2023-05-23,32.15,33.75,31.9,33.4,17121226
2023-05-24,33.7,33.95,33.05,33.95,10069494
2023-05-25,33.95,33.95,33.15,33.5,7187682
2023-05-26,33.25,33.3,32.1,32.2,6985604
2023-05-29,32.5,33.0,32.4,32.5,4659123
2023-05-30,32.8,32.8,31.7,32.1,4336205
2023-05-31,32.0,32.25,31.55,31.7,4568198
2023-06-01,31.6,33.6,31.25,33.05,19854776
2023-06-02,33.0,33.45,32.7,33.3,11188558
2023-06-05,33.8,36.5,33.8,36.5,28882554
2023-06-06,36.3,38.4,36.05,37.0,31238909
2023-06-07,37.15,37.3,36.75,37.0,9610117
2023-06-08,37.0,37.6,36.3,36.9,8513405
2023-06-09,37.1,37.75,36.85,37.65,9730525
2023-06-12,37.75,37.75,36.25,36.7,8247319
2023-06-13,36.75,36.75,35.8,36.2,8034700
2023-06-14,36.2,37.2,35.45,35.6,7972469
2023-06-15,35.6,36.15,35.25,36.15,6110020
2023-06-16,36.2,36.8,35.0,35.0,29655868
2023-06-19,35.05,35.05,33.2,33.75,33370568
2023-06-20,33.85,35.2,33.7,35.2,23762206
2023-06-21,35.4,37.5,35.1,37.5,33227157
2023-06-26,38.0,40.95,37.7,39.4,51650687
2023-06-27,38.7,39.4,36.3,36.5,25049652
2023-06-28,36.55,36.7,35.8,35.85,8085478
2023-06-29,36.3,37.8,35.8,37.5,13536290
2023-06-30,37.2,37.5,36.75,37.25,6551857
2023-07-03,37.5,38.45,37.25,37.95,12207706
2023-07-04,37.95,39.1,37.95,38.2,14337589
2023-07-05,38.25,38.3,37.6,37.7,5442472
2023-07-06,37.7,38.1,36.85,36.95,5693267
2023-07-07,36.9,37.0,36.45,36.85,3945314
2023-07-10,37.0,37.15,36.0,36.25,5531541
2023-07-11,36.95,36.95,36.25,36.7,3282012
2023-07-12,36.7,36.85,36.25,36.3,2866527
2023-07-13,36.0,36.05,35.0,35.35,5235031
2023-07-14,35.35,36.45,35.35,36.15,5423276
2023-07-17,36.5,37.15,36.4,36.75,5544265
2023-07-18,36.95,36.95,34.8,34.8,7990572
2023-07-19,34.85,35.0,33.55,33.75,6833469
2023-07-20,33.8,35.7,33.8,35.7,6583674
2023-07-21,35.7,36.3,34.45,34.75,7003173
2023-07-24,34.75,36.65,34.2,35.9,13572672
2023-07-25,36.4,36.85,35.55,36.1,8740999
2023-07-26,36.45,37.5,36.2,36.6,8744609
2023-07-27,36.9,39.8,36.7,39.05,38702819
2023-07-28,39.0,39.15,36.6,37.05,25292421
2023-07-31,37.05,37.8,36.1,36.85,12634985
2023-08-01,36.8,37.2,36.4,36.85,4660079
2023-08-02,36.85,38.35,36.35,36.6,16204576
2023-08-04,36.65,37.05,36.25,36.45,3956185
2023-08-07,36.65,36.75,34.8,34.95,7565304
2023-08-08,35.0,35.0,34.2,34.35,5368839
2023-08-09,34.55,34.55,33.75,33.95,3615914
2023-08-10,33.95,33.95,32.4,32.55,6425665
2023-08-11,32.55,32.95,32.1,32.25,3130764
2023-08-14,32.2,32.2,30.85,31.0,3983875
2023-08-15,31.4,31.4,31.0,31.0,2370709
2023-08-16,30.65,30.7,29.5,30.25,3432459
2023-08-17,30.2,30.6,29.6,30.3,3477528
2023-08-18,30.7,30.9,29.95,30.1,3429142
2023-08-21,30.15,30.25,29.9,30.15,1421539
2023-08-22,30.1,30.2,29.5,29.95,2598765
2023-08-23,29.85,30.35,29.7,30.2,2050989
2023-08-24,30.25,30.45,29.75,29.95,2308364
2023-08-25,29.9,30.2,29.9,30.1,1008112
2023-08-28,30.05,30.15,29.9,30.0,1000514
2023-08-29,30.0,30.95,30.0,30.95,1984734
2023-08-30,30.95,31.5,30.75,31.45,1981154
2023-08-31,31.45,31.55,30.95,31.45,1701928
2023-09-01,31.4,31.5,31.1,31.35,1519404
2023-09-04,31.45,31.75,31.3,31.75,1255979
2023-09-05,31.5,31.75,31.25,31.5,948485
2023-09-06,31.35,31.45,30.7,30.9,1906210
2023-09-07,30.8,31.0,30.3,30.75,1247666
2023-09-08,30.65,30.7,30.4,30.65,1066389
2023-09-11,30.6,31.0,30.55,30.8,1052268
2023-09-12,30.8,30.9,30.6,30.8,991943
2023-09-13,30.8,31.45,30.7,31.15,936909
2023-09-14,31.2,31.85,31.15,31.35,1984753
2023-09-15,31.35,31.9,30.85,31.9,2249165
2023-09-18,31.8,31.85,31.35,31.85,1630976
2023-09-19,31.85,31.85,31.05,31.05,2248220
2023-09-20,31.1,31.25,30.85,31.25,2161286
2023-09-21,31.1,31.25,30.35,30.4,1688113
2023-09-22,30.2,30.5,30.0,30.45,1566320
2023-09-25,30.4,31.25,30.4,31.15,2276503
2023-09-26,31.15,31.15,30.35,30.7,1931565
2023-09-27,30.6,31.15,30.6,30.95,1515165
2023-09-28,31.2,33.1,31.15,32.55,7651282
2023-10-02,32.95,33.0,32.05,32.4,2377582
2023-10-03,32.4,33.6,32.4,32.7,4154694
2023-10-04,32.25,32.35,31.85,31.9,1418576
2023-10-05,31.85,32.3,31.7,31.85,1129397
2023-10-06,31.75,33.0,31.75,32.8,2254058
2023-10-11,32.65,32.65,31.05,31.55,4091619
2023-10-12,31.8,31.8,30.9,31.7,2482470
2023-10-13,31.65,32.5,31.3,31.35,3320664
2023-10-16,31.3,32.85,31.2,32.05,5563932
2023-10-17,32.05,32.1,31.15,31.65,3448661
2023-10-18,31.55,32.2,31.25,31.9,7250313
2023-10-19,31.55,31.85,31.15,31.7,2678524
2023-10-20,31.45,31.5,30.8,30.95,2599559
2023-10-23,30.75,30.85,30.3,30.45,1942019
2023-10-24,30.35,30.75,30.15,30.4,1179139
2023-10-25,30.25,30.75,30.25,30.75,870818
2023-10-26,30.5,30.75,30.15,30.2,2048901
2023-10-27,30.45,30.45,29.55,29.7,3522956
2023-10-30,29.85,29.95,29.0,29.8,3195472
2023-10-31,29.8,29.9,29.15,29.8,3310085
2023-11-01,29.8,29.8,29.05,29.05,2962453
2023-11-02,29.2,29.3,28.8,29.1,3095090
2023-11-03,29.2,29.75,29.1,29.55,2313680
2023-11-06,29.7,29.7,29.4,29.6,1292464
2023-11-07,29.6,29.95,29.45,29.45,1605010
2023-11-08,29.85,29.85,29.2,29.2,1107262
2023-11-09,29.2,29.25,28.9,29.1,1132874
2023-11-10,29.0,29.1,28.8,28.95,1292455
2023-11-13,29.1,29.35,28.95,29.05,1055205
2023-11-14,29.2,29.75,29.2,29.65,4352341
2023-11-15,29.75,30.35,29.65,30.15,3640859
2023-11-16,30.35,30.85,30.25,30.75,3572410
2023-11-17,30.75,31.15,30.7,30.75,2521698
2023-11-20,30.65,30.85,30.3,30.65,2658988
2023-11-21,30.6,30.95,30.5,30.65,2103402
2023-11-22,30.5,30.8,30.25,30.7,1835613
2023-11-23,30.55,31.2,30.55,31.1,2014482
2023-11-24,31.1,31.25,30.9,31.0,1906409
2023-11-27,31.0,31.4,30.85,31.05,1688041
2023-11-28,31.15,32.1,31.15,31.3,3685026
2023-11-29,31.45,31.75,31.3,31.3,1519608
2023-11-30,31.35,31.8,31.35,31.8,2418206
2023-12-01,31.8,32.8,31.55,32.75,4609454
2023-12-04,32.75,34.6,32.4,34.55,8943947
2023-12-05,34.5,35.2,34.4,34.95,10198378
2023-12-06,34.95,34.95,34.3,34.4,3466057
2023-12-07,34.25,34.4,33.35,33.5,4206171
2023-12-08,33.5,33.9,33.1,33.55,2545866
2023-12-11,33.7,34.75,33.65,34.55,4065017
2023-12-12,34.6,34.65,34.05,34.55,2079772
2023-12-13,34.55,35.0,34.15,35.0,4259722
2023-12-14,35.1,35.55,34.0,34.2,6990190
2023-12-15,34.5,34.7,33.7,34.2,19630370
2023-12-18,34.55,34.75,32.6,32.65,25153562
2023-12-19,32.65,32.7,31.65,32.15,19691146
2023-12-20,32.3,32.6,31.65,32.4,20250145
2023-12-21,32.2,34.1,32.2,32.75,23277223
2023-12-22,32.85,33.7,32.7,33.25,5476824
2023-12-25,33.55,33.6,32.5,32.5,2619803
2023-12-26,32.65,32.75,32.35,32.75,1237242
2023-12-27,32.75,33.0,32.6,32.85,1241722
2023-12-28,32.8,32.9,32.7,32.85,689579
2023-12-29,32.85,32.85,32.5,32.6,1202719
2024-01-02,32.6,33.1,32.3,32.8,2876930
2024-01-03,33.2,33.2,32.15,32.25,1566660
2024-01-04,32.1,32.25,31.9,32.0,1180682
2024-01-05,32.0,32.25,31.9,31.95,876110
2024-01-08,31.95,32.45,31.95,31.95,610177
2024-01-09,32.05,32.15,31.55,31.55,863587
2024-01-10,31.55,31.6,31.15,31.15,1078969
2024-01-11,31.2,31.4,31.0,31.2,628471
2024-01-12,31.2,31.35,31.05,31.1,704448
2024-01-15,31.25,31.55,31.15,31.45,531587
2024-01-16,31.25,31.25,30.25,30.4,3091426
2024-01-17,30.2,30.65,29.9,30.0,2396063
2024-01-18,30.0,30.3,29.75,29.95,1170734
2024-01-19,30.05,30.35,29.9,30.0,985712
2024-01-22,30.0,30.4,30.0,30.1,780321
2024-01-23,30.4,30.45,30.15,30.2,991371
2024-01-24,30.6,31.0,30.2,30.25,1282340
2024-01-25,30.3,30.35,30.1,30.1,793169
2024-01-26,30.2,30.6,30.1,30.25,683904
2024-01-29,30.2,30.5,30.15,30.35,524305
2024-01-30,30.35,30.5,29.9,29.9,1618206
2024-01-31,29.9,30.2,29.9,30.0,610645
2024-02-01,30.3,30.55,30.1,30.4,478736
2024-02-02,30.55,30.55,30.1,30.15,578269
2024-02-05,30.05,30.25,29.5,29.55,3382993
2024-02-15,29.55,29.9,29.5,29.55,1131047
2024-02-16,29.65,30.35,29.65,30.3,1174445
2024-02-19,30.35,30.95,30.35,30.8,1672447
2024-02-20,30.75,30.8,30.3,30.3,1228767
2024-02-21,30.55,30.7,30.2,30.35,1046795
2024-02-22,30.45,30.65,30.25,30.25,1092326
2024-02-23,30.2,30.4,30.0,30.0,1252971
2024-02-26,30.0,30.4,30.0,30.25,827574
2024-02-27,30.1,30.3,30.0,30.05,695636
2024-02-29,30.1,30.5,30.05,30.25,1503429
2024-03-01,30.1,30.2,29.9,29.95,1987658
2024-03-04,30.05,31.5,30.05,30.15,4601936
2024-03-05,30.2,30.4,30.05,30.1,952023
2024-03-06,30.05,30.25,30.0,30.0,1173085
2024-03-07,29.95,30.05,29.75,29.8,1853834
2024-03-08,29.7,29.9,29.55,29.7,2149306
2024-03-11,29.7,30.45,29.7,30.4,1278279
2024-03-12,30.5,30.65,30.35,30.5,1124914
2024-03-13,30.25,30.55,30.0,30.25,1163860
2024-03-14,30.25,30.4,30.05,30.1,1225725
2024-03-15,30.25,30.45,30.1,30.1,2293181
2024-03-18,30.1,30.25,29.8,29.9,1536713
2024-03-19,29.9,29.9,29.65,29.65,1389993
2024-03-20,29.9,30.2,29.75,29.95,1370356
2024-03-21,30.2,30.35,30.0,30.25,1111616
2024-03-22,30.35,30.6,30.05,30.4,1582100
2024-03-25,30.25,30.4,30.0,30.1,2145026
2024-03-26,30.0,30.1,29.65,29.65,3583482
2024-03-27,29.7,30.25,29.7,30.0,1864286
2024-03-28,30.1,30.1,29.8,29.8,1698319
2024-03-29,29.95,30.0,29.8,30.0,1471377
2024-04-01,30.0,30.15,29.85,30.15,1217307
2024-04-02,30.1,30.1,29.75,29.75,5090982
2024-04-03,29.75,30.0,29.7,29.8,759107
2024-04-08,29.8,30.05,29.8,29.9,609163
2024-04-09,30.0,30.1,29.9,30.0,1719798
2024-04-10,30.1,30.5,30.05,30.2,1400294
2024-04-11,30.25,30.25,30.0,30.0,927825
2024-04-12,30.0,30.05,29.9,29.9,1019755
2024-04-15,30.0,30.5,29.95,30.0,1528044
2024-04-16,29.95,30.1,29.2,29.3,3204918
2024-04-17,29.4,29.5,29.2,29.35,1304650
2024-04-18,29.35,30.2,29.15,30.05,1297772
2024-04-19,30.05,30.6,29.2,29.4,2610420
2024-04-22,29.8,31.15,29.7,30.6,5152413
2024-04-23,30.8,31.1,30.3,30.65,1853283
2024-04-24,30.7,30.75,30.2,30.2,1859161
2024-04-25,30.25,30.8,30.2,30.6,1475827
2024-04-26,30.5,30.7,30.25,30.6,1371980
2024-04-29,30.6,32.1,30.6,31.65,5682891
2024-04-30,31.65,31.7,30.9,31.05,2159376
2024-05-02,31.2,31.7,31.05,31.45,1622717
2024-05-03,31.7,31.7,31.3,31.35,1643523
2024-05-06,31.5,31.9,31.25,31.4,1635488
2024-05-07,31.5,31.55,30.45,30.65,1920439
2024-05-08,30.8,30.95,30.35,30.4,1210277
2024-05-09,30.4,30.65,30.3,30.3,942775
2024-05-10,30.4,30.6,30.2,30.55,734367
2024-05-13,30.7,30.8,30.4,30.6,773955
2024-05-14,30.6,30.6,30.3,30.3,990073
2024-05-15,30.5,30.65,30.4,30.5,1105239
2024-05-16,30.6,30.75,30.4,30.7,1365487
2024-05-17,30.7,30.8,30.45,30.75,912822
2024-05-20,30.9,30.95,30.55,30.6,931615
2024-05-21,30.6,30.6,30.2,30.25,1322368
2024-05-22,30.3,30.4,30.05,30.15,1354056
2024-05-23,30.05,30.15,29.9,29.95,1508977
2024-05-24,29.95,29.95,29.7,29.85,1105374
2024-05-27,30.0,30.35,29.95,30.05,1085960
2024-05-28,30.0,30.2,29.95,30.05,1283633
2024-05-29,30.25,30.25,29.95,30.0,1057061
2024-05-30,30.0,30.1,29.85,29.85,754469
2024-05-31,30.2,30.2,29.8,30.0,1669194
2024-06-03,30.0,30.05,29.8,29.9,1056660
2024-06-04,30.0,30.05,29.85,29.85,1142716
2024-06-05,30.0,30.0,29.7,29.75,1416081
2024-06-06,29.7,29.8,29.65,29.8,938380
2024-06-07,29.75,30.1,29.75,29.85,913460
2024-06-11,29.85,30.0,29.75,29.75,1558574
2024-06-12,29.8,29.95,29.65,29.7,1128517
2024-06-13,29.7,29.8,29.65,29.75,648552
2024-06-14,29.75,30.0,29.75,29.85,900095
2024-06-17,29.9,30.05,29.85,29.9,420627
2024-06-18,30.0,30.3,29.9,30.0,1115161
2024-06-19,30.05,30.4,30.0,30.2,1782097
2024-06-20,30.3,30.45,30.2,30.4,1129874
2024-06-21,30.35,31.0,30.35,30.7,3182665
2024-06-24,30.7,30.7,30.3,30.3,1531460
2024-06-25,30.65,30.8,30.3,30.8,3148969
2024-06-26,31.0,31.5,30.8,31.3,4103194
2024-06-27,31.0,31.5,30.65,30.8,3413290
2024-06-28,31.0,31.2,30.75,30.75,1012947
2024-07-01,30.95,30.95,30.6,30.7,758370
2024-07-02,30.85,31.2,30.6,30.75,2432597
2024-07-03,30.8,31.8,30.8,31.75,3259418
2024-07-04,31.8,31.9,31.55,31.8,1566703
2024-07-05,31.9,32.1,31.55,31.6,1617442
2024-07-08,31.55,31.95,31.45,31.95,1925341
2024-07-09,31.9,31.95,31.5,31.6,1862122
2024-07-10,31.6,31.75,31.4,31.4,2134304
2024-07-11,30.65,30.85,30.45,30.75,1913363
2024-07-12,30.75,31.15,30.7,30.85,1397143
2024-07-15,30.8,30.9,30.65,30.65,683855
2024-07-16,30.7,30.9,30.5,30.5,913968
2024-07-17,30.5,30.7,30.4,30.45,1280957
2024-07-18,30.55,31.3,30.45,31.2,3697803
2024-07-19,31.2,31.35,30.1,30.2,2783651
2024-07-22,30.15,30.4,29.75,30.15,1921966
2024-07-23,29.8,30.45,29.8,30.3,1668282
2024-07-26,30.05,30.35,29.75,30.05,1064487
2024-07-29,30.05,30.25,29.8,29.8,1177780
2024-07-30,30.0,30.0,29.3,29.85,1712939
2024-07-31,29.95,30.0,29.75,29.85,558892
2024-08-01,29.95,30.5,29.85,30.5,1252910
2024-08-02,30.1,30.1,29.85,29.95,877271
2024-08-05,29.45,29.45,27.0,27.1,3533170
2024-08-06,27.7,28.35,26.9,27.9,2552720
2024-08-07,27.7,28.95,27.7,28.85,1001018
2024-08-08,28.5,28.95,28.3,28.65,2730742
2024-08-09,28.9,29.9,28.9,29.5,1419971
2024-08-12,29.5,30.1,29.5,29.7,940849
2024-08-13,29.7,29.8,29.5,29.6,547524
2024-08-14,29.5,29.65,29.2,29.5,1505889
2024-08-15,29.9,30.2,29.5,29.5,1120564
2024-08-16,29.75,29.9,29.55,29.75,1154777
2024-08-19,29.95,29.95,29.6,29.6,570007
2024-08-20,29.6,29.95,29.55,29.65,759339
2024-08-21,29.65,29.8,29.5,29.75,1279682
2024-08-22,29.75,30.3,29.7,30.15,1086586
2024-08-23,29.95,30.1,29.9,29.95,467216
2024-08-26,29.95,30.95,29.95,30.8,1720958
2024-08-27,30.7,30.85,30.7,30.85,572661
2024-08-28,30.85,30.85,30.45,30.6,472604
2024-08-29,30.6,30.95,30.55,30.85,879617
2024-08-30,30.9,31.0,30.7,31.0,1089203
2024-09-02,31.0,31.15,30.8,30.8,511803
2024-09-03,30.7,30.9,30.4,30.5,523591
2024-09-04,29.45,29.55,29.05,29.1,2243639
2024-09-05,29.3,29.6,29.15,29.15,811436
2024-09-06,29.2,29.4,28.95,29.1,599005
2024-09-09,28.55,29.1,28.5,28.95,957086
2024-09-10,28.95,29.2,28.8,28.85,541345
2024-09-11,29.0,29.35,29.0,29.0,425803
2024-09-12,29.25,29.6,29.1,29.6,432590
2024-09-13,29.35,30.05,29.35,29.9,605904
2024-09-16,29.9,30.8,29.9,30.65,1384946
2024-09-18,30.65,30.95,30.3,30.5,1137950
2024-09-19,30.5,31.15,30.5,30.95,1406418
2024-09-20,31.0,31.15,30.75,31.15,1152599
2024-09-23,31.15,31.15,30.8,30.9,684228
2024-09-24,30.9,31.25,30.9,31.2,944047
2024-09-25,31.3,31.75,31.25,31.45,1306115
2024-09-26,31.75,32.2,31.75,31.9,2287883
2024-09-27,32.15,33.35,31.85,33.0,5572516
2024-09-30,33.05,33.25,32.7,33.1,2328776
2024-10-01,33.2,33.25,32.6,33.25,1969765
2024-10-04,33.3,33.35,32.4,32.55,1523442
2024-10-07,32.6,33.1,32.6,33.05,1640646
2024-10-08,32.8,32.85,32.1,32.15,1661961
2024-10-09,32.3,32.3,31.1,31.1,2025664
2024-10-11,31.1,31.75,31.1,31.65,658217
2024-10-14,31.65,31.75,31.4,31.6,343680
2024-10-15,31.7,31.85,31.6,31.65,984167
2024-10-16,31.45,31.8,31.1,31.4,1981008
2024-10-17,31.4,32.05,31.35,31.75,1139601
2024-10-18,31.75,32.05,31.6,31.8,658852
2024-10-21,32.2,32.2,31.4,31.45,907404
2024-10-22,31.65,31.65,31.35,31.4,286235
2024-10-23,31.4,31.95,31.1,31.15,1244538
2024-10-24,31.1,31.4,30.85,31.25,787981
2024-10-25,31.5,31.6,31.25,31.4,379930
2024-10-28,31.15,31.45,30.95,31.0,1003642
2024-10-29,31.0,31.05,30.45,30.6,1042888
2024-10-30,31.05,31.1,30.55,30.55,366948
2024-11-01,30.65,31.35,30.35,31.35,1360495
2024-11-04,31.05,31.2,30.9,31.1,952426
2024-11-05,31.05,31.5,31.05,31.4,586825
2024-11-06,31.2,31.45,31.2,31.3,463137
2024-11-07,31.1,31.55,31.1,31.2,597197
2024-11-08,31.25,31.45,31.2,31.25,551335
2024-11-11,31.3,31.4,31.0,31.25,825342
2024-11-12,30.8,30.9,29.9,30.0,2834475
2024-11-13,29.9,30.0,29.65,29.7,1308753
2024-11-14,29.7,29.9,29.4,29.8,1754559
2024-11-15,30.0,30.45,29.95,30.35,1280817
2024-11-18,30.45,30.75,30.3,30.65,847373
2024-11-19,30.65,30.9,30.5,30.75,996893
2024-11-20,30.65,30.85,30.5,30.7,516752
2024-11-21,30.9,30.9,30.55,30.55,418265
2024-11-22,30.65,30.85,30.55,30.65,435386
2024-11-25,30.8,31.3,30.8,31.2,974370
2024-11-26,31.1,31.2,30.85,31.0,354121
2024-11-27,30.9,31.0,30.7,30.7,550413
2024-11-28,30.7,30.8,30.35,30.55,590943
2024-11-29,30.3,30.6,30.15,30.5,379382
2024-12-02,30.5,30.7,30.4,30.4,408138
2024-12-03,30.5,30.8,30.5,30.75,562339
2024-12-04,30.75,30.9,30.65,30.9,581788
2024-12-05,30.9,30.95,30.7,30.7,448996
2024-12-06,30.7,31.0,30.6,30.6,679726
2024-12-09,30.6,30.6,30.35,30.5,678143
2024-12-10,30.5,30.85,30.4,30.45,529171
2024-12-11,30.5,30.6,30.45,30.55,423015
2024-12-12,30.5,30.75,30.45,30.45,259846
2024-12-13,30.3,30.5,30.1,30.2,512470
2024-12-16,30.3,30.5,29.8,29.8,944318
2024-12-17,29.9,29.9,29.65,29.7,812694
2024-12-18,29.5,29.85,29.5,29.85,438700
2024-12-19,29.5,29.85,29.3,29.4,1358783
2024-12-20,29.35,29.5,28.95,29.0,1707736
2024-12-23,29.3,29.7,29.2,29.6,972226
2024-12-24,29.7,30.0,29.7,29.8,480290
2024-12-25,30.1,30.15,29.75,29.85,385326
2024-12-26,29.95,29.95,29.8,29.9,250027
2024-12-27,30.0,30.0,29.75,29.75,407492
2024-12-30,29.8,29.9,29.7,29.7,369661
2024-12-31,29.75,29.75,29.5,29.7,634583
2025-01-02,29.55,29.7,29.4,29.6,685474
2025-01-03,29.7,29.8,29.55,29.55,450418
2025-01-06,29.6,29.7,29.45,29.45,800407
2025-01-07,29.75,29.75,29.2,29.3,1052883
2025-01-08,29.3,29.35,29.2,29.25,359722
2025-01-09,29.25,29.3,28.95,28.95,1146637
2025-01-10,28.95,29.05,28.8,28.85,974968
2025-01-13,28.8,29.0,28.2,29.0,1487999
2025-01-14,28.95,29.3,28.95,28.95,680883
2025-01-15,28.95,29.3,28.95,29.1,699403
2025-01-16,29.4,29.65,29.35,29.45,493233
2025-01-17,29.65,29.7,29.5,29.5,314043
2025-01-20,29.5,29.7,29.4,29.65,323003
2025-01-21,29.6,29.7,29.55,29.7,273283
2025-01-22,29.8,30.1,29.8,29.95,598782
2025-02-03,29.95,30.1,29.5,29.6,819593
2025-02-04,29.6,29.9,29.55,29.55,284774
2025-02-05,29.9,30.1,29.5,29.6,646537
2025-02-06,29.85,30.1,29.6,30.05,399645
2025-02-07,30.05,30.05,29.7,29.8,342012
2025-02-10,29.75,29.95,29.7,29.85,473324
2025-02-11,29.85,30.0,29.6,29.6,721648
2025-02-12,29.55,29.65,29.4,29.4,526535
2025-02-13,29.85,29.85,29.6,29.8,406209
2025-02-14,29.7,29.95,29.7,29.85,367641
2025-02-17,30.1,30.95,30.1,30.25,1601314
2025-02-18,30.15,30.2,29.9,30.0,423316
2025-02-19,30.0,30.5,30.0,30.35,515586
2025-02-20,30.35,30.6,30.2,30.35,384637
2025-02-21,30.35,30.65,30.3,30.5,649632
2025-02-24,30.6,30.6,30.2,30.2,425365
2025-02-25,29.9,30.4,29.9,30.3,521642
2025-02-26,30.2,30.5,30.15,30.35,517843
2025-02-27,30.25,30.25,29.85,29.9,820508
2025-03-03,30.2,30.2,29.75,30.0,580364
2025-03-04,29.7,29.95,29.6,29.85,821708
2025-03-05,29.75,30.1,29.65,30.0,506411
2025-03-06,30.0,30.1,29.9,30.0,503680
2025-03-07,29.95,30.0,29.75,29.75,408305
2025-03-10,29.8,30.15,29.8,29.85,479247
2025-03-11,29.3,29.8,29.15,29.8,1183349
2025-03-12,29.7,29.8,29.6,29.6,445031
2025-03-13,29.8,29.8,29.4,29.4,512911
2025-03-14,29.8,30.0,29.6,30.0,749365
2025-03-17,30.0,30.15,29.9,29.9,372385
2025-03-18,30.05,30.25,29.8,29.8,460803
2025-03-19,29.85,30.0,29.8,29.85,348913
2025-03-20,29.95,29.95,29.8,29.85,288643
2025-03-21,29.75,29.85,29.4,29.4,980016
2025-03-24,29.5,29.65,29.4,29.45,380839
2025-03-25,29.5,29.6,29.3,29.35,526280
2025-03-26,29.4,29.6,29.35,29.5,278818
2025-03-27,29.35,29.5,29.35,29.4,411628
2025-03-28,29.4,29.4,28.85,29.05,1397425
2025-03-31,28.8,28.9,28.4,28.45,1337123
2025-04-01,28.45,28.9,28.4,28.75,701397
2025-04-02,28.7,29.0,28.65,29.0,547515
2025-04-07,26.1,26.1,26.1,26.1,1076171
2025-04-08,24.4,25.75,24.4,25.1,2308513
2025-04-09,24.95,24.95,23.0,23.1,3003663
2025-04-10,25.0,25.4,25.0,25.4,559633
2025-04-11,25.15,26.25,25.05,26.25,1216188
2025-04-14,26.0,26.65,26.0,26.4,1199022
2025-04-15,26.55,26.85,26.5,26.85,795875
2025-04-16,26.75,26.75,26.15,26.3,1088897
2025-04-17,26.5,26.5,25.65,25.7,1103409
2025-04-18,25.95,26.05,25.7,26.0,749428
2025-04-21,26.0,26.1,25.7,25.7,1232028
2025-04-22,25.75,25.9,25.45,25.55,541613
2025-04-23,25.65,26.25,25.65,26.15,517650
2025-04-24,26.3,26.35,26.05,26.15,405611
2025-04-25,26.3,26.55,26.15,26.3,703194
2025-04-28,26.35,26.75,26.35,26.65,1109903
2025-04-29,26.65,27.15,26.65,27.0,1319012
2025-04-30,27.0,27.25,26.1,26.1,2282564
2025-05-02,26.1,27.3,26.1,27.0,2968795
2025-05-05,26.95,29.0,26.95,28.05,3484856
2025-05-06,28.2,28.3,27.65,27.95,1354779
2025-05-07,28.3,28.4,27.9,28.05,1001949
2025-05-08,28.35,28.35,27.75,27.8,834196
2025-05-09,27.75,28.3,27.65,28.2,789718
2025-05-12,28.55,28.55,28.1,28.25,874353
2025-05-13,28.75,28.75,28.0,28.1,1258144
2025-05-14,28.5,28.5,27.8,28.1,1199331
2025-05-15,28.0,28.1,27.2,27.35,1759136
2025-05-16,27.35,27.6,27.25,27.4,940688
2025-05-19,27.3,27.65,27.15,27.5,912907
2025-05-20,27.5,27.65,27.3,27.4,534550
2025-05-21,27.4,27.8,27.3,27.8,699143
2025-05-22,27.4,27.5,27.05,27.35,1238966
2025-05-23,27.1,27.5,27.1,27.35,446242
2025-05-26,27.35,27.8,27.3,27.55,1195894
