Date,Open,High,Low,Close,Volume
2015-01-05,460.0,467.0,460.0,462.0,2482122
2015-01-06,460.0,462.0,458.0,458.0,5925384
2015-01-07,468.0,487.0,466.5,486.5,13142501
2015-01-08,492.5,494.5,484.5,485.0,8682746
2015-01-09,492.0,495.0,488.0,488.0,7745506
2015-01-12,490.0,494.5,486.5,488.0,4586084
2015-01-13,485.0,488.0,481.0,483.0,4420741
2015-01-14,488.5,492.0,484.5,488.0,7120478
2015-01-15,488.0,490.0,483.5,486.0,4228258
2015-01-16,483.5,485.5,474.5,475.5,5550863
2015-01-19,482.5,489.0,479.5,487.0,5055826
2015-01-20,488.0,490.0,484.0,490.0,3824481
2015-01-21,493.0,495.0,492.5,493.5,5342258
2015-01-22,496.0,498.0,491.5,495.5,5462463
2015-01-23,498.5,500.0,491.5,494.5,5250084
2015-01-26,494.0,505.0,494.0,504.0,6909377
2015-01-27,504.0,504.0,498.5,502.0,5026980
2015-01-28,502.0,504.0,498.5,502.0,2763604
2015-01-29,497.0,499.5,493.0,497.5,3143985
2015-01-30,497.5,498.0,483.0,483.0,7517372
2015-02-02,489.0,489.0,480.0,482.5,3747978
2015-02-03,482.5,489.0,480.5,485.0,3275285
2015-02-04,492.0,493.5,484.0,485.0,4598474
2015-02-05,488.5,491.5,483.5,485.0,4330271
2015-02-06,487.0,488.5,476.0,479.0,4600149
2015-02-09,485.5,490.0,480.5,488.0,5251708
2015-02-10,454.0,454.0,454.0,454.0,10301298
2015-02-11,435.0,455.0,434.0,454.0,33943714
2015-02-12,456.0,458.5,453.5,458.0,8420451
2015-02-13,458.0,460.0,456.0,459.0,6058826
2015-02-24,468.0,473.0,462.0,470.0,16722243
2015-02-25,473.0,476.0,470.5,473.5,5802233
2015-02-26,476.0,476.0,470.5,473.0,7115248
2015-03-02,476.0,477.0,474.0,477.0,5540011
2015-03-03,479.0,480.0,473.0,478.5,3859928
2015-03-04,478.0,480.0,475.0,475.5,4154957
2015-03-05,478.0,478.0,474.5,475.5,5255769
2015-03-06,470.5,473.0,467.0,470.5,8090203
2015-03-09,465.0,467.0,459.0,460.0,8322437
2015-03-10,456.0,462.5,456.0,460.0,7335487
2015-03-11,455.0,457.5,453.5,453.5,6216193
2015-03-12,449.5,458.5,449.0,453.5,6251959
2015-03-13,458.0,458.0,448.0,448.0,6118848
2015-03-16,444.5,446.0,432.0,432.0,13745775
2015-03-17,430.0,435.0,426.0,430.0,13175993
2015-03-18,433.0,441.5,432.0,435.5,9847469
2015-03-19,438.0,440.5,434.0,434.0,6417172
2015-03-20,430.0,442.0,430.0,436.0,10080757
2015-03-23,438.5,441.0,435.5,438.5,7076225
2015-03-24,441.0,451.0,439.0,446.0,11759317
2015-03-25,450.0,453.0,439.5,443.0,9007853
2015-03-26,435.0,440.5,432.0,440.0,11992919
2015-03-27,435.0,437.0,417.5,419.0,15619099
2015-03-30,421.5,423.0,415.5,418.0,9180913
2015-03-31,425.0,426.5,420.0,423.5,7129938
2015-04-01,426.0,426.0,416.5,419.5,5410860
2015-04-02,418.5,421.0,409.0,412.0,10015030
2015-04-07,412.0,422.5,412.0,421.0,14746332
2015-04-08,426.5,426.5,418.0,421.0,8154587
2015-04-09,426.0,427.5,421.0,422.0,6217575
2015-04-10,429.0,429.0,420.0,421.5,7576069
2015-04-13,420.0,422.0,418.0,419.5,4214153
2015-04-14,420.0,420.5,414.0,415.0,8334755
2015-04-15,410.0,411.0,398.5,398.5,14709861
2015-04-16,401.0,409.5,401.0,409.0,15694677
2015-04-17,404.0,406.0,400.5,401.0,8433435
2015-04-20,397.0,401.0,390.0,390.0,9906188
2015-04-21,391.0,396.5,391.0,391.0,8698771
2015-04-22,393.0,404.0,393.0,402.0,9605766
2015-04-23,404.0,407.5,402.0,403.0,7141616
2015-04-24,406.0,426.5,406.0,419.0,15978162
2015-04-27,419.0,424.0,410.0,410.5,7463374
2015-04-28,415.0,415.0,398.5,399.0,10064137
2015-04-29,401.0,406.0,400.0,400.5,5136900
2015-04-30,395.0,399.5,393.5,395.0,9247831
2015-05-04,371.0,385.0,371.0,380.0,17071637
2015-05-05,378.0,383.0,371.0,374.5,9648170
2015-05-06,373.0,377.0,368.0,370.0,8690986
2015-05-07,369.0,371.5,366.0,368.5,9283722
2015-05-08,369.0,379.5,369.0,376.5,8515704
2015-05-11,382.0,382.0,370.0,370.0,6205690
2015-05-12,373.0,375.0,371.0,371.5,5826967
2015-05-13,379.0,397.5,376.0,397.5,15217590
2015-05-14,397.5,402.0,393.0,393.0,12642614
2015-05-15,398.0,403.0,390.0,390.0,5322980
2015-05-18,390.0,399.5,388.0,391.5,7039727
2015-05-19,392.0,395.0,388.0,392.0,6497333
2015-05-20,395.0,401.5,395.0,399.5,8336776
2015-05-21,396.5,403.5,396.0,400.0,7315313
2015-05-22,405.0,412.0,403.0,410.0,8993585
2015-05-25,405.5,409.0,396.5,397.5,6774725
2015-05-26,401.0,403.0,398.0,399.5,3161817
2015-05-27,399.5,403.0,399.5,400.0,4852855
2015-05-28,410.0,412.0,406.0,409.0,9060437
2015-05-29,410.0,414.5,410.0,414.5,11101774
2015-06-01,418.0,418.0,407.0,410.0,5005790
2015-06-02,412.5,414.5,408.0,410.0,5387990
2015-06-03,411.0,415.5,409.5,410.0,3685893
2015-06-04,410.0,410.0,403.0,403.0,6034214
2015-06-05,402.0,403.5,398.0,400.5,5625960
2015-06-08,400.0,403.0,396.0,400.5,3259803
2015-06-09,402.0,409.0,401.0,401.5,3635199
2015-06-10,405.0,409.0,403.0,403.5,4823210
2015-06-11,404.5,407.0,401.0,403.5,4208503
2015-06-12,406.5,418.0,404.5,416.0,7337236
2015-06-15,418.0,419.5,407.5,409.0,5757976
2015-06-16,411.5,416.5,411.0,412.5,4689682
2015-06-17,415.5,425.0,413.0,424.5,9588767
2015-06-18,423.0,424.5,420.0,422.5,4941599
2015-06-22,425.0,436.0,425.0,434.0,8138620
2015-06-23,437.5,439.5,426.0,426.0,6771655
2015-06-24,425.0,425.5,420.5,421.5,5274114
2015-06-25,422.0,432.5,422.0,432.5,5948649
2015-06-26,428.0,431.0,422.0,425.0,6264905
2015-06-29,420.0,427.5,420.0,426.0,5107878
2015-06-30,426.0,426.0,421.0,422.0,4476785
2015-07-01,424.0,430.0,424.0,427.5,4028967
2015-07-02,424.5,427.0,421.0,421.0,4624848
2015-07-03,420.0,426.0,418.5,426.0,5004056
2015-07-06,421.0,424.5,419.0,419.0,3567422
2015-07-07,418.0,422.0,413.5,418.0,5645688
2015-07-08,414.5,415.0,400.0,403.0,11558667
2015-07-09,390.0,402.0,387.0,400.0,13759886
2015-07-13,391.0,400.0,391.0,398.0,8055909
2015-07-14,396.0,400.0,389.0,389.0,12372724
2015-07-15,375.5,377.5,372.0,373.0,9519977
2015-07-16,374.0,375.5,366.0,369.0,6978722
2015-07-17,369.0,369.5,362.5,365.0,6857917
2015-07-20,365.5,366.5,336.0,346.5,16709704
2015-07-21,342.5,357.0,342.5,357.0,7237429
2015-07-22,351.0,354.0,348.0,350.5,5982530
2015-07-23,350.5,352.5,338.5,342.0,8560454
2015-07-24,340.0,342.0,326.0,326.0,11200775
2015-07-27,326.0,333.5,317.5,317.5,10714333
2015-07-28,320.0,328.0,320.0,321.5,8135449
2015-07-29,322.0,329.0,321.0,322.5,6267002
2015-07-30,331.0,333.0,325.0,327.0,8072432
2015-07-31,327.0,332.0,322.0,332.0,7589847
2015-08-03,299.0,299.0,299.0,299.0,5081343
2015-08-04,275.0,287.0,274.0,280.0,27240047
2015-08-05,287.5,287.5,268.0,270.0,16904919
2015-08-06,275.0,278.0,268.5,275.0,10716139
2015-08-07,273.0,282.5,267.0,278.0,9814606
2015-08-10,280.5,291.5,275.0,288.0,10390123
2015-08-11,296.0,297.5,284.0,284.0,8949276
2015-08-12,285.0,286.5,276.0,280.0,12062618
2015-08-13,280.0,283.0,277.0,279.5,8411639
2015-08-14,280.0,280.0,265.0,270.0,17730700
2015-08-17,268.0,268.0,263.0,265.0,9130044
2015-08-18,267.0,271.5,266.5,267.0,5001512
2015-08-19,265.5,267.5,261.0,261.0,14079700
2015-08-20,260.0,263.0,254.0,260.0,14039610
2015-08-21,254.5,257.0,252.0,254.0,12198287
2015-08-24,250.0,250.0,229.0,229.0,13880555
2015-08-25,228.0,240.0,227.0,235.0,21673307
2015-08-26,233.0,234.0,227.0,229.5,16419375
2015-08-27,235.5,238.0,228.0,230.0,20533889
2015-08-28,243.0,253.0,241.0,253.0,20489963
2015-08-31,255.0,256.0,246.5,251.0,13381514
2015-09-01,248.5,249.5,239.5,245.0,10406623
2015-09-02,242.5,245.0,240.5,243.0,8966297
2015-09-03,243.0,248.0,241.0,242.0,6755326
2015-09-04,242.0,254.0,242.0,242.0,13928105
2015-09-07,242.0,248.5,242.0,246.5,7497966
2015-09-08,250.0,257.5,250.0,255.0,11808638
2015-09-09,261.0,280.5,260.0,280.0,15644735
2015-09-10,274.5,277.0,270.0,273.0,10371092
2015-09-11,273.0,283.5,273.0,277.0,10357332
2015-09-14,282.5,283.0,275.0,277.0,5042318
2015-09-15,276.0,277.0,270.0,271.0,4329078
2015-09-16,275.5,276.5,272.0,276.0,6426799
2015-09-17,281.5,283.5,277.0,277.0,6720925
2015-09-18,280.0,280.5,277.0,278.5,5514798
2015-09-21,275.0,275.0,262.5,263.5,13096456
2015-09-22,260.0,262.5,256.0,260.0,12145422
2015-09-23,255.0,255.5,248.0,251.0,14261855
2015-09-24,251.0,253.0,236.0,236.0,20323620
2015-09-25,234.5,241.0,233.5,237.0,11640205
2015-09-30,231.0,245.5,230.5,243.5,16386458
2015-10-01,248.0,253.0,246.5,250.5,10800977
2015-10-02,250.5,252.0,247.5,249.5,7736508
2015-10-05,249.5,250.0,242.0,243.0,11319640
2015-10-06,247.0,249.0,244.0,245.0,12375836
2015-10-07,247.5,258.0,246.0,258.0,15636566
2015-10-08,264.5,268.0,262.0,265.5,16739464
2015-10-12,269.0,271.5,264.0,266.5,10061416
2015-10-13,270.0,277.5,267.5,277.0,15217218
2015-10-14,277.0,277.0,271.5,272.5,7257410
2015-10-15,274.5,277.0,271.5,276.0,7426243
2015-10-16,276.5,276.5,272.0,276.0,8221562
2015-10-19,278.0,278.5,272.5,274.0,4833723
2015-10-20,276.0,276.5,272.5,275.0,5048983
2015-10-21,275.0,275.5,263.0,264.5,10963368
2015-10-22,261.0,270.0,261.0,267.0,9367207
2015-10-23,272.5,272.5,266.0,267.0,11031089
2015-10-26,269.0,272.5,268.0,271.5,5655106
2015-10-27,267.5,268.5,263.5,264.5,7147552
2015-10-28,263.0,264.5,252.0,256.0,16486805
2015-10-29,259.0,259.0,252.5,253.0,6708774
2015-10-30,252.0,258.5,249.5,254.5,7095081
2015-11-02,259.5,271.0,259.5,270.0,18194319
2015-11-03,275.0,279.0,273.5,276.0,17531647
2015-11-04,283.0,303.5,281.0,302.5,29666736
2015-11-05,307.0,307.0,295.5,297.0,10909646
2015-11-06,297.0,297.0,288.0,288.0,14514679
2015-11-09,288.0,293.0,284.0,286.0,8430855
2015-11-10,282.5,292.5,282.5,285.5,10294388
2015-11-11,285.5,288.0,274.0,275.0,10980180
2015-11-12,275.0,278.0,265.0,272.0,8874148
2015-11-13,271.5,277.5,265.0,265.5,10011761
2015-11-16,265.0,272.5,262.5,270.5,7885064
2015-11-17,274.0,274.5,265.0,265.5,9340685
2015-11-18,263.0,265.0,257.0,258.0,9540705
2015-11-19,258.0,265.0,256.0,265.0,8403913
2015-11-20,262.0,264.5,260.0,261.5,4693975
2015-11-23,264.0,275.0,260.0,275.0,13269798
2015-11-24,276.0,278.5,267.5,268.0,10339568
2015-11-25,271.0,274.0,262.5,262.5,9438854
2015-11-26,268.0,274.0,265.5,274.0,10608217
2015-11-27,273.0,273.5,266.5,267.0,5566819
2015-11-30,263.0,264.5,257.0,260.5,12207332
2015-12-01,261.0,264.0,256.0,261.0,14049815
2015-12-02,263.0,271.0,262.5,269.0,11859491
2015-12-03,267.0,275.0,266.5,274.0,9726782
2015-12-04,270.0,271.0,267.0,269.0,5575752
2015-12-07,271.5,275.0,271.0,275.0,7404123
2015-12-08,274.0,275.0,269.0,270.0,6749656
2015-12-09,270.5,271.5,264.0,264.0,5268821
2015-12-10,260.0,263.0,258.5,260.0,6584621
2015-12-11,261.0,264.0,257.5,257.5,5573443
2015-12-14,259.0,260.0,253.0,255.0,5033304
2015-12-15,255.5,262.0,255.5,259.0,6228386
2015-12-16,255.0,257.0,250.0,253.0,9802416
2015-12-17,254.5,260.5,253.5,259.0,5393975
2015-12-18,258.5,260.0,256.0,259.0,5525810
2015-12-21,254.0,256.5,253.0,254.0,6929601
2015-12-22,258.0,267.5,258.0,260.5,8715344
2015-12-23,260.5,262.5,257.0,257.0,4946237
2015-12-24,259.0,260.5,254.5,254.5,3318680
2015-12-25,254.5,257.0,254.5,256.5,1985960
2015-12-28,258.0,261.0,257.5,259.5,2643993
2015-12-29,256.0,256.0,248.0,250.0,14312774
2015-12-30,250.0,251.0,246.5,248.5,7931052
2015-12-31,250.0,251.0,249.0,250.0,3143175
2016-01-04,251.0,252.0,245.0,245.0,5433622
2016-01-05,245.0,247.0,242.0,242.5,4992995
2016-01-06,242.0,242.5,220.0,227.0,18471361
2016-01-07,225.5,226.0,205.0,206.0,21538233
2016-01-08,202.0,217.0,202.0,213.5,15267260
2016-01-11,209.0,210.5,203.5,209.0,10917308
2016-01-12,210.0,211.5,203.0,206.5,9110929
2016-01-13,210.0,210.5,204.0,206.5,10219356
2016-01-14,201.5,208.0,195.5,208.0,14232965
2016-01-15,210.0,212.0,200.5,205.0,10866894
2016-01-18,201.0,211.5,200.0,210.0,7493293
2016-01-19,210.0,221.5,209.0,216.5,10318781
2016-01-20,215.5,215.5,210.0,210.0,7062199
2016-01-21,213.0,214.0,209.5,210.0,5104788
2016-01-22,213.5,215.5,211.5,212.0,4309834
2016-01-25,216.0,217.0,214.0,214.5,3730305
2016-01-26,211.0,212.0,207.5,209.0,5491206
2016-01-27,211.0,212.5,210.0,211.0,2178569
2016-01-28,208.0,211.5,207.5,208.0,7238729
2016-01-29,206.5,215.0,201.5,214.0,13311760
2016-01-30,213.0,221.0,212.0,217.5,6247911
2016-02-01,216.5,216.5,209.5,210.0,9398873
2016-02-02,194.0,214.0,193.5,212.0,19720518
2016-02-03,206.5,208.5,200.0,200.0,15642773
2016-02-15,203.0,208.0,202.5,205.5,9836852
2016-02-16,208.5,213.0,207.0,211.5,10086684
2016-02-17,213.5,215.0,210.0,210.0,8867628
2016-02-18,214.0,220.0,213.0,220.0,10877720
2016-02-19,222.0,223.0,218.0,220.5,5659031
2016-02-22,222.5,230.5,221.5,229.0,10820387
2016-02-23,231.5,232.0,228.0,231.0,8327237
2016-02-24,230.0,230.0,226.0,227.0,5333929
2016-02-25,230.0,235.0,229.0,234.5,7733392
2016-02-26,234.0,237.5,232.5,236.0,6121398
2016-03-01,233.5,234.5,230.5,232.5,5050379
2016-03-02,235.5,236.0,233.5,234.0,4606951
2016-03-03,236.5,243.0,236.5,240.0,8713956
2016-03-04,241.0,241.0,237.5,240.0,3850754
2016-03-07,242.0,243.0,234.0,235.0,4555276
2016-03-08,236.0,238.5,231.0,235.0,4603442
2016-03-09,233.0,238.5,230.0,238.5,5821322
2016-03-10,238.5,239.0,232.5,232.5,5216410
2016-03-11,234.5,242.0,234.0,241.0,7365249
2016-03-14,245.0,263.0,245.0,260.0,17235169
2016-03-15,263.0,265.0,247.0,248.0,13554029
2016-03-16,250.5,255.5,250.0,252.5,6032435
2016-03-17,258.0,260.0,252.0,252.5,10132842
2016-03-18,254.0,258.0,253.0,258.0,7898572
2016-03-21,256.0,257.0,253.5,257.0,4735244
2016-03-22,256.5,256.5,243.5,248.0,7913142
2016-03-23,244.5,249.5,240.0,243.5,6245931
2016-03-24,243.5,247.5,242.5,246.0,4211014
2016-03-25,247.5,247.5,243.0,243.5,1811931
2016-03-28,243.5,244.0,238.0,240.0,3155253
2016-03-29,239.5,248.0,239.5,244.0,3931547
2016-03-30,247.0,252.0,246.0,249.5,8415666
2016-03-31,251.0,251.5,243.5,247.0,6203435
2016-04-01,242.0,244.0,239.0,241.0,5931519
2016-04-06,238.0,238.5,231.0,231.0,8660504
2016-04-07,232.5,237.0,229.0,229.0,8560898
2016-04-08,228.0,231.5,228.0,229.5,5118739
2016-04-11,233.0,234.5,230.0,232.0,6200448
2016-04-12,233.0,234.0,221.5,222.0,6549646
2016-04-13,225.0,228.0,224.0,225.5,6723747
2016-04-14,232.0,234.0,229.0,231.0,6593503
2016-04-15,233.0,235.5,232.5,234.0,5936096
2016-04-18,236.0,236.0,230.5,234.5,2760804
2016-04-19,237.0,238.0,232.0,232.5,3029467
2016-04-20,235.5,237.0,231.5,232.0,4687172
2016-04-21,234.0,236.0,231.5,234.0,3107033
2016-04-22,234.5,235.0,228.0,230.0,3516631
2016-04-25,230.0,230.5,224.0,228.0,3635060
2016-04-26,230.0,237.5,230.0,236.5,12996831
2016-04-27,237.0,246.0,234.5,242.0,11237685
2016-04-28,245.0,245.0,236.0,236.0,6534429
2016-04-29,234.0,234.0,229.5,230.0,5802425
2016-05-03,208.0,214.5,208.0,211.0,19756897
2016-05-04,210.0,211.0,200.0,201.5,17249894
2016-05-05,201.0,205.5,200.0,203.0,7930906
2016-05-06,200.5,201.0,192.0,192.0,24447240
2016-05-09,196.5,201.5,196.0,196.0,15410828
2016-05-10,199.0,204.0,197.0,204.0,9150855
2016-05-11,206.0,208.0,200.0,200.0,6371625
2016-05-12,200.5,203.0,200.0,200.0,3731947
2016-05-16,209.0,209.5,201.5,201.5,10109561
2016-05-17,203.5,203.5,200.0,202.5,5026419
2016-05-18,201.0,204.0,200.5,203.5,4367405
2016-05-19,204.0,204.5,200.0,200.0,4046314
2016-05-20,201.5,203.5,200.0,202.0,4008734
2016-05-23,204.0,212.0,203.0,210.0,8726691
2016-05-24,212.0,213.0,208.0,209.0,5255167
2016-05-25,213.0,214.0,210.5,211.0,4690142
2016-05-26,213.5,216.0,211.5,214.0,8012928
2016-05-27,216.0,216.5,211.5,212.5,4502173
2016-05-30,213.0,219.5,213.0,216.5,7976818
2016-05-31,221.5,225.0,218.0,220.0,17297945
2016-06-01,220.0,223.0,219.5,222.0,4865981
2016-06-02,225.0,225.5,214.5,215.0,11634747
2016-06-03,216.0,219.0,216.0,219.0,5387557
2016-06-04,222.0,225.0,221.5,225.0,4371668
2016-06-06,227.0,232.0,227.0,229.5,14882542
2016-06-07,236.0,237.0,231.0,233.0,14644441
2016-06-08,235.0,235.5,228.0,230.0,12441361
2016-06-13,225.5,227.0,220.0,220.0,11439881
2016-06-14,220.0,227.0,218.5,225.0,11783496
2016-06-15,225.0,232.0,225.0,230.5,9255373
2016-06-16,231.0,231.0,226.0,226.0,6759192
2016-06-17,228.0,229.0,226.5,227.0,7349557
2016-06-20,229.5,229.5,226.5,227.5,4123961
2016-06-21,228.5,231.5,227.5,229.5,6924211
2016-06-22,232.0,232.0,228.5,229.0,4725203
2016-06-23,229.0,229.5,227.0,228.0,2401075
2016-06-24,228.5,229.0,218.0,223.5,9073356
2016-06-27,223.5,229.0,222.0,226.5,4503723
2016-06-28,223.5,229.0,221.5,229.0,7859710
2016-06-29,230.0,241.5,229.0,237.5,15065368
2016-06-30,242.5,244.5,240.0,244.0,27524904
2016-07-01,246.5,247.5,243.0,245.0,14763552
2016-07-04,245.5,257.0,245.5,255.5,20359958
2016-07-05,254.0,254.0,245.0,245.0,13668848
2016-07-06,240.0,242.0,237.0,237.0,10665295
2016-07-07,239.5,241.5,237.5,238.0,5147826
2016-07-11,247.0,247.5,244.0,247.0,10418808
2016-07-12,249.0,250.5,247.5,248.0,9583663
2016-07-13,250.0,250.0,245.5,247.0,6494969
2016-07-14,247.5,247.5,245.0,246.0,13366167
2016-07-15,237.0,240.0,236.0,239.5,13681585
2016-07-18,240.5,241.5,238.5,240.0,5042920
2016-07-19,241.0,241.0,238.0,240.0,4957338
2016-07-20,239.0,239.0,236.0,238.0,7437384
2016-07-21,239.5,240.5,234.5,235.5,8849986
2016-07-22,237.5,238.0,235.0,236.0,5210786
2016-07-25,238.0,238.5,234.5,236.0,3319978
2016-07-26,235.5,241.0,234.0,241.0,8598895
2016-07-27,246.0,246.0,239.0,240.0,14638549
2016-07-28,240.0,244.0,238.0,244.0,6181657
2016-07-29,245.0,246.0,242.0,243.5,6496560
2016-08-01,245.5,249.5,243.5,249.0,8144227
2016-08-02,249.5,251.0,247.0,250.0,8945531
2016-08-03,246.0,249.0,245.5,249.0,5679835
2016-08-04,251.0,251.0,239.5,242.5,15110572
2016-08-05,242.5,249.0,242.5,249.0,8370929
2016-08-08,251.0,251.0,248.0,248.5,5774934
2016-08-09,249.5,250.0,248.0,250.0,3956039
2016-08-10,251.0,251.0,248.5,250.0,3071156
2016-08-11,250.5,250.5,245.0,248.5,3901992
2016-08-12,250.0,251.0,247.5,249.0,3003935
2016-08-15,250.0,250.5,247.5,249.0,2513083
2016-08-16,249.5,249.5,245.5,249.5,3814680
2016-08-17,249.5,253.5,249.0,250.5,9588256
2016-08-18,251.0,252.0,249.0,250.0,3926399
2016-08-19,250.0,250.0,245.0,245.0,5366185
2016-08-22,245.0,248.0,242.0,242.0,5102377
2016-08-23,242.5,245.5,242.5,242.5,3958688
2016-08-24,244.0,245.5,241.0,241.0,4260975
2016-08-25,242.0,244.0,241.5,244.0,4833057
2016-08-26,244.5,245.0,242.0,243.5,3873969
2016-08-29,245.0,245.5,242.0,244.5,4237358
2016-08-30,246.5,249.5,245.5,249.0,4233995
2016-08-31,249.5,251.0,247.5,249.5,6171561
2016-09-01,252.0,252.0,248.5,251.0,5555828
2016-09-02,250.0,251.0,245.0,245.5,4121259
2016-09-05,250.0,257.0,250.0,256.5,12863933
2016-09-06,256.5,256.5,252.5,254.5,6927993
2016-09-07,255.0,260.5,253.5,253.5,8697778
2016-09-08,250.5,253.5,250.5,250.5,7590600
2016-09-09,246.5,247.0,243.0,245.0,7947781
2016-09-10,241.0,241.0,238.0,240.0,4688489
2016-09-12,239.0,240.0,237.0,238.0,5466467
2016-09-13,240.0,241.0,237.0,239.5,4501756
2016-09-14,239.0,244.0,239.0,239.0,8075216
2016-09-19,239.5,243.0,239.5,242.5,8300840
2016-09-20,245.0,248.0,243.5,245.5,9490989
2016-09-21,247.0,248.5,245.0,246.0,9296535
2016-09-22,248.0,248.5,244.5,245.0,4006185
2016-09-23,245.5,247.0,245.0,247.0,3338426
2016-09-26,244.5,245.0,243.5,243.5,4247196
2016-09-29,243.0,245.0,243.0,243.5,6224340
2016-09-30,238.0,241.5,238.0,239.5,7524653
2016-10-03,241.0,243.0,240.0,241.0,4490496
2016-10-04,243.0,244.5,241.0,243.0,5478147
2016-10-05,241.5,248.0,241.5,247.0,7276034
2016-10-06,243.0,244.0,241.5,243.5,12143585
2016-10-07,242.0,242.5,239.0,241.0,6497240
2016-10-11,243.0,243.0,239.0,241.0,5968429
2016-10-12,240.0,240.5,237.5,240.0,5389750
2016-10-13,239.0,239.5,237.0,237.5,8155434
2016-10-14,236.5,238.0,235.0,236.5,6640030
2016-10-17,236.5,241.5,236.5,241.0,5826025
2016-10-18,242.0,242.0,238.0,240.0,3931393
2016-10-19,240.0,241.0,238.0,238.0,3311826
2016-10-20,237.0,240.0,236.0,236.0,3761396
2016-10-21,236.0,238.5,235.5,235.5,4230679
2016-10-24,237.0,239.0,236.5,238.0,3233601
2016-10-25,245.0,245.0,241.0,243.0,5863365
2016-10-26,242.5,242.5,240.0,240.5,2903886
2016-10-27,240.5,242.0,238.5,239.0,2097333
2016-10-28,239.0,239.0,236.0,237.5,3397347
2016-10-31,237.0,241.0,237.0,240.0,4405990
2016-11-01,238.5,239.5,237.0,237.5,2861586
2016-11-02,236.5,238.0,236.0,236.5,2742692
2016-11-03,237.5,238.0,236.0,236.5,2803419
2016-11-04,235.0,236.0,224.5,226.0,10486825
2016-11-07,228.0,232.0,227.5,231.0,3877789
2016-11-08,229.0,229.0,226.0,228.0,4216168
2016-11-09,231.0,231.0,218.0,220.5,6939022
2016-11-10,225.0,227.0,221.5,222.0,5457648
2016-11-11,216.0,217.0,210.5,215.0,13968224
2016-11-14,217.0,219.5,213.0,218.5,6740757
2016-11-15,215.0,217.5,215.0,216.0,5249201
2016-11-16,218.5,219.0,213.5,216.0,5170704
2016-11-17,217.0,222.0,216.5,221.5,4976862
2016-11-18,220.0,227.0,219.5,227.0,6305794
2016-11-21,227.5,227.5,223.0,223.0,3174366
2016-11-22,225.0,229.5,224.0,228.5,6291132
2016-11-23,229.5,229.5,225.5,226.0,4290884
2016-11-24,224.5,225.0,222.0,222.0,5023498
2016-11-25,222.0,224.0,221.5,221.5,1960865
2016-11-28,222.0,225.5,221.5,223.5,3844814
2016-11-29,223.5,223.5,220.0,221.5,4713666
2016-11-30,224.0,226.0,221.5,221.5,8587638
2016-12-01,223.0,224.5,221.5,224.5,3937128
2016-12-02,224.0,226.0,222.0,225.0,4814107
2016-12-05,226.0,226.0,223.0,223.5,3168375
2016-12-06,226.0,228.0,225.0,226.0,4684648
2016-12-07,228.0,228.0,224.0,225.0,4606364
2016-12-08,226.0,230.0,225.5,230.0,7816169
2016-12-09,230.0,231.0,228.0,230.5,5128219
2016-12-12,232.0,233.0,229.0,229.5,4423938
2016-12-13,229.0,229.5,227.5,228.5,4148386
2016-12-14,229.5,230.0,223.5,225.0,7995707
2016-12-15,224.5,228.5,223.0,228.0,4679063
2016-12-16,227.0,229.0,226.0,226.0,4250759
2016-12-19,226.0,226.0,223.5,224.0,3104404
2016-12-20,222.0,222.0,215.0,219.5,8885481
2016-12-21,219.5,221.0,216.5,216.5,4963751
2016-12-22,216.5,218.5,216.0,217.0,4238350
2016-12-23,217.0,218.0,216.0,216.5,4039860
2016-12-26,214.0,216.5,214.0,216.0,3087344
2016-12-27,216.0,218.5,215.5,218.0,2066712
2016-12-28,218.0,219.5,216.5,218.5,2982219
2016-12-29,218.0,218.5,216.0,216.5,3604394
2016-12-30,218.5,219.0,216.5,216.5,3800961
2017-01-03,217.5,218.0,216.5,218.0,3406879
2017-01-04,218.0,218.5,215.5,216.0,3339918
2017-01-05,215.5,218.0,215.5,218.0,3652571
2017-01-06,218.5,222.0,218.0,220.0,4249760
2017-01-09,220.5,221.0,217.0,217.0,2446956
2017-01-10,217.0,218.0,214.0,214.5,3958854
2017-01-11,214.5,216.0,213.0,215.5,4043134
2017-01-12,216.0,217.5,215.0,217.0,2719796
2017-01-13,212.5,215.0,212.5,215.0,3769032
2017-01-16,211.5,212.5,210.0,210.5,4848857
2017-01-17,211.0,213.5,210.5,213.5,3236587
2017-01-18,213.0,213.5,211.0,211.5,4688953
2017-01-19,212.0,213.0,211.5,213.0,5458772
2017-01-20,212.5,213.0,211.0,211.5,3673176
2017-01-23,213.0,215.0,212.5,214.5,3693244
2017-01-24,212.5,215.0,212.5,213.5,5775917
2017-02-02,204.5,207.5,203.0,204.5,18328764
2017-02-03,205.0,209.0,205.0,207.0,9549729
2017-02-06,208.0,214.0,206.0,212.0,10439845
2017-02-07,212.0,218.0,210.0,218.0,8813494
2017-02-08,214.0,217.0,213.0,213.5,8703669
2017-02-09,215.0,215.5,213.5,215.0,5620867
2017-02-10,217.0,217.5,215.0,215.5,6359248
2017-02-13,217.0,218.0,215.5,217.0,5555868
2017-02-14,215.0,217.5,215.0,217.0,4610846
2017-02-15,217.0,218.0,215.5,216.5,5832290
2017-02-16,218.0,218.0,216.0,217.0,5243197
2017-02-17,217.5,227.0,217.5,225.0,16002564
2017-02-18,225.0,225.0,223.5,224.5,2729623
2017-02-20,227.0,227.0,224.0,224.5,4623007
2017-02-21,225.5,230.0,225.0,225.5,6936396
2017-02-22,228.0,228.5,225.0,225.5,4516905
2017-02-23,226.0,226.5,223.5,224.5,5740506
2017-02-24,225.0,225.5,223.0,224.0,7886657
2017-03-01,226.0,228.0,224.0,225.0,7758852
2017-03-02,227.0,227.5,222.5,223.5,8948992
2017-03-03,223.0,223.5,218.5,219.5,7718449
2017-03-06,218.0,219.0,216.0,218.0,5445472
2017-03-07,216.0,218.0,216.0,218.0,4286776
2017-03-08,218.0,224.0,218.0,222.0,8801878
2017-03-09,222.0,222.0,218.0,218.0,4512117
2017-03-10,219.0,223.0,216.0,222.0,5637389
2017-03-13,225.0,225.0,220.5,222.5,5833259
2017-03-14,223.0,224.0,221.0,223.0,5675017
2017-03-15,223.0,223.0,220.0,221.5,4607492
2017-03-16,223.0,226.0,222.5,224.5,5470991
2017-03-17,225.0,226.0,224.0,225.5,6002813
2017-03-20,225.0,226.0,224.0,226.0,4096271
2017-03-21,227.0,231.5,226.5,230.0,11718216
2017-03-22,227.0,228.0,225.0,227.5,4943565
2017-03-23,226.5,227.5,223.5,224.0,5864755
2017-03-24,222.0,223.5,222.0,223.0,3297401
2017-03-27,222.0,225.0,221.0,224.0,3511338
2017-03-28,225.0,225.0,221.0,223.0,3569155
2017-03-29,222.0,222.5,218.0,219.0,9640622
2017-03-30,218.5,220.5,218.0,218.5,3462891
2017-03-31,217.5,218.5,214.5,215.0,9447619
2017-04-05,214.0,220.0,214.0,220.0,9414974
2017-04-06,219.0,219.5,216.0,217.0,6146208
2017-04-07,217.0,218.5,215.0,216.5,4803441
2017-04-10,216.5,219.0,216.0,217.0,3933984
2017-04-11,217.0,217.0,212.0,212.0,5020382
2017-04-12,212.0,216.0,212.0,214.0,4808320
2017-04-13,213.5,215.5,213.0,213.0,3779362
2017-04-14,214.0,214.5,212.0,212.0,2314687
2017-04-17,212.0,213.5,210.0,211.0,2319051
2017-04-18,213.5,213.5,210.5,212.5,3717379
2017-04-19,212.5,217.5,212.0,214.0,5908878
2017-04-20,214.0,216.5,213.0,215.0,3638317
2017-04-21,216.5,217.0,214.0,215.0,2413462
2017-04-24,215.5,216.0,214.0,215.0,1687132
2017-04-25,215.5,215.5,214.0,215.0,4832522
2017-04-26,215.0,215.0,212.0,213.5,5797012
2017-04-27,214.0,217.5,214.0,217.0,3607333
2017-04-28,216.5,218.0,215.5,217.0,3526638
2017-05-02,214.5,224.0,214.5,221.5,11425547
2017-05-03,220.0,221.0,217.0,218.5,5746684
2017-05-04,218.0,219.0,216.5,218.0,2990355
2017-05-05,217.0,217.5,216.0,216.0,1913214
2017-05-08,216.0,216.0,212.0,212.5,6420028
2017-05-09,211.0,212.5,208.0,208.0,6163349
2017-05-10,210.0,211.0,206.0,209.0,5187646
2017-05-11,208.5,214.5,208.5,213.5,7550548
2017-05-12,213.5,214.5,211.5,214.5,4698267
2017-05-15,214.0,215.0,213.0,214.5,3889325
2017-05-16,214.5,216.0,211.5,211.5,5413087
2017-05-17,212.0,213.5,211.5,213.0,3976262
2017-05-18,210.5,213.5,210.0,213.0,4895851
2017-05-19,213.0,213.0,212.0,212.5,2839640
2017-05-22,212.0,212.0,208.5,209.0,4729717
2017-05-23,208.0,209.0,208.0,208.0,4415424
2017-05-24,213.5,218.5,212.0,216.5,17207202
2017-05-25,224.5,230.5,221.0,228.5,23742481
2017-05-26,229.5,231.0,227.5,229.5,12774116
2017-05-31,230.0,232.0,229.0,230.0,12042064
2017-06-01,230.0,231.0,227.5,228.0,5302858
2017-06-02,230.0,236.0,229.5,234.0,11280043
2017-06-03,236.0,237.0,234.0,235.5,3593374
2017-06-05,238.5,243.5,238.0,243.0,14493954
2017-06-06,246.0,246.0,240.0,245.0,10042096
2017-06-07,245.5,253.0,243.0,252.0,19802915
2017-06-08,249.5,258.0,247.5,254.0,17207692
2017-06-09,252.0,255.0,250.5,250.5,10159813
2017-06-12,247.5,251.5,246.0,248.5,6076740
2017-06-13,248.5,252.0,246.5,247.0,7471371
2017-06-14,248.5,251.0,245.5,250.0,12725339
2017-06-15,249.5,252.0,248.5,251.0,6613095
2017-06-16,249.0,253.0,247.0,253.0,8013878
2017-06-19,253.0,258.0,253.0,255.5,5515421
2017-06-20,256.5,257.5,255.0,257.5,6763609
2017-06-21,260.0,273.0,260.0,269.5,21218632
2017-06-22,272.0,274.0,268.0,271.0,9201795
2017-06-23,269.5,272.0,265.5,265.5,6200175
2017-06-26,264.5,270.5,264.0,269.5,8080900
2017-06-27,270.0,273.0,268.0,270.0,7039265
2017-06-28,267.0,268.0,263.0,264.0,8160513
2017-06-29,267.0,269.0,265.5,267.5,5445451
2017-06-30,263.0,263.5,259.0,260.5,11479321
2017-07-03,263.0,270.5,263.0,267.5,10007504
2017-07-04,266.5,268.5,263.5,263.5,5142761
2017-07-05,263.5,266.5,261.5,265.0,9466641
2017-07-06,258.0,258.5,253.0,253.0,9483207
2017-07-07,251.0,251.5,248.5,250.0,4616548
2017-07-10,251.5,252.5,246.0,247.0,5395877
2017-07-11,249.5,255.5,248.0,254.0,6026425
2017-07-12,254.0,256.5,252.5,254.5,5398645
2017-07-13,255.0,256.0,252.0,252.0,3422523
2017-07-14,254.0,255.0,252.5,254.5,2626937
2017-07-17,256.0,256.0,252.5,254.5,2967465
2017-07-18,254.5,254.5,248.5,251.0,4385243
2017-07-19,252.0,263.0,252.0,261.0,13663782
2017-07-20,261.0,263.0,258.0,259.0,5334944
2017-07-21,259.0,260.0,255.5,255.5,3606898
2017-07-24,253.0,254.5,249.0,253.5,5584072
2017-07-25,253.5,257.0,251.0,256.0,7661094
2017-07-26,259.0,264.0,258.0,259.0,13055892
2017-07-27,259.0,265.5,257.0,263.0,11918313
2017-07-28,263.0,270.0,261.0,266.5,13187668
2017-07-31,265.5,271.0,261.0,266.0,9732707
2017-08-01,278.0,292.5,275.0,292.5,27621624
2017-08-02,300.0,303.0,297.5,300.0,26602042
2017-08-03,296.0,297.5,291.0,291.0,8961361
2017-08-04,292.0,294.5,288.0,290.0,7008273
2017-08-07,290.0,292.0,286.5,289.0,11150022
2017-08-08,286.5,289.0,280.0,287.0,12734105
2017-08-09,282.0,286.5,282.0,284.0,5765429
2017-08-10,284.0,288.0,279.0,280.0,6912133
2017-08-11,279.5,286.5,276.0,286.0,6118846
2017-08-14,285.0,285.0,280.0,280.0,4598473
2017-08-15,281.0,284.0,271.0,271.5,11678480
2017-08-16,272.5,276.0,270.0,273.0,7308935
2017-08-17,274.5,275.0,270.5,272.0,5037510
2017-08-18,266.0,269.5,264.5,267.5,5746286
2017-08-21,266.0,273.0,264.0,272.0,6067487
2017-08-22,272.5,274.5,270.0,270.5,4345979
2017-08-23,276.0,279.0,270.5,271.0,7304257
2017-08-24,270.0,274.0,270.0,273.0,3828042
2017-08-25,272.5,273.0,269.0,269.0,5990124
2017-08-28,270.0,272.0,268.0,271.5,2632943
2017-08-29,269.5,270.0,267.0,267.0,3518006
2017-08-30,270.5,272.0,268.0,268.5,4349299
2017-08-31,271.5,275.5,270.5,270.5,9701408
2017-09-01,274.5,274.5,271.0,272.0,4456924
2017-09-04,270.5,271.5,268.5,271.0,2430050
2017-09-05,272.5,279.5,271.0,279.5,6996464
2017-09-06,278.5,278.5,271.0,271.5,8306773
2017-09-07,271.5,277.5,271.5,272.5,5654648
2017-09-08,275.5,276.0,271.0,274.5,5455804
2017-09-11,276.0,279.5,275.0,279.0,6872066
2017-09-12,282.0,283.0,275.0,275.5,6680350
2017-09-13,277.0,277.5,273.0,275.0,5216271
2017-09-14,272.5,294.5,272.5,287.0,17883006
2017-09-15,294.0,294.5,290.0,292.0,13537831
2017-09-18,299.5,302.0,292.5,292.5,7244717
2017-09-19,295.5,297.5,292.0,293.0,6989117
2017-09-20,292.0,294.0,282.5,290.0,9508483
2017-09-21,285.0,294.5,285.0,293.5,6684869
2017-09-22,293.5,294.5,286.0,286.0,4820035
2017-09-25,286.0,290.0,281.0,285.5,4729144
2017-09-26,285.5,289.0,282.0,282.0,3600978
2017-09-27,285.0,290.0,284.5,287.5,7978649
2017-09-28,289.0,294.0,288.0,291.0,8682612
2017-09-29,290.0,291.0,284.5,284.5,7880675
2017-09-30,286.0,291.5,286.0,291.5,2905400
2017-10-02,293.0,293.5,287.5,288.0,4691717
2017-10-03,289.0,289.5,285.5,288.0,4003475
2017-10-05,290.0,290.5,284.5,285.0,5068194
2017-10-06,289.0,295.0,288.0,291.0,11476211
2017-10-11,298.0,306.5,296.0,306.0,19773715
2017-10-12,308.0,309.0,303.0,303.5,16332612
2017-10-13,309.0,322.0,308.0,322.0,26768732
2017-10-16,320.5,330.0,318.0,326.0,18343999
2017-10-17,326.0,327.0,320.5,321.0,9779007
2017-10-18,321.0,322.0,312.5,314.5,9439166
2017-10-19,317.0,323.5,316.0,316.5,7519592
2017-10-20,316.5,319.5,313.0,313.0,7547318
2017-10-23,321.0,322.5,318.5,320.5,6564806
2017-10-24,318.5,322.5,315.0,321.5,4570436
2017-10-25,328.0,334.0,326.0,328.0,11984238
2017-10-26,327.0,339.5,326.0,338.5,10777715
2017-10-27,338.5,346.0,330.0,330.0,12505057
2017-10-30,335.0,337.0,326.5,334.5,7630413
2017-10-31,336.0,350.0,333.0,342.5,15248751
2017-11-01,350.5,350.5,338.0,338.0,15054322
2017-11-02,337.5,344.0,336.0,336.0,6886834
2017-11-03,338.0,341.5,332.0,335.0,8852838
2017-11-06,331.5,332.5,323.0,328.0,13289766
2017-11-07,330.0,338.5,330.0,337.5,7730251
2017-11-08,337.0,339.0,332.0,336.5,4695375
2017-11-09,336.5,341.0,328.0,331.0,5447287
2017-11-10,323.0,326.0,307.5,326.0,15697597
2017-11-13,323.5,324.5,317.5,317.5,6588631
2017-11-14,326.0,332.5,322.0,326.0,8063450
2017-11-15,323.0,325.0,319.0,322.0,5848318
2017-11-16,322.0,325.0,319.5,320.5,4947048
2017-11-17,327.0,330.0,325.0,329.5,6854773
2017-11-20,334.0,334.0,319.0,320.0,6000173
2017-11-21,320.5,323.5,316.0,322.0,6266273
2017-11-22,324.0,332.0,322.5,327.0,7428234
2017-11-23,331.5,333.5,326.5,327.0,4118085
2017-11-24,330.0,330.0,324.0,326.0,3238485
2017-11-27,328.0,331.0,324.5,330.5,3919596
2017-11-28,337.0,337.0,328.5,331.0,7460233
2017-11-29,334.5,336.5,332.0,334.5,4521461
2017-11-30,336.0,336.5,318.5,326.0,10532780
2017-12-01,326.5,329.0,312.0,315.0,8055572
2017-12-04,315.0,320.5,315.0,320.0,4555823
2017-12-05,318.0,320.0,315.0,318.0,3030874
2017-12-06,318.0,318.0,286.5,286.5,17490883
2017-12-07,289.0,293.0,284.5,287.5,11079895
2017-12-08,291.0,297.5,287.5,296.0,7054528
2017-12-11,297.5,301.5,296.0,299.5,3470565
2017-12-12,299.5,300.0,291.0,296.0,4239176
2017-12-13,298.0,299.0,291.0,291.0,4712816
2017-12-14,291.5,295.5,289.0,289.5,4395536
2017-12-15,287.5,289.0,276.0,285.0,12426779
2017-12-18,285.0,289.0,280.0,287.5,5170946
2017-12-19,289.0,294.0,287.5,294.0,5989588
2017-12-20,294.0,294.0,288.0,292.5,2430748
2017-12-21,293.0,296.0,290.0,290.0,2601721
2017-12-22,292.5,293.5,289.0,290.5,2119223
2017-12-25,291.0,291.5,286.0,287.0,1436728
2017-12-26,287.5,288.0,277.0,280.0,6020186
2017-12-27,280.0,283.5,276.5,283.0,4375518
2017-12-28,281.0,287.5,281.0,286.0,4585851
2017-12-29,288.5,294.0,287.0,294.0,5128493
2018-01-02,293.0,293.5,289.0,291.5,2537800
2018-01-03,295.0,302.5,295.0,300.5,8197202
2018-01-04,301.0,307.0,298.0,307.0,6783498
2018-01-05,310.0,310.0,297.0,300.0,4965501
2018-01-08,304.0,306.0,296.0,298.0,4142031
2018-01-09,297.0,304.0,296.0,304.0,5147465
2018-01-10,304.5,311.0,302.0,309.5,6851283
2018-01-11,309.5,309.5,302.5,306.0,3775458
2018-01-12,309.0,311.5,307.0,309.5,5579414
2018-01-15,312.0,313.0,308.5,313.0,4350414
2018-01-16,311.0,314.0,309.0,312.0,4648847
2018-01-17,308.0,308.0,303.5,306.5,5882149
2018-01-18,308.5,321.5,307.0,319.5,8801766
2018-01-19,321.0,321.0,314.0,319.0,7447305
2018-01-22,317.0,319.0,312.0,319.0,5556851
2018-01-23,318.5,323.5,317.0,318.0,10574361
2018-01-24,315.0,316.0,307.5,307.5,7802626
2018-01-25,308.0,317.0,305.5,305.5,9112131
2018-01-26,300.5,308.5,300.5,308.0,7022277
2018-01-29,314.0,314.0,307.0,308.0,4417172
2018-01-30,305.5,305.5,298.5,299.0,6988505
2018-01-31,295.0,304.0,295.0,299.0,7830732
2018-02-01,310.0,311.0,306.5,307.0,13669201
2018-02-02,304.0,306.5,301.5,304.5,5242656
2018-02-05,295.0,301.0,295.0,299.0,5583969
2018-02-06,290.0,292.0,279.0,286.5,11116800
2018-02-07,292.5,295.0,284.5,284.5,7681256
2018-02-08,285.0,288.5,283.0,286.0,4649916
2018-02-09,272.5,286.0,270.0,283.0,8477304
2018-02-12,286.5,289.0,283.0,285.0,5525043
2018-02-21,293.5,304.5,292.0,304.5,11124413
2018-02-22,300.0,306.0,298.5,302.0,7652415
2018-02-23,300.0,302.0,299.5,300.5,6895549
2018-02-26,304.5,304.5,296.5,296.5,3620576
2018-02-27,302.0,307.0,301.0,301.0,9192774
2018-03-01,301.0,302.5,294.5,299.5,9511203
2018-03-02,296.0,307.0,296.0,302.5,11706432
2018-03-05,302.5,303.0,295.0,295.0,7595028
2018-03-06,299.0,303.0,296.5,301.0,8100162
2018-03-07,297.5,307.5,297.5,300.0,10376719
2018-03-08,304.0,309.5,302.5,309.5,11617109
2018-03-09,309.5,312.5,307.5,310.5,8455746
2018-03-12,312.0,322.5,311.5,317.0,12539320
2018-03-13,317.0,320.5,317.0,319.0,10215713
2018-03-14,319.0,319.0,313.5,313.5,6017705
2018-03-15,313.5,321.0,313.5,318.0,8616499
2018-03-16,322.0,322.5,317.0,317.0,12301493
2018-03-19,321.5,344.0,320.5,334.0,18084889
2018-03-20,335.0,344.0,335.0,342.5,16137222
2018-03-21,348.0,348.0,335.0,336.0,12857200
2018-03-22,339.0,342.0,335.0,336.0,5677495
2018-03-23,324.0,334.0,323.0,328.0,6414475
2018-03-26,328.5,347.5,328.0,347.0,11777725
2018-03-27,343.0,345.0,334.0,342.5,12445408
2018-03-28,338.0,341.5,333.0,333.0,6476805
2018-03-29,337.5,341.0,331.0,331.0,6907204
2018-03-30,339.0,346.5,338.5,340.0,10060735
2018-03-31,343.0,344.0,339.0,340.5,2089136
2018-04-02,343.5,343.5,336.0,336.5,3080504
2018-04-03,333.5,334.0,326.5,328.0,7879106
2018-04-09,331.0,333.0,327.5,327.5,6833784
2018-04-10,330.0,331.0,326.0,327.0,4664776
2018-04-11,330.0,343.0,329.5,339.0,9673560
2018-04-12,339.5,342.0,330.5,331.5,5856142
2018-04-13,335.0,338.0,334.0,336.0,4800170
2018-04-16,340.0,346.0,338.5,342.0,7929952
2018-04-17,345.0,345.0,336.0,340.0,5928455
2018-04-18,345.0,373.0,345.0,362.0,29146106
2018-04-19,370.0,374.5,357.5,360.5,18316689
2018-04-20,357.0,362.0,351.0,354.5,10760973
2018-04-23,356.0,363.0,350.5,350.5,8170123
2018-04-24,352.0,354.0,330.0,341.5,10638684
2018-04-25,338.5,346.0,334.5,337.0,7676548
2018-04-26,341.0,344.5,321.0,323.5,12585799
2018-04-27,337.0,339.5,325.5,339.5,8263068
2018-04-30,328.0,341.0,327.0,340.0,10585708
2018-05-02,341.5,343.0,330.0,331.0,9126980
2018-05-03,328.0,329.0,312.0,320.0,12988126
2018-05-04,315.0,328.0,315.0,325.5,6275448
2018-05-07,332.0,332.5,317.0,318.5,7337344
2018-05-08,319.0,326.0,319.0,325.0,5086816
2018-05-09,325.5,330.5,322.5,328.0,4855243
2018-05-10,328.0,331.5,326.0,329.5,4831038
2018-05-11,329.5,330.5,317.0,319.5,11336872
2018-05-14,325.0,326.0,318.0,320.0,5398227
2018-05-15,324.0,324.0,318.5,319.0,3768594
2018-05-16,320.0,322.0,315.0,319.0,3594624
2018-05-17,318.5,318.5,307.0,310.0,8766504
2018-05-18,311.5,315.0,307.0,313.0,5357335
2018-05-21,315.5,317.0,313.5,314.0,3005338
2018-05-22,315.0,322.0,313.0,320.5,6695276
2018-05-23,323.0,323.0,317.5,320.0,6587676
2018-05-24,323.0,323.0,318.0,322.0,4097555
2018-05-25,322.0,326.5,319.0,324.0,4971678
2018-05-28,324.0,325.5,318.5,318.5,3884905
2018-05-29,319.0,319.5,315.0,315.0,2389488
2018-05-30,312.5,313.5,310.0,310.0,5019062
2018-05-31,313.0,313.0,308.5,311.5,10028970
2018-06-01,313.5,319.0,313.0,319.0,3291068
2018-06-04,319.5,330.5,319.5,329.5,9003494
2018-06-05,330.5,330.5,324.5,325.0,4005678
2018-06-06,329.5,334.0,327.0,331.0,5500800
2018-06-07,331.0,332.0,328.0,331.0,3642395
2018-06-08,329.0,330.0,326.5,330.0,3846689
2018-06-11,331.0,334.5,330.5,332.5,5830621
2018-06-12,329.0,330.5,323.0,324.0,3972024
2018-06-13,322.5,326.0,320.5,320.5,3639873
2018-06-14,320.0,322.5,315.0,315.0,3938428
2018-06-15,316.0,318.5,312.5,315.0,5146049
2018-06-19,311.5,318.0,311.0,312.0,4698793
2018-06-20,312.0,313.0,309.0,310.0,5656714
2018-06-21,312.0,313.5,310.5,312.0,3846807
2018-06-22,310.0,311.0,308.0,310.5,3055482
2018-06-25,307.0,311.0,307.0,310.0,2955202
2018-06-26,305.0,305.5,293.0,296.5,10965073
2018-06-27,297.0,302.0,296.0,296.5,6511777
2018-06-28,295.0,299.0,292.0,297.0,4398790
2018-06-29,298.5,302.0,298.5,300.0,4915252
2018-07-02,301.0,312.5,301.0,305.0,5740591
2018-07-03,305.0,309.0,303.0,304.5,3870712
2018-07-04,303.5,306.5,297.0,298.0,3724168
2018-07-05,295.0,295.0,280.5,281.5,9900612
2018-07-06,282.0,288.0,282.0,285.0,9758208
2018-07-09,278.0,279.5,271.0,272.5,7374647
2018-07-10,274.5,280.0,274.0,280.0,4904871
2018-07-11,277.0,278.5,273.5,276.0,3684846
2018-07-12,276.0,285.0,276.0,283.0,4540240
2018-07-13,281.5,286.0,281.0,285.0,3578038
2018-07-16,285.0,286.5,282.5,282.5,1934940
2018-07-17,283.0,287.5,283.0,285.5,3209658
2018-07-18,287.0,288.5,281.0,281.0,5334897
2018-07-19,283.5,284.5,281.5,284.0,3739955
2018-07-20,282.0,284.0,280.0,280.0,4735839
2018-07-23,278.5,278.5,271.0,271.5,10295269
2018-07-24,270.0,270.0,254.0,255.0,18771099
2018-07-25,255.0,264.0,254.0,262.5,8034621
2018-07-26,259.0,263.0,259.0,263.0,6743232
2018-07-27,263.0,271.5,263.0,267.5,8246218
2018-07-30,263.5,265.0,258.5,260.0,6557869
2018-07-31,256.0,257.0,250.0,254.0,13736789
2018-08-01,265.0,277.5,265.0,275.0,16149338
2018-08-02,276.0,277.0,269.0,269.0,9306991
2018-08-03,272.0,274.0,271.0,274.0,6376440
2018-08-06,273.5,274.0,270.0,273.0,2324777
2018-08-07,273.0,278.0,271.5,275.5,5438603
2018-08-08,277.0,278.0,275.0,277.5,4605097
2018-08-09,276.0,276.5,272.0,275.0,3355805
2018-08-10,272.5,276.5,272.5,274.5,2071377
2018-08-13,265.0,268.5,258.0,263.5,5137482
2018-08-14,263.5,267.0,263.5,265.0,2505500
2018-08-15,263.5,264.0,260.0,260.0,2362251
2018-08-16,250.0,253.0,246.0,247.5,12955116
2018-08-17,250.5,252.5,246.0,247.0,7904316
2018-08-20,249.5,249.5,244.0,247.0,5129423
2018-08-21,246.0,247.0,245.0,245.5,3896372
2018-08-22,247.0,249.5,244.0,247.5,6912322
2018-08-23,248.0,253.0,248.0,253.0,5206562
2018-08-24,253.0,253.0,247.0,250.0,2873118
2018-08-27,248.5,249.0,245.5,247.5,3303194
2018-08-28,247.5,256.0,247.5,252.0,10744025
2018-08-29,254.5,256.5,253.0,256.0,5486321
2018-08-30,257.0,258.5,255.0,256.0,4274480
2018-08-31,255.0,255.0,248.5,251.5,6027520
2018-09-03,252.5,253.0,249.0,249.5,3759530
2018-09-04,250.0,255.0,250.0,253.5,4155461
2018-09-05,253.5,256.0,252.0,254.0,5658310
2018-09-06,252.5,257.0,250.0,255.0,4832939
2018-09-07,253.0,254.5,245.5,248.0,6905361
2018-09-10,249.0,251.0,238.0,242.5,8970148
2018-09-11,246.0,247.0,241.0,244.0,5581726
2018-09-12,246.5,246.5,242.0,244.0,3333026
2018-09-13,245.5,245.5,242.0,242.0,3492346
2018-09-14,244.5,246.5,243.0,245.5,3522752
2018-09-17,244.0,245.0,242.0,243.5,1762951
2018-09-18,243.0,246.5,243.0,244.5,3198033
2018-09-19,246.5,248.5,243.0,245.0,3748889
2018-09-20,243.5,245.0,237.5,238.0,5312721
2018-09-21,241.5,244.0,240.5,243.0,5338227
2018-09-25,241.0,244.0,241.0,243.5,2855605
2018-09-26,244.5,245.0,241.0,241.5,3087089
2018-09-27,241.0,242.0,239.0,241.5,2935735
2018-09-28,244.5,246.5,243.0,246.5,6198255
2018-10-01,248.5,252.0,248.5,250.0,5081741
2018-10-02,250.0,251.0,243.0,245.0,12269236
2018-10-03,245.5,246.5,241.0,246.0,4459111
2018-10-04,248.0,248.0,242.0,242.0,5522030
2018-10-05,240.0,241.0,232.5,234.5,9432507
2018-10-08,234.5,235.5,232.5,233.5,7119698
2018-10-09,234.0,234.5,228.5,228.5,6597219
2018-10-11,207.5,210.5,207.0,210.5,18592317
2018-10-12,210.0,221.0,210.0,220.0,7413236
2018-10-15,218.5,226.5,216.0,221.0,7507028
2018-10-16,222.5,227.0,222.0,222.0,3703987
2018-10-17,225.5,226.5,224.0,224.5,3778048
2018-10-18,225.0,227.0,224.0,225.0,2588243
2018-10-19,221.5,222.5,218.5,222.5,3881788
2018-10-22,220.5,224.0,220.0,221.5,2304109
2018-10-23,220.0,222.0,214.0,214.0,3750442
2018-10-24,212.0,216.0,206.0,214.0,5893975
2018-10-25,207.5,212.0,206.0,210.0,7491358
2018-10-26,212.0,213.5,200.5,202.0,8769095
2018-10-29,206.0,208.0,199.5,208.0,7244609
2018-10-30,209.0,212.0,206.0,207.0,5275023
2018-10-31,212.0,227.5,211.0,227.5,10262937
2018-11-01,227.0,229.0,218.5,223.5,9447080
2018-11-02,226.5,230.5,224.5,227.5,7310536
2018-11-05,225.5,230.0,224.0,230.0,4237811
2018-11-06,233.5,238.0,226.5,230.0,5869560
2018-11-07,230.0,236.0,230.0,235.0,3698354
2018-11-08,239.0,240.0,233.0,235.0,3951731
2018-11-09,234.5,234.5,226.5,228.5,4588760
2018-11-12,228.0,235.5,227.0,234.5,5490588
2018-11-13,227.5,234.0,226.5,231.0,4337995
2018-11-14,231.0,233.0,229.0,230.0,2607260
2018-11-15,231.5,235.0,229.5,231.5,3910993
2018-11-16,225.0,228.0,220.0,220.0,8593017
2018-11-19,222.0,225.0,220.0,223.5,4529006
2018-11-20,222.5,225.5,220.5,225.0,4366250
2018-11-21,223.0,224.5,220.0,223.0,3605281
2018-11-22,223.5,225.0,222.0,222.5,2429076
2018-11-23,224.0,224.0,222.0,222.0,1501480
2018-11-26,224.0,230.5,223.0,228.0,5138404
2018-11-27,228.0,232.0,225.0,232.0,3222824
2018-11-28,232.0,236.5,231.0,236.5,4001176
2018-11-29,240.0,241.5,231.5,231.5,4823111
2018-11-30,233.0,238.0,231.0,237.5,6754593
2018-12-03,243.0,247.0,242.5,245.5,7644178
2018-12-04,248.0,252.5,245.0,252.0,10166331
2018-12-05,246.5,247.0,244.0,244.5,4879496
2018-12-06,239.0,239.5,229.0,229.5,8345167
2018-12-07,233.5,236.5,232.5,233.5,4682911
2018-12-10,229.5,234.0,228.0,229.0,3099071
2018-12-11,227.0,229.5,226.0,228.0,2710930
2018-12-12,231.5,235.0,230.0,233.0,3454665
2018-12-13,233.5,238.0,233.5,237.5,4468290
2018-12-14,239.0,240.0,233.0,236.0,3433139
2018-12-17,239.0,239.0,234.0,235.0,2744768
2018-12-18,234.0,236.5,233.5,234.5,2413231
2018-12-19,232.5,236.0,232.5,236.0,2712347
2018-12-20,229.5,231.0,223.5,225.0,9042120
2018-12-21,224.0,226.0,221.5,223.5,5269734
2018-12-22,223.0,223.5,221.5,223.0,923087
2018-12-24,223.5,225.5,222.5,225.0,1674367
2018-12-25,221.0,222.0,219.0,221.0,1528188
2018-12-26,222.0,223.5,220.0,220.0,897303
2018-12-27,224.5,227.0,223.0,225.0,2969386
2018-12-28,223.5,229.5,223.5,229.5,3415320
2019-01-02,229.5,229.5,220.5,220.5,4284014
2019-01-03,224.0,226.0,221.0,223.5,3718829
2019-01-04,218.5,218.5,213.5,217.0,6492944
2019-01-07,221.0,221.5,217.5,219.0,7008819
2019-01-08,221.0,222.5,218.5,222.0,4626012
2019-01-09,225.5,231.5,224.0,226.0,8817353
2019-01-10,226.0,228.0,223.0,226.0,2881535
2019-01-11,227.0,229.0,226.0,227.5,2023139
2019-01-14,231.5,234.0,230.0,231.5,4203075
2019-01-15,233.5,233.5,231.5,233.0,4945299
2019-01-16,233.0,238.0,232.0,237.0,4464761
2019-01-17,237.5,239.0,234.5,237.0,3010704
2019-01-18,239.5,244.5,239.0,244.0,6656676
2019-01-21,247.0,249.0,243.5,244.5,4439388
2019-01-22,246.5,248.0,241.0,242.0,4435260
2019-01-23,240.5,241.0,237.0,241.0,3064991
2019-01-24,242.5,248.0,242.0,244.5,6357578
2019-01-25,246.5,249.5,245.0,248.0,6402195
2019-01-28,247.5,249.0,246.5,248.5,4014061
2019-01-29,245.0,248.0,244.0,245.5,4277832
2019-01-30,245.5,245.5,241.5,243.0,5074048
2019-02-11,252.5,259.5,249.5,259.5,19458668
2019-02-12,257.0,259.5,256.0,257.5,6519205
2019-02-13,259.5,261.5,256.5,259.0,5523900
2019-02-14,257.0,259.0,255.5,255.5,3051493
2019-02-15,254.5,258.0,250.5,252.0,4364578
2019-02-18,254.5,254.5,251.0,253.5,3795721
2019-02-19,252.0,252.5,249.0,250.0,3647988
2019-02-20,251.5,258.0,251.5,255.5,8261067
2019-02-21,254.0,259.5,253.5,259.0,6240313
2019-02-22,260.0,271.0,259.5,264.0,16461969
2019-02-25,271.0,282.5,270.5,282.5,20311509
2019-02-26,283.5,293.0,276.5,276.5,15256458
2019-02-27,280.0,282.0,274.0,280.0,9345510
2019-03-04,280.0,283.5,277.0,277.0,7996170
2019-03-05,275.5,279.0,272.0,273.0,5726149
2019-03-06,274.0,281.5,274.0,280.0,9173054
2019-03-07,277.5,279.0,272.5,274.0,4456436
2019-03-08,270.0,271.5,266.0,267.5,7692720
2019-03-11,267.5,272.5,267.5,270.0,3485628
2019-03-12,274.5,276.0,270.0,270.5,4929135
2019-03-13,270.0,273.5,269.0,273.0,2627183
2019-03-14,272.0,278.0,271.5,272.5,4932937
2019-03-15,274.0,277.0,273.5,276.0,4556807
2019-03-18,280.0,281.5,276.0,278.0,4328819
2019-03-19,276.5,277.0,272.0,275.5,5706614
2019-03-20,275.5,275.5,273.0,274.5,3167594
2019-03-21,274.5,279.5,274.5,277.5,4761736
2019-03-22,280.0,286.0,279.0,284.0,13915848
2019-03-25,276.5,279.0,276.0,276.5,5459643
2019-03-26,279.0,281.5,278.5,281.0,3638168
2019-03-27,280.0,280.5,278.0,279.5,2680720
2019-03-28,278.5,283.5,276.5,276.5,4616705
2019-03-29,279.0,282.5,277.0,282.5,5880432
2019-04-01,284.5,287.0,284.0,285.5,7480601
2019-04-02,290.0,291.5,288.0,290.5,9761324
2019-04-03,289.5,291.5,287.0,290.5,6655692
2019-04-08,289.0,294.5,289.0,294.5,8345644
2019-04-09,294.0,300.0,291.0,299.5,10051612
2019-04-10,300.0,304.5,298.0,300.0,13100630
2019-04-11,298.0,303.0,291.0,291.5,13327619
2019-04-12,294.0,297.0,292.0,293.5,6379713
2019-04-15,298.0,299.0,295.5,296.5,7199887
2019-04-16,299.0,301.5,297.5,300.0,8003479
2019-04-17,294.5,299.0,287.5,288.5,19673897
2019-04-18,289.5,293.5,289.0,291.0,11586481
2019-04-19,293.5,294.0,288.5,290.0,5029798
2019-04-22,292.0,293.5,288.5,289.0,3197270
2019-04-23,290.5,290.5,285.0,290.0,4918551
2019-04-24,292.0,292.0,287.0,289.5,3863399
2019-04-25,289.5,291.0,286.0,288.0,3703193
2019-04-26,286.0,290.0,283.5,290.0,3850978
2019-04-29,289.5,291.5,286.5,287.5,4352363
2019-04-30,290.0,295.5,287.0,295.5,9104796
2019-05-02,307.5,307.5,298.0,298.0,22384303
2019-05-03,304.0,310.0,301.0,309.0,18705013
2019-05-06,304.0,306.0,301.0,306.0,12433296
2019-05-07,309.0,313.0,307.0,311.0,12499811
2019-05-08,308.0,311.0,304.5,310.0,9896385
2019-05-09,311.0,314.0,300.0,300.0,9566606
2019-05-10,303.0,305.5,293.0,298.5,7160414
2019-05-13,300.0,300.0,285.5,286.5,8021402
2019-05-14,279.0,289.0,276.5,289.0,8354651
2019-05-15,290.0,293.5,287.5,290.0,5782386
2019-05-16,290.0,292.0,286.0,288.0,4927890
2019-05-17,291.5,296.5,289.0,291.0,8935427
2019-05-20,291.5,293.0,286.5,290.0,5080134
2019-05-21,287.0,292.5,286.5,290.5,5504726
2019-05-22,290.0,290.5,286.5,287.5,3821414
2019-05-23,291.0,295.0,289.0,292.0,9875909
2019-05-24,294.5,294.5,286.0,287.0,5171759
2019-05-27,287.0,288.5,276.5,281.0,7623986
2019-05-28,283.0,283.5,279.5,280.5,7631484
2019-05-29,277.5,280.5,275.0,280.5,5039512
2019-05-30,284.5,298.5,284.5,296.5,10940177
2019-05-31,298.5,313.0,297.0,311.0,16347408
2019-06-03,308.5,316.5,304.0,314.0,13144705
2019-06-04,316.0,318.0,311.0,311.0,8772745
2019-06-05,317.0,319.5,312.5,313.0,9334896
2019-06-06,312.0,312.0,305.5,307.0,6168786
2019-06-10,313.0,316.5,310.0,316.0,8082018
2019-06-11,310.0,314.0,308.0,308.0,8924969
2019-06-12,308.5,312.5,306.5,309.5,4508590
2019-06-13,309.5,316.5,308.5,309.5,6906886
2019-06-14,311.0,312.5,306.0,307.0,4800518
2019-06-17,305.0,307.0,300.0,300.5,7844100
2019-06-18,304.0,309.0,304.0,308.5,6585570
2019-06-19,314.5,315.0,307.5,308.5,8662800
2019-06-20,311.0,313.0,308.0,310.0,4674213
2019-06-21,312.0,316.0,310.0,313.5,9233348
2019-06-24,311.5,315.5,310.0,315.5,4462509
2019-06-25,313.5,315.0,309.0,311.5,3262743
2019-06-26,312.5,313.0,309.5,310.5,3335968
2019-06-27,314.0,315.5,312.5,313.0,5593416
2019-06-28,314.0,315.5,311.0,314.0,4718184
2019-07-01,315.0,317.0,312.5,314.0,8268252
2019-07-02,314.0,319.0,313.5,319.0,7822935
2019-07-03,322.0,326.5,316.0,317.5,8818515
2019-07-04,320.0,320.5,317.5,319.0,4090644
2019-07-05,319.5,322.0,318.5,321.0,6690938
2019-07-08,312.0,315.5,312.0,314.0,5706740
2019-07-09,314.5,316.0,313.0,313.5,3738897
2019-07-10,317.0,319.0,315.5,318.0,4383939
2019-07-11,320.0,324.0,319.0,322.5,6720950
2019-07-12,321.5,322.0,318.0,318.0,3255923
2019-07-15,318.5,319.0,313.5,314.5,5194708
2019-07-16,315.5,317.5,313.0,314.0,5075568
2019-07-17,313.0,314.0,308.5,310.0,7544470
2019-07-18,311.0,311.0,301.0,302.0,9627433
2019-07-19,307.5,308.0,302.5,304.5,7333715
2019-07-22,306.0,309.5,305.5,308.5,7703764
2019-07-23,310.0,315.0,310.0,314.5,7586407
2019-07-24,315.0,315.5,307.5,308.0,8578357
2019-07-25,310.0,313.0,308.0,313.0,5665905
2019-07-26,309.5,315.0,308.0,313.5,4494969
2019-07-29,311.0,319.5,310.0,319.0,9083924
2019-07-30,322.0,328.0,320.5,325.5,17119494
2019-07-31,322.0,322.0,309.0,314.5,17759819
2019-08-01,318.0,327.5,314.0,314.0,24478906
2019-08-02,310.5,316.5,309.5,316.0,13587337
2019-08-05,313.0,315.5,309.0,312.0,9440893
2019-08-06,305.0,313.0,304.0,309.0,10859433
2019-08-07,313.0,319.5,312.5,318.0,13326307
2019-08-08,316.5,320.5,314.5,316.5,7158959
2019-08-12,318.5,323.0,318.0,323.0,8148041
2019-08-13,321.5,322.0,317.0,318.0,3973869
2019-08-14,322.0,323.0,318.5,319.5,4361080
2019-08-15,314.5,317.0,313.5,316.5,5639867
2019-08-16,317.0,324.5,317.0,322.0,8208353
2019-08-19,328.0,353.0,326.5,353.0,30578217
2019-08-20,351.5,354.0,347.0,351.0,13464762
2019-08-21,351.0,356.5,347.0,347.0,11451561
2019-08-22,349.0,352.0,342.5,345.0,9351639
2019-08-23,347.5,352.0,342.5,342.5,8018420
2019-08-26,337.5,344.5,336.0,343.0,5594378
2019-08-27,347.0,348.0,343.0,345.5,10359958
2019-08-28,355.5,367.5,355.0,366.0,21836331
2019-08-29,364.5,366.0,361.5,365.5,8989969
2019-08-30,370.5,373.5,365.0,367.5,10557568
2019-09-02,367.5,371.5,364.0,370.5,5333803
2019-09-03,370.5,370.5,363.0,364.0,5274940
2019-09-04,365.0,369.0,362.0,365.0,6380489
2019-09-05,368.5,369.5,364.5,367.5,4485683
2019-09-06,371.0,378.0,368.0,374.5,14046238
2019-09-09,381.5,389.5,378.0,382.5,19604086
2019-09-10,380.0,382.0,375.5,378.0,9046222
2019-09-11,376.0,379.5,372.5,374.5,7656588
2019-09-12,381.0,383.0,373.0,375.0,9899513
2019-09-16,375.5,384.5,375.5,382.0,10976486
2019-09-17,385.0,388.0,382.5,383.0,9510754
2019-09-18,383.0,384.0,379.0,382.0,7371028
2019-09-19,387.0,388.0,380.5,380.5,8439232
2019-09-20,381.5,388.0,381.5,386.5,9398253
2019-09-23,385.5,391.0,384.5,388.0,4616257
2019-09-24,388.0,389.0,384.5,387.0,4040265
2019-09-25,382.5,385.0,379.0,380.0,8943671
2019-09-26,382.0,384.0,374.0,376.0,8219250
2019-09-27,376.0,378.0,368.5,369.0,9126978
2019-10-01,369.5,376.5,369.0,376.5,7417613
2019-10-02,374.0,375.5,372.0,372.0,3950924
2019-10-03,372.0,381.0,367.5,379.5,8891382
2019-10-04,382.5,387.0,382.0,385.5,7691915
2019-10-07,386.5,388.0,381.5,384.0,5092932
2019-10-08,384.0,385.5,383.0,384.5,5088917
2019-10-09,382.0,382.5,372.0,372.0,8426727
2019-10-14,371.0,375.0,368.0,370.5,14688516
2019-10-15,370.0,371.5,366.0,367.0,9994456
2019-10-16,370.0,372.0,359.0,360.0,12208364
2019-10-17,364.0,372.0,362.0,371.0,8885926
2019-10-18,373.5,374.0,369.0,370.0,5956854
2019-10-21,373.0,374.5,368.5,369.0,4625574
2019-10-22,369.5,372.0,367.5,371.5,4971040
2019-10-23,370.5,372.0,368.0,372.0,4064705
2019-10-24,376.5,381.5,376.0,381.5,12750908
2019-10-25,385.0,386.0,379.0,379.0,8223640
2019-10-28,382.5,387.0,381.0,387.0,7243786
2019-10-29,393.0,395.5,385.5,393.0,13697380
2019-10-30,393.0,399.0,389.5,396.5,11199167
2019-10-31,396.5,412.0,395.5,408.0,24248661
2019-11-01,410.0,413.5,403.5,405.0,10327206
2019-11-04,405.0,412.0,404.5,412.0,8229135
2019-11-05,411.5,426.0,411.5,425.0,11961184
2019-11-06,425.5,434.0,423.0,434.0,14687309
2019-11-07,428.0,431.0,421.0,425.0,12569714
2019-11-08,425.0,428.0,411.0,414.0,13226485
2019-11-11,412.0,412.0,403.0,403.5,8447587
2019-11-12,405.0,412.5,405.0,410.0,5316072
2019-11-13,404.0,414.5,404.0,408.0,5132554
2019-11-14,409.5,413.0,405.0,410.5,4915989
2019-11-15,414.0,426.0,413.5,422.0,9908952
2019-11-18,418.5,421.0,416.5,419.5,3777538
2019-11-19,420.0,423.0,417.0,421.0,3798032
2019-11-20,421.0,421.0,413.0,414.5,6027873
2019-11-21,410.0,412.5,398.0,407.0,11781615
2019-11-22,404.0,412.0,404.0,411.0,7319917
2019-11-25,420.0,422.5,416.0,418.5,9091715
2019-11-26,425.0,427.5,418.5,420.0,11090564
2019-11-27,424.0,426.0,420.0,422.5,6115772
2019-11-28,425.0,432.5,423.0,431.5,9884036
2019-11-29,434.0,437.0,420.0,421.5,11677430
2019-12-02,418.5,425.0,412.0,416.5,6767586
2019-12-03,416.5,425.0,416.5,418.0,7340205
2019-12-04,418.0,424.5,416.5,424.5,6155565
2019-12-05,425.0,426.0,420.0,420.0,6035907
2019-12-06,420.5,422.0,415.0,415.0,5400845
2019-12-09,419.0,427.5,418.0,426.5,10360273
2019-12-10,427.0,427.0,423.5,425.0,3307268
2019-12-11,423.0,429.0,423.0,429.0,6041435
2019-12-12,430.5,432.5,426.5,427.5,10296487
2019-12-13,430.5,434.0,428.0,432.5,8981136
2019-12-16,435.5,443.5,433.0,442.0,11206360
2019-12-17,444.0,464.0,443.0,460.5,16791241
2019-12-18,460.0,460.0,453.0,456.5,11852129
2019-12-19,455.5,456.0,451.5,454.5,9032898
2019-12-20,454.5,454.5,442.0,446.0,14495688
2019-12-23,445.5,450.0,442.0,449.0,5692155
2019-12-24,448.0,448.0,444.5,445.0,3108958
2019-12-25,444.0,453.0,444.0,452.0,2911788
2019-12-26,459.5,460.5,449.0,449.0,5855027
2019-12-27,451.5,452.5,446.0,446.5,4173840
2019-12-30,446.5,447.5,445.0,446.5,2909387
2019-12-31,443.5,446.5,441.0,443.5,5710571
2020-01-02,445.0,446.0,440.5,441.5,6237434
2020-01-03,445.0,445.5,423.0,434.5,12375266
2020-01-06,428.0,431.5,424.0,424.0,8520516
2020-01-07,428.0,431.0,418.0,426.0,11707155
2020-01-08,426.0,436.5,424.0,430.5,9695448
2020-01-09,435.0,439.0,432.5,437.0,7061194
2020-01-10,439.5,441.0,426.0,432.0,7882248
2020-01-13,432.0,435.0,422.0,422.0,10239998
2020-01-14,422.5,424.5,412.5,416.0,19437055
2020-01-15,409.0,419.0,406.5,416.0,26086092
2020-01-16,419.0,423.5,415.0,421.0,13075722
2020-01-17,428.0,428.0,418.5,420.5,8818316
2020-01-20,421.0,422.0,417.0,419.0,6172773
2020-01-30,400.0,400.5,382.5,383.5,22330256
2020-01-31,385.0,393.0,382.0,388.0,10439123
2020-02-03,376.5,387.0,373.0,382.0,10641830
2020-02-04,384.0,396.5,384.0,390.5,9511276
2020-02-05,390.5,390.5,378.5,381.0,16355382
2020-02-06,381.0,390.5,380.0,382.0,10507866
2020-02-07,380.5,385.5,379.0,381.0,10226510
2020-02-10,377.5,386.5,375.0,380.0,11049172
2020-02-11,382.0,391.5,382.0,390.0,11384133
2020-02-12,398.0,403.5,395.0,401.5,13600808
2020-02-13,408.5,412.0,406.5,408.5,15526270
2020-02-14,407.0,408.0,403.5,405.5,9177582
2020-02-17,397.5,399.5,394.0,398.0,9237824
2020-02-18,394.0,396.5,392.0,392.0,7500223
2020-02-19,395.0,396.0,387.5,388.5,9008260
2020-02-20,391.5,394.0,387.5,394.0,8177571
2020-02-21,394.0,394.0,388.0,388.0,7800080
2020-02-24,382.5,384.5,376.0,377.0,13117425
2020-02-25,374.5,383.0,371.0,378.5,10230047
2020-02-26,375.0,380.0,373.0,375.0,10994144
2020-02-27,376.0,378.0,360.0,360.0,14733370
2020-03-02,356.0,368.0,353.5,363.0,11727602
2020-03-03,373.0,378.5,371.0,372.0,10014005
2020-03-04,371.5,372.5,364.0,370.5,10894688
2020-03-05,377.5,385.0,376.0,385.0,11305601
2020-03-06,380.0,382.5,376.5,378.5,7682406
2020-03-09,368.5,371.0,361.0,366.5,11652891
2020-03-10,363.5,373.5,362.0,373.5,11832469
2020-03-11,373.5,377.0,362.0,363.0,9371669
2020-03-12,356.0,358.5,336.0,336.0,19312208
2020-03-13,307.5,348.0,305.0,341.0,23633277
2020-03-16,333.0,342.5,320.0,320.0,12157253
2020-03-17,308.0,328.5,308.0,315.5,14400860
2020-03-18,315.5,321.5,301.5,301.5,14131612
2020-03-19,291.0,298.5,273.0,274.0,25712419
2020-03-20,296.0,301.0,287.0,301.0,17586676
2020-03-23,307.0,314.0,296.0,308.0,21198004
2020-03-24,336.0,338.5,326.0,330.0,13447078
2020-03-25,348.0,353.0,330.0,334.5,20283591
2020-03-26,339.0,345.0,328.0,343.5,11554093
2020-03-27,359.5,359.5,336.5,340.0,13224545
2020-03-30,329.5,336.5,323.0,336.5,11164349
2020-03-31,339.0,343.5,326.0,327.5,10956002
2020-04-01,333.0,334.0,325.5,334.0,6677209
2020-04-06,346.0,346.0,336.5,341.0,8234391
2020-04-07,348.0,350.0,346.0,347.0,10214322
2020-04-08,346.0,352.0,345.0,349.5,6885590
2020-04-09,356.0,356.0,347.5,351.5,8237776
2020-04-10,352.5,352.5,348.0,350.0,6619621
2020-04-13,349.0,354.5,348.5,351.5,7148004
2020-04-14,354.0,368.5,353.5,365.5,13578196
2020-04-15,370.0,370.5,363.5,365.5,8890815
2020-04-16,361.0,365.5,360.5,361.5,6871648
2020-04-17,379.0,379.0,363.0,368.0,13317197
2020-04-20,371.0,373.5,366.5,370.0,5979488
2020-04-21,367.0,367.0,352.0,353.5,11421460
2020-04-22,350.0,352.0,342.0,346.0,12142371
2020-04-23,347.5,351.0,344.0,351.0,8791011
2020-04-24,351.0,353.0,348.0,348.5,6025467
2020-04-27,357.0,374.0,355.5,372.0,13194986
2020-04-28,374.5,375.0,363.5,375.0,10769852
2020-04-29,400.0,400.0,386.5,398.0,31507975
2020-04-30,412.0,415.5,405.0,415.0,22045679
2020-05-04,404.0,405.0,398.0,399.5,11748303
2020-05-05,403.5,405.5,396.0,401.5,7287899
2020-05-06,405.0,409.5,401.5,408.0,10340772
2020-05-07,412.0,415.0,411.0,411.0,8184230
2020-05-08,415.0,418.0,411.5,411.5,6884964
2020-05-11,415.5,415.5,407.0,410.0,6480940
2020-05-12,408.0,409.5,404.0,407.0,5093041
2020-05-13,408.5,420.0,407.0,420.0,11287740
2020-05-14,417.0,419.0,406.5,411.0,8304088
2020-05-15,414.0,415.5,404.5,411.0,5826797
2020-05-18,452.0,452.0,436.5,440.5,25672990
2020-05-19,462.5,464.0,458.0,462.0,23381164
2020-05-20,467.0,479.0,464.0,470.0,18969567
2020-05-21,470.0,472.0,460.5,464.5,9455736
2020-05-22,446.5,455.0,440.0,442.0,15484024
2020-05-25,451.5,460.0,449.0,460.0,11364742
2020-05-26,460.0,468.0,458.0,460.0,6684259
2020-05-27,465.0,466.0,459.5,464.5,8859230
2020-05-28,468.0,469.0,453.5,460.0,10968535
2020-05-29,460.0,467.0,453.5,463.0,9592183
2020-06-01,468.0,470.0,460.0,461.5,8808266
2020-06-02,488.0,490.5,479.5,485.0,17040745
2020-06-03,492.0,493.5,487.0,490.0,9783845
2020-06-04,485.0,493.0,482.0,490.0,8538190
2020-06-05,493.0,497.5,491.0,494.0,8958917
2020-06-08,495.5,505.0,493.0,494.5,9669114
2020-06-09,491.0,499.5,487.5,497.5,7942284
2020-06-10,495.5,503.0,495.0,500.0,6677972
2020-06-11,500.0,509.0,496.0,496.5,11175186
2020-06-12,473.0,495.5,473.0,492.5,12644920
2020-06-15,498.0,505.0,492.5,492.5,7204482
2020-06-16,492.0,510.0,491.5,510.0,11665647
2020-06-17,511.0,516.0,505.0,510.0,7132179
2020-06-18,515.0,515.0,508.0,513.0,5601592
2020-06-19,520.0,560.0,518.0,546.0,22189522
2020-06-22,553.0,576.0,546.0,576.0,17896887
2020-06-23,580.0,594.0,558.0,574.0,16106824
2020-06-24,572.0,584.0,568.0,580.0,9137582
2020-06-29,566.0,576.0,563.0,565.0,12360207
2020-06-30,569.0,579.0,568.0,579.0,9477547
2020-07-01,590.0,594.0,575.0,577.0,7704668
2020-07-02,577.0,582.0,573.0,574.0,6031098
2020-07-03,575.0,587.0,575.0,585.0,8709502
2020-07-06,587.0,589.0,580.0,589.0,7257983
2020-07-07,598.0,632.0,595.0,618.0,19739242
2020-07-08,629.0,674.0,625.0,661.0,23384399
2020-07-09,661.0,663.0,640.0,651.0,17228954
2020-07-10,641.0,647.0,616.0,616.0,17015547
2020-07-13,626.0,639.0,618.0,629.0,10446840
2020-07-14,627.0,628.0,610.0,611.0,9446920
2020-07-15,612.0,618.0,598.0,609.0,14729162
2020-07-16,601.0,612.0,599.0,599.0,7417218
2020-07-17,598.0,608.0,596.0,607.0,8994459
2020-07-20,609.0,611.0,590.0,601.0,9008151
2020-07-21,612.0,643.0,612.0,637.0,15777808
2020-07-22,659.0,670.0,651.0,664.0,17852109
2020-07-23,658.0,687.0,653.0,677.0,17793987
2020-07-24,677.0,703.0,670.0,675.0,24419901
2020-07-27,695.0,737.0,691.0,728.0,21431219
2020-07-28,741.0,763.0,680.0,680.0,36378539
2020-07-29,683.0,694.0,667.0,682.0,14628939
2020-07-30,686.0,694.0,670.0,683.0,13796896
2020-07-31,678.0,707.0,670.0,701.0,15072563
2020-08-03,743.0,743.0,695.0,696.0,25733096
2020-08-04,703.0,732.0,700.0,732.0,19275303
2020-08-05,735.0,739.0,722.0,730.0,13153226
2020-08-06,736.0,753.0,730.0,732.0,12890678
2020-08-07,730.0,736.0,704.0,705.0,14627882
2020-08-10,696.0,714.0,696.0,706.0,11142754
2020-08-11,698.0,708.0,691.0,693.0,9919208
2020-08-12,684.0,690.0,674.0,680.0,11143131
2020-08-13,700.0,702.0,671.0,684.0,11410405
2020-08-14,670.0,683.0,670.0,680.0,9672925
2020-08-17,684.0,689.0,677.0,685.0,6056362
2020-08-18,617.0,642.0,617.0,617.0,42389663
2020-08-19,618.0,626.0,605.0,609.0,23597107
2020-08-20,603.0,611.0,551.0,565.0,34547307
2020-08-21,583.0,606.0,581.0,604.0,21528784
2020-08-24,599.0,600.0,583.0,585.0,14910954
2020-08-25,592.0,594.0,584.0,589.0,9904789
2020-08-26,585.0,586.0,573.0,578.0,10781130
2020-08-27,583.0,586.0,555.0,558.0,15405596
2020-08-28,558.0,575.0,553.0,574.0,13150295
2020-08-31,580.0,583.0,552.0,556.0,17151699
2020-09-01,559.0,577.0,553.0,576.0,11319355
2020-09-02,605.0,609.0,590.0,596.0,18844801
2020-09-03,614.0,615.0,598.0,603.0,13567883
2020-09-04,589.0,610.0,582.0,603.0,13800424
2020-09-07,608.0,613.0,593.0,598.0,7096189
2020-09-08,602.0,614.0,598.0,604.0,6683057
2020-09-09,594.0,599.0,586.0,595.0,10536718
2020-09-10,601.0,607.0,598.0,599.0,7308603
2020-09-11,598.0,603.0,586.0,595.0,7837495
2020-09-14,596.0,610.0,589.0,609.0,8675428
2020-09-15,609.0,614.0,603.0,611.0,8056558
2020-09-16,618.0,628.0,616.0,617.0,10738991
2020-09-17,610.0,611.0,593.0,599.0,12572944
2020-09-18,599.0,611.0,591.0,611.0,11402876
2020-09-21,614.0,624.0,610.0,616.0,8306351
2020-09-22,614.0,615.0,602.0,603.0,7641728
2020-09-23,609.0,619.0,609.0,617.0,6545842
2020-09-24,606.0,616.0,600.0,600.0,8632965
2020-09-25,605.0,608.0,581.0,585.0,9004337
2020-09-28,583.0,607.0,581.0,603.0,8878900
2020-09-29,606.0,614.0,606.0,610.0,6297334
2020-09-30,615.0,618.0,607.0,607.0,6064893
2020-10-05,614.0,617.0,610.0,611.0,5000804
2020-10-06,618.0,619.0,612.0,615.0,3949603
2020-10-07,617.0,658.0,613.0,647.0,17770203
2020-10-08,660.0,677.0,650.0,670.0,15705367
2020-10-12,710.0,722.0,699.0,714.0,22052450
2020-10-13,712.0,712.0,693.0,699.0,7971165
2020-10-14,692.0,698.0,687.0,689.0,6302855
2020-10-15,693.0,707.0,689.0,689.0,7045919
2020-10-16,689.0,695.0,680.0,680.0,5020630
2020-10-19,683.0,695.0,683.0,692.0,3933553
2020-10-20,688.0,697.0,683.0,697.0,4936501
2020-10-21,704.0,710.0,687.0,691.0,5171741
2020-10-22,688.0,696.0,685.0,688.0,5130155
2020-10-23,689.0,694.0,678.0,678.0,4854113
2020-10-26,680.0,686.0,672.0,674.0,4340545
2020-10-27,674.0,688.0,672.0,685.0,6628379
2020-10-28,685.0,689.0,675.0,681.0,6124573
2020-10-29,670.0,687.0,666.0,684.0,4542886
2020-10-30,678.0,682.0,670.0,678.0,6389520
2020-11-02,690.0,690.0,650.0,653.0,14039866
2020-11-03,661.0,676.0,660.0,665.0,8279509
2020-11-04,671.0,685.0,661.0,677.0,9310114
2020-11-05,685.0,696.0,679.0,696.0,11771407
2020-11-06,701.0,704.0,692.0,700.0,7383559
2020-11-09,710.0,714.0,693.0,702.0,6643292
2020-11-10,702.0,702.0,681.0,686.0,6061984
2020-11-11,662.0,682.0,662.0,676.0,8075443
2020-11-12,677.0,683.0,671.0,673.0,4845993
2020-11-13,671.0,677.0,667.0,675.0,4707048
2020-11-16,685.0,695.0,681.0,694.0,6340597
2020-11-17,701.0,703.0,691.0,696.0,6537087
2020-11-18,702.0,728.0,701.0,728.0,21267800
2020-11-19,732.0,738.0,727.0,733.0,9175800
2020-11-20,732.0,754.0,723.0,747.0,11660336
2020-11-23,754.0,758.0,738.0,743.0,7122453
2020-11-24,752.0,752.0,734.0,742.0,5788982
2020-11-25,746.0,748.0,724.0,724.0,7168939
2020-11-26,733.0,737.0,725.0,730.0,3674272
2020-11-27,725.0,731.0,721.0,725.0,3520339
2020-11-30,711.0,718.0,703.0,704.0,14282872
2020-12-01,700.0,708.0,693.0,697.0,8546033
2020-12-02,706.0,717.0,695.0,712.0,8951519
2020-12-03,715.0,715.0,698.0,700.0,7043862
2020-12-04,700.0,707.0,696.0,705.0,5447920
2020-12-07,705.0,708.0,695.0,704.0,5507847
2020-12-08,703.0,731.0,702.0,730.0,10092358
2020-12-09,735.0,746.0,730.0,734.0,7934850
2020-12-10,730.0,730.0,706.0,709.0,7890093
2020-12-11,720.0,722.0,701.0,707.0,7743157
2020-12-14,706.0,710.0,699.0,702.0,3923653
2020-12-15,702.0,706.0,696.0,701.0,5126489
2020-12-16,711.0,714.0,701.0,701.0,6278334
2020-12-17,703.0,711.0,699.0,704.0,6085006
2020-12-18,704.0,708.0,699.0,699.0,4932935
2020-12-21,698.0,708.0,689.0,708.0,5459098
2020-12-22,708.0,722.0,703.0,703.0,6455645
2020-12-23,708.0,722.0,705.0,720.0,5391073
2020-12-24,724.0,725.0,714.0,714.0,3363422
2020-12-25,720.0,722.0,712.0,715.0,2222300
2020-12-28,724.0,741.0,723.0,740.0,10682986
2020-12-29,741.0,746.0,734.0,734.0,4621472
2020-12-30,740.0,746.0,735.0,746.0,5673669
2020-12-31,747.0,753.0,742.0,747.0,4667590
2021-01-04,755.0,798.0,752.0,792.0,14143143
2021-01-05,796.0,804.0,775.0,797.0,9450974
2021-01-06,802.0,814.0,785.0,792.0,9331483
2021-01-07,794.0,808.0,785.0,799.0,7755897
2021-01-08,810.0,844.0,802.0,838.0,13336420
2021-01-11,843.0,856.0,835.0,851.0,8031597
2021-01-12,857.0,868.0,842.0,846.0,10441036
2021-01-13,855.0,899.0,850.0,884.0,16971279
2021-01-14,872.0,881.0,854.0,861.0,11667769
2021-01-15,878.0,882.0,842.0,850.0,9997448
2021-01-18,850.0,851.0,817.0,844.0,9010949
2021-01-19,861.0,880.0,854.0,879.0,8072808
2021-01-20,885.0,898.0,870.0,872.0,11111720
2021-01-21,890.0,935.0,888.0,934.0,17720132
2021-01-22,914.0,946.0,908.0,917.0,16584582
2021-01-25,917.0,925.0,891.0,910.0,9057069
2021-01-26,914.0,922.0,871.0,871.0,10311306
2021-01-27,881.0,905.0,871.0,897.0,11567263
2021-01-28,866.0,880.0,863.0,869.0,18167308
2021-01-29,889.0,903.0,875.0,875.0,18258898
2021-02-01,886.0,909.0,875.0,905.0,13638526
2021-02-02,925.0,952.0,920.0,931.0,14757663
2021-02-03,947.0,959.0,942.0,950.0,11707296
2021-02-04,933.0,953.0,915.0,946.0,13251920
2021-02-05,955.0,987.0,950.0,950.0,15508268
2021-02-17,1000.0,1010.0,971.0,980.0,11965819
2021-02-18,980.0,987.0,968.0,978.0,6379963
2021-02-19,971.0,975.0,953.0,964.0,7991437
2021-02-22,972.0,980.0,951.0,951.0,7565200
2021-02-23,945.0,968.0,932.0,965.0,8565124
2021-02-24,948.0,967.0,940.0,940.0,8417401
2021-02-25,950.0,955.0,930.0,944.0,8044929
2021-02-26,923.0,931.0,896.0,896.0,15572480
2021-03-02,920.0,939.0,900.0,900.0,14215554
2021-03-03,915.0,930.0,895.0,930.0,9625941
2021-03-04,919.0,919.0,895.0,897.0,12469716
2021-03-05,877.0,892.0,870.0,883.0,10585927
2021-03-08,901.0,909.0,866.0,867.0,9984494
2021-03-09,860.0,885.0,854.0,879.0,9503232
2021-03-10,890.0,892.0,860.0,864.0,9564427
2021-03-11,869.0,895.0,865.0,888.0,9536535
2021-03-12,900.0,915.0,892.0,899.0,8342109
2021-03-15,900.0,914.0,900.0,907.0,6870767
2021-03-16,917.0,919.0,906.0,919.0,6819333
2021-03-17,924.0,925.0,902.0,908.0,6095656
2021-03-18,914.0,920.0,903.0,903.0,4643748
2021-03-19,895.0,896.0,880.0,885.0,7815136
2021-03-22,880.0,891.0,872.0,881.0,7242365
2021-03-23,890.0,892.0,870.0,870.0,8634587
2021-03-24,872.0,895.0,866.0,894.0,7176317
2021-03-25,904.0,950.0,896.0,949.0,16822913
2021-03-26,951.0,955.0,930.0,943.0,11990455
2021-03-29,953.0,970.0,941.0,941.0,9733633
2021-03-30,958.0,977.0,941.0,971.0,12775101
2021-03-31,972.0,984.0,960.0,969.0,9308335
2021-04-01,978.0,985.0,961.0,961.0,5773029
2021-04-06,985.0,1010.0,984.0,995.0,12518802
2021-04-07,1005.0,1010.0,988.0,998.0,5555761
2021-04-08,988.0,1030.0,985.0,1020.0,8167263
2021-04-09,1025.0,1030.0,999.0,999.0,6835494
2021-04-12,997.0,1005.0,956.0,960.0,10591483
2021-04-13,973.0,984.0,952.0,961.0,9936111
2021-04-14,965.0,969.0,935.0,965.0,8837949
2021-04-15,971.0,985.0,957.0,985.0,6003442
2021-04-16,990.0,990.0,967.0,975.0,6494451
2021-04-19,985.0,985.0,962.0,963.0,4616211
2021-04-20,966.0,1010.0,963.0,998.0,11068834
2021-04-21,1010.0,1010.0,983.0,988.0,6767197
2021-04-22,999.0,1010.0,984.0,984.0,6178019
2021-04-23,980.0,1035.0,980.0,1035.0,11303072
2021-04-26,1070.0,1090.0,1030.0,1070.0,11479738
2021-04-27,1075.0,1100.0,1055.0,1065.0,8769643
2021-04-28,1075.0,1090.0,1055.0,1080.0,9050437
2021-04-29,1185.0,1185.0,1185.0,1185.0,6567928
2021-05-03,1175.0,1175.0,1080.0,1105.0,26691326
2021-05-04,1100.0,1105.0,1025.0,1085.0,18231506
2021-05-05,1090.0,1100.0,999.0,1005.0,14706523
2021-05-06,1030.0,1065.0,1000.0,1055.0,14707057
2021-05-07,1055.0,1065.0,1020.0,1060.0,10404016
2021-05-10,1015.0,1025.0,979.0,979.0,19770327
2021-05-11,901.0,937.0,898.0,911.0,25311449
2021-05-12,900.0,919.0,821.0,888.0,31743355
2021-05-13,886.0,905.0,861.0,873.0,16914988
2021-05-14,894.0,920.0,888.0,895.0,11955062
2021-05-17,880.0,937.0,869.0,914.0,16387825
2021-05-18,940.0,994.0,920.0,994.0,16451932
2021-05-19,983.0,992.0,943.0,943.0,12726405
2021-05-20,938.0,949.0,926.0,930.0,11288732
2021-05-21,961.0,973.0,936.0,955.0,13888295
2021-05-24,950.0,959.0,938.0,943.0,6117441
2021-05-25,955.0,969.0,947.0,952.0,8851143
2021-05-26,960.0,968.0,947.0,951.0,5897428
2021-05-27,945.0,952.0,931.0,935.0,9408341
2021-05-28,950.0,968.0,938.0,961.0,7683008
2021-05-31,971.0,1010.0,959.0,995.0,9735550
2021-06-01,1005.0,1015.0,976.0,977.0,7359973
2021-06-02,981.0,988.0,957.0,959.0,7280733
2021-06-03,968.0,984.0,965.0,981.0,5997351
2021-06-04,971.0,977.0,966.0,977.0,4084872
2021-06-07,971.0,976.0,948.0,973.0,5423299
2021-06-08,975.0,977.0,966.0,966.0,3584585
2021-06-09,963.0,984.0,963.0,967.0,3982070
2021-06-10,980.0,1005.0,977.0,998.0,9223103
2021-06-11,1005.0,1010.0,980.0,980.0,6101450
2021-06-15,992.0,1005.0,985.0,989.0,5500801
2021-06-16,995.0,995.0,981.0,985.0,5172619
2021-06-17,978.0,979.0,968.0,978.0,6313231
2021-06-18,980.0,990.0,965.0,965.0,6077649
2021-06-21,960.0,961.0,918.0,918.0,11806041
2021-06-22,902.0,916.0,890.0,903.0,14408209
2021-06-23,903.0,941.0,898.0,941.0,8988863
2021-06-24,945.0,947.0,927.0,929.0,3582547
2021-06-25,940.0,952.0,927.0,927.0,5050278
2021-06-28,929.0,935.0,922.0,935.0,3891044
2021-06-29,942.0,949.0,935.0,935.0,5525324
2021-06-30,945.0,978.0,943.0,962.0,10667882
2021-07-01,971.0,976.0,948.0,955.0,5621060
2021-07-02,963.0,964.0,953.0,957.0,4790985
2021-07-05,960.0,975.0,957.0,957.0,7532324
2021-07-06,937.0,940.0,920.0,922.0,7187618
2021-07-07,926.0,928.0,917.0,917.0,5379862
2021-07-08,920.0,929.0,914.0,920.0,6530700
2021-07-09,915.0,929.0,911.0,919.0,5186052
2021-07-12,940.0,941.0,930.0,935.0,5706017
2021-07-13,940.0,944.0,926.0,926.0,7219531
2021-07-14,929.0,938.0,925.0,930.0,3410706
2021-07-15,935.0,952.0,930.0,951.0,7490469
2021-07-16,948.0,960.0,941.0,957.0,6055983
2021-07-19,941.0,945.0,915.0,919.0,7197515
2021-07-20,917.0,928.0,915.0,920.0,3177142
2021-07-21,926.0,931.0,906.0,912.0,5054585
2021-07-22,915.0,931.0,915.0,919.0,4257367
2021-07-23,932.0,934.0,924.0,933.0,4544769
2021-07-26,940.0,940.0,920.0,923.0,5040016
2021-07-27,928.0,948.0,924.0,938.0,8669067
2021-07-28,931.0,932.0,887.0,890.0,17046717
2021-07-29,915.0,935.0,903.0,933.0,10421629
2021-07-30,935.0,937.0,907.0,910.0,6139039
2021-08-02,924.0,934.0,920.0,934.0,4122769
2021-08-03,948.0,948.0,930.0,938.0,3168619
2021-08-04,948.0,953.0,941.0,950.0,6227344
2021-08-05,960.0,964.0,952.0,961.0,7656801
2021-08-06,956.0,957.0,935.0,936.0,3869980
2021-08-09,928.0,928.0,911.0,921.0,4439039
2021-08-10,930.0,930.0,916.0,922.0,2513902
2021-08-11,913.0,916.0,906.0,910.0,4585315
2021-08-12,923.0,923.0,901.0,904.0,4309333
2021-08-13,909.0,916.0,901.0,910.0,5316640
2021-08-16,910.0,918.0,900.0,901.0,3748871
2021-08-17,903.0,905.0,880.0,880.0,5619978
2021-08-18,870.0,912.0,865.0,912.0,6112567
2021-08-19,908.0,914.0,882.0,888.0,5605024
2021-08-20,899.0,904.0,870.0,873.0,5568161
2021-08-23,882.0,915.0,882.0,911.0,5355550
2021-08-24,920.0,920.0,903.0,909.0,3669517
2021-08-25,915.0,915.0,900.0,911.0,4529009
2021-08-26,906.0,907.0,870.0,888.0,9982776
2021-08-27,873.0,896.0,873.0,896.0,5541636
2021-08-30,902.0,912.0,898.0,912.0,4321735
2021-08-31,917.0,917.0,885.0,901.0,7759596
2021-09-01,917.0,930.0,906.0,927.0,9426404
2021-09-02,930.0,945.0,927.0,933.0,5835912
2021-09-03,938.0,938.0,917.0,919.0,5982064
2021-09-06,907.0,917.0,895.0,896.0,8507094
2021-09-07,901.0,907.0,897.0,903.0,3756993
2021-09-08,899.0,914.0,895.0,912.0,5405988
2021-09-09,903.0,908.0,898.0,901.0,6326324
2021-09-10,903.0,925.0,902.0,925.0,4863848
2021-09-13,918.0,932.0,918.0,927.0,3014460
2021-09-14,932.0,949.0,932.0,947.0,8536498
2021-09-15,943.0,945.0,928.0,935.0,5483694
2021-09-16,930.0,936.0,926.0,936.0,4041855
2021-09-17,940.0,952.0,936.0,940.0,7362257
2021-09-22,918.0,925.0,900.0,911.0,8480705
2021-09-23,919.0,921.0,905.0,915.0,5320705
2021-09-24,918.0,923.0,912.0,920.0,4848703
2021-09-27,921.0,959.0,921.0,959.0,11010430
2021-09-28,959.0,969.0,945.0,957.0,7353868
2021-09-29,940.0,943.0,913.0,913.0,8807094
2021-09-30,913.0,915.0,896.0,905.0,8747603
2021-10-01,905.0,905.0,882.0,885.0,6601268
2021-10-04,892.0,899.0,878.0,892.0,4625996
2021-10-05,872.0,878.0,855.0,867.0,9075762
2021-10-06,875.0,890.0,871.0,871.0,5437206
2021-10-07,885.0,914.0,883.0,911.0,7536884
2021-10-08,919.0,925.0,906.0,910.0,4815175
2021-10-12,907.0,908.0,885.0,887.0,9179159
2021-10-13,891.0,893.0,862.0,862.0,5792133
2021-10-14,870.0,873.0,839.0,840.0,8950553
2021-10-15,853.0,859.0,847.0,857.0,6522822
2021-10-18,862.0,878.0,860.0,867.0,6064288
2021-10-19,877.0,900.0,872.0,898.0,6912775
2021-10-20,910.0,918.0,901.0,901.0,4559291
2021-10-21,912.0,924.0,903.0,913.0,6120161
2021-10-22,913.0,926.0,906.0,926.0,4750886
2021-10-25,928.0,944.0,916.0,938.0,5842189
2021-10-26,951.0,952.0,940.0,946.0,6475143
2021-10-27,949.0,958.0,932.0,942.0,8154279
2021-10-28,942.0,947.0,927.0,936.0,3849136
2021-10-29,938.0,939.0,913.0,913.0,5549918
2021-11-01,925.0,930.0,917.0,922.0,2963703
2021-11-02,929.0,934.0,919.0,928.0,2965080
2021-11-03,934.0,939.0,929.0,932.0,3089194
2021-11-04,945.0,945.0,926.0,928.0,3142300
2021-11-05,939.0,940.0,927.0,940.0,3922770
2021-11-08,947.0,983.0,944.0,980.0,10948581
2021-11-09,1000.0,1000.0,976.0,978.0,7326160
2021-11-10,972.0,978.0,958.0,958.0,3607273
2021-11-11,936.0,960.0,936.0,954.0,3976455
2021-11-12,964.0,988.0,956.0,983.0,4506624
2021-11-15,1010.0,1035.0,1000.0,1025.0,11863385
2021-11-16,1025.0,1045.0,1010.0,1035.0,5968762
2021-11-17,1060.0,1075.0,1020.0,1030.0,7313793
2021-11-18,1060.0,1100.0,1050.0,1085.0,13199272
2021-11-19,1115.0,1120.0,1060.0,1090.0,10562661
2021-11-22,1100.0,1110.0,1080.0,1080.0,5357065
2021-11-23,1070.0,1090.0,1050.0,1055.0,6209563
2021-11-24,1045.0,1060.0,1025.0,1040.0,4303829
2021-11-25,1045.0,1055.0,1020.0,1035.0,3042360
2021-11-26,1020.0,1025.0,996.0,1005.0,4570424
2021-11-29,998.0,1030.0,991.0,1030.0,3878731
2021-11-30,1050.0,1060.0,1010.0,1010.0,8407302
2021-12-01,1020.0,1070.0,1010.0,1065.0,6547926
2021-12-02,1045.0,1085.0,1040.0,1080.0,7194120
2021-12-03,1080.0,1090.0,1055.0,1060.0,4782312
2021-12-06,1060.0,1085.0,1040.0,1085.0,4650774
2021-12-07,1060.0,1080.0,1050.0,1065.0,6286966
2021-12-08,1085.0,1110.0,1080.0,1095.0,7553331
2021-12-09,1095.0,1100.0,1075.0,1085.0,3406357
2021-12-10,1075.0,1085.0,1065.0,1075.0,3190902
2021-12-13,1070.0,1095.0,1070.0,1075.0,3450664
2021-12-14,1070.0,1075.0,1050.0,1070.0,4197956
2021-12-15,1065.0,1075.0,1045.0,1060.0,3025297
2021-12-16,1085.0,1090.0,1075.0,1090.0,3900955
2021-12-17,1075.0,1095.0,1070.0,1075.0,5577386
2021-12-20,1070.0,1075.0,1055.0,1055.0,3333615
2021-12-21,1110.0,1110.0,1070.0,1090.0,4476757
2021-12-22,1095.0,1095.0,1080.0,1085.0,1375244
2021-12-23,1090.0,1105.0,1085.0,1095.0,2771095
2021-12-24,1100.0,1130.0,1095.0,1120.0,5416247
2021-12-27,1125.0,1185.0,1120.0,1145.0,8596153
2021-12-28,1160.0,1180.0,1155.0,1175.0,5042669
2021-12-29,1180.0,1200.0,1170.0,1185.0,5160937
2021-12-30,1200.0,1200.0,1175.0,1190.0,3858894
2022-01-03,1205.0,1215.0,1145.0,1150.0,7574367
2022-01-04,1165.0,1175.0,1145.0,1165.0,6761854
2022-01-05,1170.0,1190.0,1150.0,1175.0,7170388
2022-01-06,1150.0,1155.0,1110.0,1135.0,8411284
2022-01-07,1130.0,1145.0,1090.0,1100.0,8690396
2022-01-10,1080.0,1095.0,1070.0,1095.0,7452615
2022-01-11,1090.0,1095.0,1065.0,1080.0,4807940
2022-01-12,1095.0,1095.0,1070.0,1085.0,3084290
2022-01-13,1090.0,1110.0,1085.0,1100.0,5091825
2022-01-14,1090.0,1090.0,1055.0,1065.0,5753681
2022-01-17,1075.0,1120.0,1070.0,1115.0,5568468
2022-01-18,1110.0,1145.0,1105.0,1105.0,4961195
2022-01-19,1095.0,1120.0,1090.0,1100.0,4814508
2022-01-20,1105.0,1110.0,1070.0,1090.0,5412066
2022-01-21,1060.0,1080.0,1055.0,1070.0,6033179
2022-01-24,1060.0,1090.0,1050.0,1090.0,5104728
2022-01-25,1080.0,1090.0,1070.0,1085.0,4536083
2022-01-26,1070.0,1095.0,1070.0,1075.0,5220488
2022-02-07,1130.0,1130.0,1075.0,1100.0,18948207
2022-02-08,1125.0,1125.0,1090.0,1095.0,9138912
2022-02-09,1125.0,1135.0,1095.0,1130.0,8215520
2022-02-10,1140.0,1165.0,1125.0,1160.0,8726429
2022-02-11,1150.0,1170.0,1145.0,1150.0,5058227
2022-02-14,1120.0,1125.0,1100.0,1105.0,5789679
2022-02-15,1110.0,1120.0,1090.0,1100.0,3322875
2022-02-16,1130.0,1130.0,1115.0,1130.0,2940602
2022-02-17,1130.0,1135.0,1120.0,1130.0,3047582
2022-02-18,1115.0,1125.0,1105.0,1120.0,2777044
2022-02-21,1115.0,1135.0,1110.0,1130.0,3249940
2022-02-22,1115.0,1120.0,1090.0,1110.0,4981430
2022-02-23,1110.0,1120.0,1100.0,1120.0,3590396
2022-02-24,1095.0,1105.0,1055.0,1060.0,8155250
2022-02-25,1075.0,1095.0,1060.0,1085.0,7392515
2022-03-01,1105.0,1120.0,1095.0,1100.0,5544370
2022-03-02,1105.0,1105.0,1070.0,1080.0,3703428
2022-03-03,1085.0,1100.0,1065.0,1080.0,3873104
2022-03-04,1060.0,1060.0,1025.0,1025.0,6621209
2022-03-07,985.0,995.0,970.0,972.0,11348964
2022-03-08,945.0,986.0,943.0,963.0,7471419
2022-03-09,971.0,976.0,956.0,966.0,6282516
2022-03-10,990.0,1005.0,982.0,995.0,5992358
2022-03-11,1000.0,1000.0,961.0,963.0,6396559
2022-03-14,973.0,975.0,934.0,944.0,8927797
2022-03-15,933.0,935.0,901.0,904.0,10994846
2022-03-16,930.0,931.0,900.0,907.0,7790859
2022-03-17,951.0,978.0,949.0,968.0,9926344
2022-03-18,971.0,974.0,955.0,969.0,7194385
2022-03-21,985.0,985.0,977.0,978.0,4146781
2022-03-22,971.0,980.0,967.0,975.0,3993632
2022-03-23,988.0,995.0,976.0,977.0,4955261
2022-03-24,978.0,978.0,967.0,972.0,4765504
2022-03-25,975.0,976.0,965.0,971.0,5031201
2022-03-28,950.0,964.0,946.0,964.0,2814908
2022-03-29,931.0,951.0,903.0,912.0,14174826
2022-03-30,912.0,923.0,903.0,915.0,11786348
2022-03-31,900.0,919.0,900.0,905.0,8830610
2022-04-01,900.0,904.0,893.0,900.0,11812480
2022-04-06,858.0,883.0,855.0,882.0,14330964
2022-04-07,858.0,872.0,850.0,850.0,19182221
2022-04-08,851.0,859.0,834.0,840.0,14333839
2022-04-11,839.0,847.0,832.0,836.0,6422208
2022-04-12,840.0,848.0,830.0,842.0,8125095
2022-04-13,849.0,882.0,847.0,880.0,10355160
2022-04-14,874.0,874.0,861.0,861.0,6810310
2022-04-15,851.0,852.0,831.0,832.0,7666989
2022-04-18,827.0,844.0,827.0,833.0,4094460
2022-04-19,855.0,862.0,838.0,838.0,6379783
2022-04-20,847.0,856.0,841.0,856.0,5567216
2022-04-21,854.0,872.0,850.0,868.0,5096585
2022-04-22,848.0,857.0,846.0,854.0,6109863
2022-04-25,833.0,838.0,831.0,837.0,6665153
2022-04-26,833.0,837.0,825.0,833.0,7337645
2022-04-27,806.0,816.0,797.0,808.0,8869795
2022-04-28,835.0,853.0,821.0,828.0,13045549
2022-04-29,850.0,850.0,830.0,830.0,6766620
2022-05-03,830.0,833.0,808.0,820.0,8551333
2022-05-04,829.0,835.0,825.0,829.0,3612614
2022-05-05,843.0,848.0,837.0,841.0,7049410
2022-05-06,809.0,834.0,808.0,834.0,5758127
2022-05-09,821.0,827.0,813.0,813.0,3222122
2022-05-10,801.0,824.0,801.0,820.0,6325340
2022-05-11,814.0,831.0,813.0,829.0,3922273
2022-05-12,828.0,835.0,820.0,820.0,4176731
2022-05-13,831.0,845.0,828.0,843.0,4717939
2022-05-16,849.0,858.0,825.0,825.0,5271200
2022-05-17,838.0,847.0,830.0,841.0,4072755
2022-05-18,854.0,855.0,845.0,855.0,5519119
2022-05-19,839.0,847.0,835.0,845.0,5322227
2022-05-20,841.0,850.0,836.0,846.0,3553014
2022-05-23,854.0,857.0,843.0,843.0,3264401
2022-05-24,848.0,848.0,830.0,830.0,2984755
2022-05-25,833.0,848.0,826.0,843.0,3361816
2022-05-26,849.0,849.0,832.0,833.0,3510535
2022-05-27,842.0,852.0,838.0,851.0,3370246
2022-05-30,865.0,878.0,864.0,878.0,5414530
2022-05-31,876.0,905.0,867.0,905.0,10757306
2022-06-01,903.0,912.0,896.0,905.0,5422330
2022-06-02,899.0,906.0,897.0,898.0,3955773
2022-06-06,896.0,912.0,890.0,905.0,5946507
2022-06-07,900.0,901.0,890.0,890.0,5947743
2022-06-08,903.0,933.0,900.0,930.0,10728702
2022-06-09,927.0,935.0,920.0,924.0,5984203
2022-06-10,915.0,934.0,914.0,930.0,5318503
2022-06-13,902.0,907.0,885.0,887.0,9022930
2022-06-14,870.0,882.0,866.0,880.0,6584136
2022-06-15,880.0,893.0,878.0,884.0,5067404
2022-06-16,906.0,908.0,869.0,873.0,5021856
2022-06-17,847.0,856.0,831.0,831.0,13752224
2022-06-20,838.0,852.0,832.0,840.0,7147473
2022-06-21,861.0,868.0,847.0,868.0,7646638
2022-06-22,848.0,852.0,805.0,807.0,15085390
2022-06-23,731.0,740.0,679.0,689.0,32333439
2022-06-24,682.0,696.0,669.0,670.0,15415332
2022-06-27,685.0,695.0,678.0,678.0,13100554
2022-06-28,670.0,678.0,646.0,651.0,16972052
2022-06-29,644.0,668.0,640.0,661.0,14778786
2022-06-30,655.0,662.0,647.0,651.0,10036830
2022-07-01,652.0,655.0,610.0,612.0,10444271
2022-07-04,609.0,623.0,606.0,611.0,9444092
2022-07-05,624.0,630.0,597.0,615.0,9082053
2022-07-06,617.0,619.0,603.0,605.0,7751766
2022-07-07,612.0,638.0,606.0,636.0,8855162
2022-07-08,650.0,657.0,642.0,651.0,9192119
2022-07-11,655.0,656.0,635.0,637.0,5167336
2022-07-12,628.0,629.0,608.0,614.0,7529559
2022-07-13,650.0,652.0,631.0,634.0,6699944
2022-07-14,629.0,652.0,625.0,646.0,5577460
2022-07-15,646.0,652.0,638.0,648.0,7813312
2022-07-18,652.0,673.0,650.0,661.0,7954940
2022-07-19,658.0,667.0,655.0,662.0,4731512
2022-07-20,680.0,687.0,667.0,671.0,8248076
2022-07-21,681.0,716.0,678.0,716.0,12111113
2022-07-22,718.0,721.0,701.0,705.0,8431314
2022-07-25,695.0,698.0,687.0,688.0,6110219
2022-07-26,679.0,696.0,675.0,681.0,5427846
2022-07-27,661.0,677.0,660.0,677.0,6722762
2022-07-28,693.0,693.0,678.0,682.0,4804152
2022-07-29,690.0,702.0,676.0,683.0,7074682
2022-08-01,684.0,696.0,674.0,694.0,6498892
2022-08-02,679.0,690.0,672.0,683.0,6232318
2022-08-03,685.0,689.0,678.0,686.0,3594609
2022-08-04,689.0,692.0,680.0,684.0,3502217
2022-08-05,700.0,717.0,698.0,717.0,7340789
2022-08-08,713.0,720.0,706.0,709.0,5124852
2022-08-09,702.0,706.0,690.0,694.0,5387167
2022-08-10,677.0,680.0,668.0,668.0,6662101
2022-08-11,670.0,676.0,663.0,670.0,9463374
2022-08-12,674.0,684.0,670.0,684.0,4506950
2022-08-15,688.0,709.0,686.0,706.0,5002381
2022-08-16,709.0,717.0,705.0,706.0,5593958
2022-08-17,707.0,711.0,699.0,703.0,4721071
2022-08-18,702.0,705.0,691.0,702.0,4254484
2022-08-19,701.0,701.0,693.0,693.0,4994714
2022-08-22,682.0,683.0,672.0,672.0,5870198
2022-08-23,668.0,679.0,665.0,676.0,3574827
2022-08-24,680.0,683.0,667.0,667.0,4170803
2022-08-25,670.0,677.0,666.0,670.0,3040907
2022-08-26,679.0,687.0,675.0,678.0,3037313
2022-08-29,657.0,659.0,651.0,653.0,4913425
2022-08-30,653.0,660.0,648.0,657.0,4614677
2022-08-31,655.0,671.0,652.0,667.0,4275779
2022-09-01,655.0,661.0,643.0,648.0,7390933
2022-09-02,640.0,645.0,620.0,620.0,10901940
2022-09-05,616.0,637.0,616.0,631.0,5910336
2022-09-06,633.0,636.0,627.0,629.0,4176482
2022-09-07,620.0,625.0,609.0,619.0,5355654
2022-09-08,622.0,626.0,617.0,623.0,3442261
2022-09-12,634.0,642.0,626.0,627.0,5127405
2022-09-13,631.0,636.0,625.0,626.0,4689244
2022-09-14,603.0,617.0,602.0,615.0,6259768
2022-09-15,611.0,620.0,611.0,616.0,3853962
2022-09-16,607.0,611.0,600.0,600.0,8391808
2022-09-19,606.0,611.0,601.0,604.0,4322884
2022-09-20,607.0,611.0,603.0,605.0,3254305
2022-09-21,610.0,610.0,601.0,605.0,4364075
2022-09-22,598.0,600.0,587.0,591.0,5723804
2022-09-23,591.0,594.0,580.0,580.0,4343315
2022-09-26,573.0,576.0,564.0,569.0,5278826
2022-09-27,571.0,574.0,563.0,568.0,4472787
2022-09-28,572.0,576.0,545.0,545.0,7440529
2022-09-29,558.0,563.0,540.0,543.0,8115892
2022-09-30,536.0,554.0,533.0,551.0,5860219
2022-10-03,543.0,556.0,541.0,548.0,3271406
2022-10-04,564.0,573.0,564.0,573.0,4517792
2022-10-05,596.0,608.0,592.0,599.0,9728323
2022-10-06,603.0,604.0,585.0,587.0,7405325
2022-10-07,581.0,582.0,564.0,566.0,6707924
2022-10-11,546.0,565.0,541.0,553.0,8122275
2022-10-12,557.0,557.0,541.0,549.0,6851051
2022-10-13,550.0,554.0,538.0,544.0,7943988
2022-10-14,562.0,588.0,559.0,585.0,9366120
2022-10-17,568.0,580.0,565.0,578.0,6597059
2022-10-18,593.0,595.0,576.0,588.0,6538834
2022-10-19,585.0,591.0,577.0,577.0,5894955
2022-10-20,566.0,570.0,558.0,570.0,9114239
2022-10-21,567.0,579.0,565.0,567.0,5295651
2022-10-24,587.0,596.0,585.0,588.0,6109417
2022-10-25,591.0,592.0,563.0,563.0,6720783
2022-10-26,569.0,582.0,565.0,579.0,6569981
2022-10-27,589.0,592.0,583.0,589.0,6098740
2022-10-28,582.0,585.0,564.0,565.0,6162964
2022-10-31,585.0,604.0,576.0,590.0,17458521
2022-11-01,592.0,604.0,590.0,599.0,8454173
2022-11-02,595.0,607.0,593.0,599.0,6841497
2022-11-03,587.0,602.0,587.0,600.0,6419381
2022-11-04,600.0,600.0,586.0,597.0,4423954
2022-11-07,608.0,623.0,601.0,620.0,8262942
2022-11-08,632.0,632.0,616.0,620.0,7912180
2022-11-09,628.0,656.0,626.0,650.0,12934955
2022-11-10,648.0,660.0,641.0,660.0,7376979
2022-11-11,698.0,700.0,680.0,700.0,17001177
2022-11-14,705.0,710.0,694.0,697.0,9849795
2022-11-15,704.0,735.0,700.0,722.0,13979872
2022-11-16,732.0,738.0,719.0,729.0,10399350
2022-11-17,740.0,740.0,716.0,725.0,6928331
2022-11-18,732.0,742.0,716.0,722.0,5558511
2022-11-21,716.0,722.0,709.0,720.0,4436545
2022-11-22,707.0,715.0,703.0,713.0,6289730
2022-11-23,722.0,722.0,705.0,705.0,3202235
2022-11-24,715.0,736.0,711.0,728.0,7750672
2022-11-25,729.0,736.0,723.0,727.0,5847844
2022-11-28,703.0,719.0,703.0,703.0,5606289
2022-11-29,695.0,718.0,695.0,713.0,5160799
2022-11-30,714.0,738.0,711.0,733.0,9728516
2022-12-01,750.0,756.0,738.0,741.0,6932733
2022-12-02,730.0,748.0,730.0,739.0,4119211
2022-12-05,739.0,755.0,739.0,739.0,4535657
2022-12-06,739.0,744.0,720.0,725.0,5041043
2022-12-07,717.0,728.0,713.0,716.0,5325977
2022-12-08,724.0,725.0,705.0,705.0,4204451
2022-12-09,714.0,729.0,711.0,729.0,4613417
2022-12-12,715.0,716.0,705.0,712.0,5234621
2022-12-13,717.0,722.0,708.0,709.0,6051369
2022-12-14,717.0,724.0,714.0,718.0,4980611
2022-12-15,703.0,706.0,681.0,681.0,14093519
2022-12-16,653.0,665.0,651.0,660.0,13076649
2022-12-19,650.0,662.0,650.0,656.0,6975640
2022-12-20,650.0,660.0,646.0,646.0,6420511
2022-12-21,649.0,661.0,646.0,654.0,6274754
2022-12-22,665.0,668.0,661.0,661.0,4093339
2022-12-23,651.0,661.0,648.0,660.0,2430760
2022-12-26,661.0,661.0,651.0,651.0,1515532
2022-12-27,654.0,664.0,653.0,656.0,1969029
2022-12-28,649.0,649.0,621.0,638.0,9053565
2022-12-29,630.0,631.0,623.0,629.0,3690707
2022-12-30,635.0,640.0,625.0,625.0,2648733
2023-01-03,623.0,645.0,621.0,644.0,4509288
2023-01-04,639.0,644.0,635.0,636.0,3081086
2023-01-05,638.0,641.0,625.0,631.0,5429497
2023-01-06,634.0,660.0,634.0,660.0,7951964
2023-01-09,671.0,675.0,665.0,675.0,7084736
2023-01-10,684.0,696.0,681.0,694.0,8836356
2023-01-11,700.0,707.0,694.0,707.0,7050840
2023-01-12,710.0,720.0,708.0,715.0,6557029
2023-01-13,722.0,726.0,691.0,694.0,7897961
2023-01-16,707.0,712.0,701.0,704.0,5310041
2023-01-17,706.0,709.0,693.0,693.0,4750714
2023-01-30,734.0,739.0,709.0,739.0,18980506
2023-01-31,734.0,752.0,716.0,718.0,13095953
2023-02-01,724.0,728.0,718.0,724.0,5815887
2023-02-02,747.0,753.0,737.0,747.0,11416420
2023-02-03,742.0,753.0,741.0,751.0,6601968
2023-02-06,745.0,749.0,730.0,731.0,7693098
2023-02-07,739.0,739.0,716.0,717.0,7367549
2023-02-08,726.0,747.0,725.0,744.0,7991431
2023-02-09,740.0,749.0,736.0,749.0,4016255
2023-02-10,749.0,749.0,739.0,740.0,3235750
2023-02-13,735.0,737.0,726.0,731.0,4171947
2023-02-14,737.0,742.0,731.0,732.0,3487039
2023-02-15,730.0,730.0,708.0,710.0,6977304
2023-02-16,716.0,718.0,706.0,711.0,5178561
2023-02-17,708.0,723.0,707.0,723.0,3610451
2023-02-20,725.0,732.0,719.0,726.0,2619587
2023-02-21,728.0,734.0,724.0,725.0,2746079
2023-02-22,718.0,722.0,713.0,713.0,4610941
2023-02-23,724.0,745.0,722.0,745.0,8227452
2023-02-24,751.0,752.0,723.0,723.0,8209174
2023-03-01,737.0,795.0,731.0,791.0,16624548
2023-03-02,790.0,790.0,773.0,775.0,9729803
2023-03-03,778.0,789.0,771.0,775.0,6642734
2023-03-06,785.0,795.0,777.0,784.0,7685453
2023-03-07,789.0,790.0,783.0,788.0,5202228
2023-03-08,782.0,784.0,765.0,768.0,8741223
2023-03-09,769.0,775.0,767.0,767.0,5335712
2023-03-10,759.0,761.0,753.0,756.0,6008380
2023-03-13,756.0,764.0,743.0,764.0,5327065
2023-03-14,749.0,768.0,749.0,761.0,6588044
2023-03-15,766.0,773.0,757.0,758.0,5292738
2023-03-16,751.0,765.0,748.0,756.0,6000004
2023-03-17,770.0,777.0,766.0,773.0,6841068
2023-03-20,773.0,780.0,768.0,770.0,5321040
2023-03-21,776.0,779.0,763.0,771.0,5445430
2023-03-22,777.0,785.0,776.0,781.0,5659553
2023-03-23,780.0,794.0,778.0,793.0,4865131
2023-03-24,790.0,794.0,785.0,790.0,4406461
2023-03-27,789.0,790.0,779.0,780.0,3071593
2023-03-28,775.0,780.0,766.0,766.0,4137411
2023-03-29,774.0,775.0,765.0,773.0,2981780
2023-03-30,780.0,783.0,775.0,778.0,3614487
2023-03-31,778.0,789.0,778.0,787.0,4496209
2023-04-06,774.0,777.0,751.0,753.0,9301246
2023-04-07,749.0,752.0,743.0,749.0,4618526
2023-04-10,748.0,750.0,739.0,742.0,5956250
2023-04-11,743.0,759.0,743.0,756.0,4665168
2023-04-12,756.0,760.0,752.0,758.0,4555491
2023-04-13,759.0,760.0,749.0,750.0,5815842
2023-04-14,754.0,758.0,746.0,748.0,5990292
2023-04-17,705.0,710.0,694.0,709.0,14840026
2023-04-18,702.0,703.0,685.0,688.0,15093599
2023-04-19,682.0,685.0,675.0,675.0,11632986
2023-04-20,661.0,684.0,661.0,673.0,10238247
2023-04-21,676.0,679.0,665.0,665.0,5480008
2023-04-24,663.0,681.0,663.0,676.0,4802301
2023-04-25,678.0,678.0,650.0,650.0,9007698
2023-04-26,641.0,652.0,638.0,649.0,7417677
2023-04-27,654.0,667.0,653.0,662.0,4770671
2023-04-28,668.0,674.0,663.0,665.0,6790242
2023-05-02,654.0,673.0,654.0,671.0,6448130
2023-05-03,674.0,680.0,668.0,680.0,6817126
2023-05-04,674.0,674.0,666.0,668.0,5752312
2023-05-05,675.0,678.0,672.0,675.0,3271540
2023-05-08,681.0,684.0,674.0,675.0,3131678
2023-05-09,681.0,681.0,674.0,677.0,2224247
2023-05-10,677.0,677.0,666.0,668.0,3945608
2023-05-11,666.0,674.0,664.0,668.0,3193160
2023-05-12,673.0,676.0,661.0,673.0,5310815
2023-05-15,676.0,682.0,673.0,680.0,3670003
2023-05-16,688.0,688.0,680.0,680.0,3837504
2023-05-17,680.0,689.0,677.0,685.0,8035289
2023-05-18,690.0,694.0,685.0,689.0,4642695
2023-05-19,691.0,698.0,690.0,698.0,5282896
2023-05-22,702.0,709.0,701.0,705.0,4735362
2023-05-23,710.0,722.0,708.0,716.0,5482158
2023-05-24,713.0,713.0,701.0,711.0,5846655
2023-05-25,708.0,718.0,706.0,708.0,4795371
2023-05-26,708.0,737.0,708.0,730.0,11322817
2023-05-29,755.0,758.0,738.0,738.0,10781343
2023-05-30,759.0,773.0,757.0,763.0,18933732
2023-05-31,757.0,767.0,748.0,759.0,12616197
2023-06-01,755.0,761.0,748.0,748.0,6475068
2023-06-02,754.0,762.0,750.0,751.0,6602831
2023-06-05,757.0,767.0,757.0,759.0,5479487
2023-06-06,760.0,764.0,752.0,757.0,4539092
2023-06-07,759.0,769.0,756.0,768.0,5460461
2023-06-08,770.0,775.0,763.0,768.0,7438271
2023-06-09,768.0,770.0,761.0,764.0,4669885
2023-06-12,769.0,769.0,763.0,767.0,3946889
2023-06-13,770.0,782.0,768.0,779.0,7414411
2023-06-14,781.0,782.0,776.0,780.0,5431002
2023-06-15,777.0,779.0,765.0,766.0,8544438
2023-06-16,760.0,765.0,751.0,751.0,10727794
2023-06-19,769.0,793.0,764.0,785.0,20318537
2023-06-20,708.0,725.0,691.0,691.0,28362644
2023-06-21,689.0,696.0,683.0,693.0,17552774
2023-06-26,688.0,690.0,685.0,685.0,4807895
2023-06-27,680.0,688.0,680.0,681.0,4722955
2023-06-28,692.0,697.0,685.0,695.0,6520526
2023-06-29,704.0,705.0,695.0,696.0,5304709
2023-06-30,692.0,692.0,686.0,688.0,5442323
2023-07-03,692.0,698.0,690.0,691.0,3088086
2023-07-04,696.0,702.0,691.0,700.0,3880537
2023-07-05,703.0,703.0,696.0,697.0,3803541
2023-07-06,692.0,699.0,688.0,690.0,4539581
2023-07-07,686.0,686.0,680.0,682.0,4819527
2023-07-10,680.0,686.0,673.0,673.0,6111018
2023-07-11,682.0,687.0,676.0,686.0,3472971
2023-07-12,689.0,689.0,680.0,685.0,4353464
2023-07-13,692.0,693.0,680.0,680.0,5685109
2023-07-14,686.0,698.0,685.0,692.0,6182648
2023-07-17,692.0,692.0,681.0,683.0,4524171
2023-07-18,680.0,686.0,678.0,683.0,4934643
2023-07-19,690.0,699.0,689.0,696.0,6475653
2023-07-20,697.0,697.0,689.0,692.0,2629394
2023-07-21,677.0,683.0,652.0,682.0,11982886
2023-07-24,679.0,690.0,673.0,675.0,7662267
2023-07-25,675.0,679.0,665.0,665.0,7473142
2023-07-26,665.0,670.0,654.0,655.0,7778681
2023-07-27,658.0,661.0,654.0,658.0,4857149
2023-07-28,660.0,666.0,655.0,658.0,4310361
2023-07-31,691.0,698.0,684.0,690.0,17202994
2023-08-01,700.0,715.0,695.0,713.0,14701465
2023-08-02,712.0,720.0,704.0,709.0,9248789
2023-08-04,710.0,711.0,699.0,706.0,7295888
2023-08-07,709.0,712.0,703.0,706.0,5595685
2023-08-08,705.0,705.0,690.0,690.0,5805650
2023-08-09,689.0,702.0,686.0,701.0,3247603
2023-08-10,702.0,703.0,688.0,693.0,4544788
2023-08-11,688.0,689.0,675.0,679.0,5202231
2023-08-14,672.0,673.0,666.0,672.0,3774054
2023-08-15,682.0,684.0,676.0,678.0,2827119
2023-08-16,698.0,698.0,683.0,689.0,6070735
2023-08-17,680.0,681.0,673.0,674.0,4930026
2023-08-18,670.0,679.0,669.0,674.0,3292501
2023-08-21,678.0,679.0,667.0,669.0,2756277
2023-08-22,675.0,682.0,668.0,672.0,3767273
2023-08-23,672.0,676.0,670.0,671.0,2124750
2023-08-24,682.0,692.0,680.0,691.0,6428618
2023-08-25,692.0,695.0,687.0,694.0,5811245
2023-08-28,700.0,709.0,698.0,701.0,6133086
2023-08-29,714.0,716.0,702.0,710.0,5358981
2023-08-30,714.0,715.0,702.0,709.0,4407859
2023-08-31,705.0,714.0,704.0,705.0,6359299
2023-09-01,707.0,712.0,701.0,710.0,3098361
2023-09-04,713.0,713.0,705.0,711.0,2522028
2023-09-05,712.0,718.0,711.0,718.0,5279205
2023-09-06,721.0,722.0,712.0,712.0,3242836
2023-09-07,709.0,718.0,708.0,717.0,3316214
2023-09-08,705.0,710.0,701.0,709.0,4521206
2023-09-11,715.0,715.0,708.0,714.0,2183539
2023-09-12,710.0,729.0,709.0,728.0,7009423
2023-09-13,739.0,744.0,729.0,732.0,9660616
2023-09-14,735.0,735.0,725.0,733.0,5768123
2023-09-15,741.0,763.0,737.0,763.0,17615207
2023-09-18,751.0,792.0,750.0,782.0,12668690
2023-09-19,782.0,782.0,764.0,773.0,6470728
2023-09-20,765.0,766.0,751.0,759.0,5579484
2023-09-21,752.0,762.0,744.0,746.0,5238125
2023-09-22,735.0,748.0,728.0,746.0,7898746
2023-09-25,741.0,762.0,741.0,755.0,4731685
2023-09-26,748.0,755.0,736.0,737.0,3992725
2023-09-27,728.0,737.0,728.0,737.0,3938690
2023-09-28,739.0,741.0,730.0,735.0,4663792
2023-10-02,747.0,748.0,740.0,745.0,3984135
2023-10-03,767.0,784.0,766.0,772.0,10858690
2023-10-04,771.0,783.0,764.0,780.0,8115420
2023-10-05,783.0,786.0,776.0,786.0,6094736
2023-10-06,790.0,790.0,781.0,786.0,3120332
2023-10-11,790.0,816.0,790.0,814.0,14131456
2023-10-12,817.0,819.0,805.0,815.0,7541921
2023-10-13,820.0,842.0,818.0,842.0,10447476
2023-10-16,838.0,849.0,832.0,840.0,5985812
2023-10-17,845.0,854.0,820.0,825.0,8686799
2023-10-18,800.0,822.0,800.0,813.0,7906890
2023-10-19,811.0,838.0,811.0,830.0,7862713
2023-10-20,831.0,837.0,812.0,828.0,8706294
2023-10-23,825.0,829.0,816.0,821.0,5392858
2023-10-24,821.0,823.0,804.0,816.0,5162297
2023-10-25,818.0,832.0,816.0,822.0,6590507
2023-10-26,815.0,817.0,811.0,817.0,5768583
2023-10-27,824.0,824.0,800.0,801.0,7422025
2023-10-30,819.0,864.0,818.0,857.0,16750720
2023-10-31,860.0,861.0,834.0,842.0,12015011
2023-11-01,854.0,856.0,832.0,846.0,6970553
2023-11-02,863.0,877.0,855.0,868.0,10079016
2023-11-03,872.0,876.0,864.0,870.0,5808935
2023-11-06,879.0,890.0,873.0,882.0,7492650
2023-11-07,890.0,899.0,879.0,888.0,7289254
2023-11-08,898.0,916.0,895.0,914.0,9834316
2023-11-09,913.0,913.0,899.0,905.0,6965311
2023-11-10,900.0,904.0,884.0,884.0,7983550
2023-11-13,909.0,925.0,905.0,906.0,9776090
2023-11-14,916.0,917.0,902.0,905.0,4874889
2023-11-15,925.0,925.0,900.0,908.0,8644081
2023-11-16,914.0,914.0,891.0,893.0,8055932
2023-11-17,896.0,905.0,893.0,904.0,4982028
2023-11-20,920.0,924.0,904.0,912.0,7092656
2023-11-21,922.0,934.0,915.0,926.0,9993957
2023-11-22,928.0,942.0,925.0,942.0,6698496
2023-11-23,951.0,951.0,929.0,930.0,5460045
2023-11-24,935.0,950.0,932.0,945.0,4669666
2023-11-27,946.0,951.0,931.0,931.0,6360969
2023-11-28,929.0,942.0,925.0,942.0,5755130
2023-11-29,941.0,949.0,936.0,948.0,5410850
2023-11-30,949.0,953.0,939.0,945.0,7863209
2023-12-01,942.0,947.0,938.0,947.0,3529034
2023-12-04,945.0,946.0,930.0,933.0,5265906
2023-12-05,925.0,933.0,921.0,929.0,5372126
2023-12-06,925.0,933.0,925.0,927.0,3170413
2023-12-07,933.0,943.0,927.0,931.0,3086422
2023-12-08,941.0,946.0,937.0,943.0,5198667
2023-12-11,942.0,944.0,932.0,941.0,5744574
2023-12-12,950.0,950.0,935.0,939.0,4720019
2023-12-13,944.0,955.0,939.0,955.0,6227011
2023-12-14,961.0,969.0,953.0,966.0,6861135
2023-12-15,975.0,998.0,971.0,996.0,12593164
2023-12-18,995.0,997.0,981.0,989.0,4945844
2023-12-19,977.0,994.0,977.0,992.0,5132438
2023-12-20,993.0,995.0,983.0,983.0,6529930
2023-12-21,972.0,983.0,972.0,976.0,4676270
2023-12-22,980.0,990.0,979.0,990.0,3389702
2023-12-25,991.0,998.0,987.0,995.0,3423982
2023-12-26,999.0,1005.0,995.0,1000.0,3482709
2023-12-27,1010.0,1050.0,1010.0,1040.0,8968047
2023-12-28,1045.0,1055.0,1025.0,1025.0,5646158
2023-12-29,1025.0,1030.0,1010.0,1015.0,5190939
2024-01-02,1010.0,1015.0,980.0,981.0,10668557
2024-01-03,976.0,977.0,953.0,953.0,13403900
2024-01-04,940.0,947.0,922.0,928.0,9628243
2024-01-05,929.0,935.0,921.0,921.0,5851876
2024-01-08,930.0,936.0,918.0,920.0,6035931
2024-01-09,938.0,940.0,926.0,928.0,5893697
2024-01-10,935.0,935.0,922.0,924.0,4380442
2024-01-11,932.0,937.0,920.0,920.0,7008030
2024-01-12,920.0,929.0,916.0,926.0,4936513
2024-01-15,935.0,935.0,919.0,922.0,4413758
2024-01-16,915.0,917.0,895.0,895.0,11367477
2024-01-17,890.0,903.0,879.0,879.0,12081845
2024-01-18,884.0,897.0,884.0,897.0,6915744
2024-01-19,920.0,920.0,907.0,920.0,9409813
2024-01-22,928.0,943.0,920.0,922.0,9745086
2024-01-23,918.0,922.0,909.0,911.0,6388646
2024-01-24,916.0,936.0,915.0,936.0,8378719
2024-01-25,939.0,950.0,933.0,943.0,9340986
2024-01-26,936.0,939.0,928.0,936.0,5458694
2024-01-29,945.0,945.0,926.0,938.0,7208528
2024-01-30,938.0,973.0,938.0,963.0,9996375
2024-01-31,976.0,977.0,958.0,966.0,9456227
2024-02-01,951.0,951.0,922.0,930.0,17458860
2024-02-02,931.0,936.0,926.0,936.0,8662912
2024-02-05,929.0,940.0,928.0,937.0,5880641
2024-02-15,983.0,983.0,951.0,972.0,12555654
2024-02-16,976.0,977.0,963.0,970.0,4761127
2024-02-19,973.0,973.0,951.0,963.0,4384732
2024-02-20,960.0,985.0,960.0,982.0,8929345
2024-02-21,972.0,986.0,972.0,981.0,5894546
2024-02-22,988.0,1020.0,988.0,1015.0,11143348
2024-02-23,1035.0,1100.0,1010.0,1100.0,24851080
2024-02-26,1090.0,1120.0,1060.0,1115.0,12802833
2024-02-27,1125.0,1160.0,1105.0,1115.0,17764235
2024-02-29,1115.0,1145.0,1110.0,1140.0,9629679
2024-03-01,1165.0,1165.0,1095.0,1105.0,12340648
2024-03-04,1115.0,1155.0,1105.0,1150.0,12662274
2024-03-05,1150.0,1160.0,1130.0,1155.0,8791366
2024-03-06,1145.0,1200.0,1140.0,1190.0,10101276
2024-03-07,1220.0,1260.0,1215.0,1230.0,15486926
2024-03-08,1260.0,1275.0,1195.0,1230.0,16879880
2024-03-11,1235.0,1245.0,1205.0,1225.0,5890017
2024-03-12,1200.0,1225.0,1190.0,1215.0,5763673
2024-03-13,1245.0,1260.0,1210.0,1215.0,7058092
2024-03-14,1220.0,1230.0,1140.0,1150.0,13127561
2024-03-15,1135.0,1150.0,1120.0,1135.0,8765752
2024-03-18,1135.0,1180.0,1135.0,1170.0,6022543
2024-03-19,1150.0,1165.0,1135.0,1150.0,8911458
2024-03-20,1145.0,1175.0,1120.0,1130.0,6413758
2024-03-21,1160.0,1160.0,1125.0,1140.0,6662414
2024-03-22,1140.0,1145.0,1110.0,1125.0,6420828
2024-03-25,1120.0,1140.0,1115.0,1120.0,3339686
2024-03-26,1140.0,1170.0,1120.0,1130.0,6780815
2024-03-27,1135.0,1175.0,1125.0,1165.0,6243784
2024-03-28,1160.0,1180.0,1135.0,1160.0,7545389
2024-03-29,1160.0,1200.0,1160.0,1195.0,8549357
2024-04-01,1190.0,1200.0,1155.0,1160.0,5481587
2024-04-02,1170.0,1185.0,1160.0,1165.0,4324010
2024-04-03,1150.0,1175.0,1140.0,1160.0,4204622
2024-04-08,1175.0,1180.0,1145.0,1150.0,4137606
2024-04-09,1160.0,1175.0,1150.0,1160.0,3400861
2024-04-10,1170.0,1215.0,1165.0,1195.0,6687109
2024-04-11,1205.0,1230.0,1185.0,1200.0,6406311
2024-04-12,1190.0,1200.0,1165.0,1180.0,5339872
2024-04-15,1160.0,1160.0,1110.0,1110.0,9660747
2024-04-16,1065.0,1090.0,1055.0,1055.0,13458990
2024-04-17,1065.0,1075.0,1045.0,1050.0,8144332
2024-04-18,1045.0,1060.0,1020.0,1050.0,7339262
2024-04-19,1020.0,1030.0,970.0,993.0,16604482
2024-04-22,984.0,989.0,966.0,966.0,9681250
2024-04-23,989.0,989.0,970.0,972.0,6158115
2024-04-24,995.0,1020.0,994.0,1010.0,6424187
2024-04-25,996.0,1005.0,976.0,981.0,6733096
2024-04-26,991.0,1005.0,987.0,1005.0,5856365
2024-04-29,1055.0,1055.0,1005.0,1015.0,8251393
2024-04-30,1015.0,1030.0,992.0,992.0,6311140
2024-05-02,990.0,1020.0,982.0,1000.0,5508680
2024-05-03,1040.0,1050.0,1030.0,1040.0,6978404
2024-05-06,1060.0,1060.0,1035.0,1035.0,4644236
2024-05-07,1050.0,1055.0,1035.0,1045.0,3238845
2024-05-08,1080.0,1100.0,1060.0,1095.0,10343764
2024-05-09,1100.0,1125.0,1090.0,1095.0,7989043
2024-05-10,1105.0,1105.0,1080.0,1095.0,4664901
2024-05-13,1115.0,1120.0,1100.0,1115.0,4261629
2024-05-14,1115.0,1160.0,1110.0,1155.0,7954993
2024-05-15,1170.0,1175.0,1145.0,1155.0,5734377
2024-05-16,1180.0,1210.0,1175.0,1190.0,10452836
2024-05-17,1180.0,1185.0,1165.0,1165.0,6555819
2024-05-20,1165.0,1195.0,1165.0,1190.0,6368808
2024-05-21,1180.0,1190.0,1165.0,1175.0,3544126
2024-05-22,1190.0,1190.0,1160.0,1185.0,4592310
2024-05-23,1195.0,1210.0,1185.0,1205.0,6526951
2024-05-24,1190.0,1205.0,1190.0,1195.0,4139304
2024-05-27,1250.0,1310.0,1235.0,1285.0,16451271
2024-05-28,1300.0,1320.0,1285.0,1310.0,10732534
2024-05-29,1310.0,1315.0,1275.0,1290.0,8661046
2024-05-30,1255.0,1300.0,1250.0,1290.0,8581664
2024-05-31,1315.0,1315.0,1225.0,1235.0,15194460
2024-06-03,1265.0,1270.0,1240.0,1270.0,6400731
2024-06-04,1260.0,1270.0,1220.0,1240.0,7219004
2024-06-05,1240.0,1245.0,1220.0,1230.0,6012669
2024-06-06,1255.0,1300.0,1235.0,1290.0,10328177
2024-06-07,1290.0,1290.0,1270.0,1275.0,5092253
2024-06-11,1270.0,1280.0,1250.0,1270.0,5846697
2024-06-12,1270.0,1310.0,1265.0,1300.0,8015243
2024-06-13,1340.0,1400.0,1325.0,1385.0,13667003
2024-06-14,1395.0,1395.0,1365.0,1395.0,6250845
2024-06-17,1375.0,1390.0,1365.0,1380.0,4762970
2024-06-18,1375.0,1405.0,1375.0,1405.0,7868192
2024-06-19,1425.0,1485.0,1420.0,1485.0,12145736
2024-06-20,1485.0,1500.0,1460.0,1500.0,7215413
2024-06-21,1470.0,1495.0,1445.0,1490.0,12105025
2024-06-24,1455.0,1465.0,1405.0,1410.0,9608976
2024-06-25,1370.0,1400.0,1365.0,1385.0,9815912
2024-06-26,1395.0,1430.0,1395.0,1405.0,5222459
2024-06-27,1380.0,1410.0,1380.0,1395.0,5022470
2024-06-28,1400.0,1405.0,1375.0,1400.0,7091837
2024-07-01,1405.0,1440.0,1405.0,1415.0,5231972
2024-07-02,1410.0,1415.0,1390.0,1410.0,5192639
2024-07-03,1430.0,1430.0,1390.0,1405.0,6507165
2024-07-04,1380.0,1400.0,1375.0,1375.0,7932727
2024-07-05,1380.0,1385.0,1335.0,1350.0,7046623
2024-07-08,1340.0,1420.0,1335.0,1420.0,8013255
2024-07-09,1450.0,1460.0,1415.0,1460.0,9919314
2024-07-10,1455.0,1460.0,1410.0,1435.0,5691397
2024-07-11,1435.0,1460.0,1415.0,1420.0,5549812
2024-07-12,1365.0,1385.0,1350.0,1360.0,7528115
2024-07-15,1370.0,1380.0,1350.0,1355.0,3700301
2024-07-16,1355.0,1365.0,1325.0,1345.0,5267624
2024-07-17,1335.0,1345.0,1305.0,1325.0,6370105
2024-07-18,1270.0,1290.0,1250.0,1280.0,10515746
2024-07-19,1260.0,1285.0,1260.0,1260.0,6157494
2024-07-22,1255.0,1260.0,1195.0,1225.0,7568809
2024-07-23,1255.0,1275.0,1240.0,1275.0,6609048
2024-07-26,1190.0,1255.0,1185.0,1245.0,10546400
2024-07-29,1265.0,1280.0,1230.0,1240.0,5212301
2024-07-30,1230.0,1255.0,1210.0,1255.0,4562729
2024-07-31,1230.0,1235.0,1200.0,1220.0,7646628
2024-08-01,1215.0,1235.0,1180.0,1180.0,12859885
2024-08-02,1130.0,1140.0,1090.0,1090.0,14592681
2024-08-05,995.0,1020.0,981.0,991.0,23157567
2024-08-06,1090.0,1090.0,1035.0,1075.0,16842716
2024-08-07,1090.0,1150.0,1080.0,1150.0,10786767
2024-08-08,1120.0,1140.0,1100.0,1115.0,8260831
2024-08-09,1150.0,1155.0,1120.0,1125.0,7138660
2024-08-12,1145.0,1175.0,1140.0,1175.0,4732084
2024-08-13,1180.0,1185.0,1150.0,1160.0,3893560
2024-08-14,1175.0,1190.0,1170.0,1185.0,4566599
2024-08-15,1170.0,1180.0,1155.0,1155.0,3208717
2024-08-16,1185.0,1240.0,1185.0,1230.0,7309904
2024-08-19,1240.0,1265.0,1230.0,1255.0,6237209
2024-08-20,1270.0,1270.0,1240.0,1250.0,4411805
2024-08-21,1220.0,1240.0,1210.0,1220.0,4669809
2024-08-22,1230.0,1240.0,1215.0,1230.0,3087965
2024-08-23,1205.0,1225.0,1190.0,1225.0,4319266
2024-08-26,1245.0,1245.0,1210.0,1215.0,3784179
2024-08-27,1200.0,1215.0,1190.0,1210.0,3963303
2024-08-28,1205.0,1220.0,1185.0,1200.0,4883821
2024-08-29,1175.0,1255.0,1175.0,1250.0,5628485
2024-08-30,1260.0,1260.0,1225.0,1240.0,6035560
2024-09-02,1240.0,1250.0,1215.0,1225.0,3294144
2024-09-03,1225.0,1225.0,1200.0,1220.0,3534979
2024-09-04,1135.0,1170.0,1130.0,1135.0,10457652
2024-09-05,1120.0,1130.0,1105.0,1110.0,9432513
2024-09-06,1110.0,1150.0,1105.0,1145.0,5340953
2024-09-09,1100.0,1115.0,1090.0,1105.0,7455495
2024-09-10,1115.0,1130.0,1100.0,1130.0,5893397
2024-09-11,1125.0,1135.0,1110.0,1110.0,4096499
2024-09-12,1150.0,1155.0,1135.0,1155.0,4719178
2024-09-13,1160.0,1165.0,1125.0,1125.0,3546828
2024-09-16,1120.0,1130.0,1100.0,1130.0,3821456
2024-09-18,1115.0,1120.0,1095.0,1105.0,7611728
2024-09-19,1105.0,1130.0,1080.0,1120.0,7911002
2024-09-20,1145.0,1155.0,1125.0,1125.0,9138981
2024-09-23,1125.0,1150.0,1120.0,1145.0,4562996
2024-09-24,1135.0,1195.0,1135.0,1195.0,7297056
2024-09-25,1220.0,1230.0,1205.0,1225.0,11480089
2024-09-26,1235.0,1280.0,1230.0,1270.0,9967330
2024-09-27,1280.0,1305.0,1250.0,1260.0,9319433
2024-09-30,1235.0,1235.0,1175.0,1175.0,8944466
2024-10-01,1195.0,1230.0,1190.0,1210.0,6670719
2024-10-04,1200.0,1240.0,1200.0,1230.0,7601314
2024-10-07,1250.0,1295.0,1230.0,1250.0,9261022
2024-10-08,1240.0,1250.0,1225.0,1225.0,4746298
2024-10-09,1260.0,1275.0,1240.0,1245.0,5671636
2024-10-11,1265.0,1310.0,1265.0,1300.0,10811730
2024-10-14,1310.0,1310.0,1285.0,1290.0,4125156
2024-10-15,1310.0,1310.0,1290.0,1300.0,6492009
2024-10-16,1260.0,1295.0,1260.0,1275.0,7425191
2024-10-17,1295.0,1295.0,1265.0,1275.0,4514915
2024-10-18,1300.0,1330.0,1295.0,1305.0,8916104
2024-10-21,1310.0,1345.0,1310.0,1330.0,6706607
2024-10-22,1310.0,1315.0,1295.0,1310.0,5500454
2024-10-23,1280.0,1325.0,1275.0,1300.0,5639751
2024-10-24,1300.0,1305.0,1270.0,1270.0,4698981
2024-10-25,1270.0,1325.0,1270.0,1315.0,7326983
2024-10-28,1330.0,1340.0,1315.0,1335.0,5720182
2024-10-29,1315.0,1315.0,1285.0,1300.0,5519603
2024-10-30,1290.0,1315.0,1285.0,1290.0,5528055
2024-11-01,1220.0,1300.0,1220.0,1290.0,9461786
2024-11-04,1285.0,1305.0,1280.0,1295.0,3513519
2024-11-05,1285.0,1300.0,1280.0,1290.0,3688814
2024-11-06,1290.0,1320.0,1290.0,1305.0,3881189
2024-11-07,1330.0,1330.0,1300.0,1305.0,4517086
2024-11-08,1310.0,1320.0,1280.0,1280.0,4299470
2024-11-11,1300.0,1310.0,1280.0,1295.0,2878555
2024-11-12,1280.0,1295.0,1265.0,1265.0,4326905
2024-11-13,1265.0,1275.0,1255.0,1255.0,4182334
2024-11-14,1260.0,1265.0,1230.0,1235.0,4605044
2024-11-15,1240.0,1275.0,1230.0,1270.0,4349007
2024-11-18,1260.0,1265.0,1230.0,1240.0,3985278
2024-11-19,1255.0,1290.0,1245.0,1285.0,4531599
2024-11-20,1285.0,1300.0,1260.0,1275.0,4926471
2024-11-21,1265.0,1270.0,1255.0,1265.0,2634995
2024-11-22,1280.0,1310.0,1270.0,1310.0,6437379
2024-11-25,1325.0,1330.0,1280.0,1280.0,7734600
2024-11-26,1280.0,1290.0,1270.0,1280.0,3272636
2024-11-27,1270.0,1285.0,1250.0,1250.0,3069870
2024-11-28,1260.0,1265.0,1240.0,1255.0,4374911
2024-11-29,1235.0,1270.0,1225.0,1255.0,4324490
2024-12-02,1275.0,1315.0,1270.0,1310.0,4705833
2024-12-03,1325.0,1330.0,1295.0,1315.0,6211010
2024-12-04,1315.0,1325.0,1305.0,1320.0,4844752
2024-12-05,1325.0,1335.0,1310.0,1325.0,5559581
2024-12-06,1325.0,1340.0,1300.0,1305.0,4364288
2024-12-09,1320.0,1325.0,1300.0,1325.0,4592126
2024-12-10,1315.0,1360.0,1310.0,1350.0,8230114
2024-12-11,1320.0,1355.0,1305.0,1350.0,7633823
2024-12-12,1370.0,1400.0,1370.0,1380.0,8447774
2024-12-13,1385.0,1410.0,1365.0,1410.0,6733740
2024-12-16,1435.0,1440.0,1385.0,1385.0,7521031
2024-12-17,1390.0,1445.0,1390.0,1425.0,9362088
2024-12-18,1430.0,1430.0,1405.0,1420.0,6198374
2024-12-19,1400.0,1430.0,1395.0,1420.0,6719997
2024-12-20,1420.0,1425.0,1390.0,1390.0,5731484
2024-12-23,1405.0,1425.0,1400.0,1410.0,4417200
2024-12-24,1430.0,1430.0,1405.0,1405.0,3278608
2024-12-25,1420.0,1430.0,1410.0,1410.0,2449652
2024-12-26,1420.0,1430.0,1415.0,1420.0,2448448
2024-12-27,1420.0,1440.0,1420.0,1430.0,2406377
2024-12-30,1430.0,1435.0,1420.0,1420.0,2890276
2024-12-31,1410.0,1425.0,1400.0,1415.0,3371199
2025-01-02,1395.0,1400.0,1335.0,1350.0,7374055
2025-01-03,1365.0,1370.0,1335.0,1365.0,6413343
2025-01-06,1390.0,1425.0,1390.0,1425.0,7760498
2025-01-07,1445.0,1500.0,1415.0,1490.0,13043149
2025-01-08,1500.0,1500.0,1460.0,1470.0,11341648
2025-01-09,1470.0,1480.0,1440.0,1440.0,7283127
2025-01-10,1460.0,1495.0,1445.0,1465.0,7456378
2025-01-13,1435.0,1460.0,1385.0,1390.0,10467556
2025-01-14,1385.0,1415.0,1380.0,1400.0,5672581
2025-01-15,1390.0,1445.0,1390.0,1420.0,6608704
2025-01-16,1450.0,1470.0,1430.0,1460.0,7526306
2025-01-17,1450.0,1455.0,1420.0,1430.0,5593733
2025-01-20,1425.0,1455.0,1425.0,1445.0,4054089
2025-01-21,1440.0,1475.0,1435.0,1465.0,4729517
2025-01-22,1480.0,1495.0,1465.0,1465.0,6939769
2025-02-03,1420.0,1525.0,1415.0,1500.0,19472385
2025-02-04,1510.0,1530.0,1480.0,1490.0,8418410
2025-02-05,1505.0,1530.0,1490.0,1525.0,9272623
2025-02-06,1530.0,1570.0,1520.0,1525.0,9633472
2025-02-07,1525.0,1530.0,1505.0,1525.0,7062069
2025-02-10,1505.0,1510.0,1475.0,1480.0,9291243
2025-02-11,1490.0,1530.0,1490.0,1510.0,8734703
2025-02-12,1530.0,1540.0,1480.0,1485.0,8078186
2025-02-13,1495.0,1520.0,1485.0,1520.0,4801436
2025-02-14,1515.0,1535.0,1505.0,1505.0,4867021
2025-02-17,1515.0,1545.0,1510.0,1545.0,8095856
2025-02-18,1550.0,1550.0,1520.0,1535.0,5461888
2025-02-19,1535.0,1545.0,1525.0,1540.0,4710329
2025-02-20,1545.0,1545.0,1500.0,1500.0,7150167
2025-02-21,1500.0,1525.0,1490.0,1510.0,5756665
2025-02-24,1500.0,1545.0,1495.0,1545.0,6497488
2025-02-25,1525.0,1560.0,1510.0,1550.0,8502805
2025-02-26,1555.0,1575.0,1525.0,1560.0,8063842
2025-02-27,1555.0,1575.0,1515.0,1515.0,12022234
2025-03-03,1490.0,1495.0,1465.0,1470.0,11544405
2025-03-04,1435.0,1510.0,1435.0,1505.0,8330012
2025-03-05,1505.0,1530.0,1490.0,1505.0,6674087
2025-03-06,1505.0,1510.0,1485.0,1495.0,3240661
2025-03-07,1475.0,1485.0,1450.0,1465.0,5873135
2025-03-10,1450.0,1460.0,1395.0,1395.0,10835218
2025-03-11,1320.0,1390.0,1320.0,1385.0,10487926
2025-03-12,1375.0,1425.0,1375.0,1410.0,8365942
2025-03-13,1430.0,1440.0,1390.0,1390.0,7308998
2025-03-14,1400.0,1430.0,1390.0,1400.0,7265400
2025-03-17,1415.0,1440.0,1415.0,1425.0,5027826
2025-03-18,1450.0,1500.0,1445.0,1475.0,10558598
2025-03-19,1500.0,1515.0,1460.0,1465.0,8043123
2025-03-20,1495.0,1500.0,1465.0,1485.0,6559527
2025-03-21,1495.0,1500.0,1475.0,1480.0,4914917
2025-03-24,1500.0,1505.0,1480.0,1480.0,4129520
2025-03-25,1505.0,1540.0,1505.0,1525.0,8622310
2025-03-26,1535.0,1540.0,1515.0,1515.0,4039361
2025-03-27,1500.0,1510.0,1480.0,1485.0,4922392
2025-03-28,1470.0,1495.0,1455.0,1465.0,4752661
2025-03-31,1420.0,1440.0,1390.0,1390.0,8456107
2025-04-01,1410.0,1460.0,1410.0,1460.0,6663880
2025-04-02,1460.0,1460.0,1435.0,1435.0,4680070
2025-04-07,1295.0,1295.0,1295.0,1295.0,2148387
2025-04-08,1255.0,1300.0,1225.0,1260.0,19252718
2025-04-09,1250.0,1255.0,1140.0,1185.0,20017897
2025-04-10,1300.0,1300.0,1300.0,1300.0,2039439
2025-04-11,1280.0,1395.0,1250.0,1385.0,17343947
2025-04-14,1410.0,1425.0,1385.0,1400.0,12977957
2025-04-15,1405.0,1415.0,1375.0,1385.0,6829960
2025-04-16,1370.0,1385.0,1365.0,1365.0,5794610
2025-04-17,1340.0,1350.0,1315.0,1340.0,6954102
2025-04-18,1350.0,1380.0,1345.0,1365.0,3602072
2025-04-21,1355.0,1355.0,1325.0,1345.0,3123347
2025-04-22,1330.0,1355.0,1300.0,1300.0,5199584
2025-04-23,1340.0,1375.0,1340.0,1370.0,6303810
2025-04-24,1375.0,1375.0,1325.0,1330.0,6331633
2025-04-25,1375.0,1390.0,1370.0,1380.0,7381768
2025-04-28,1385.0,1390.0,1350.0,1350.0,5546486
2025-04-29,1350.0,1370.0,1335.0,1370.0,5933337
2025-04-30,1370.0,1370.0,1350.0,1350.0,5687722
2025-05-02,1370.0,1370.0,1290.0,1300.0,17916167
2025-05-05,1310.0,1335.0,1290.0,1295.0,7473805
2025-05-06,1295.0,1300.0,1275.0,1280.0,7890120
2025-05-07,1285.0,1300.0,1265.0,1275.0,6119782
2025-05-08,1285.0,1305.0,1275.0,1290.0,6304556
2025-05-09,1295.0,1325.0,1280.0,1325.0,6660443
2025-05-12,1320.0,1325.0,1305.0,1315.0,5353789
2025-05-13,1350.0,1365.0,1345.0,1355.0,9537705
2025-05-14,1370.0,1375.0,1345.0,1360.0,6786896
2025-05-15,1365.0,1380.0,1350.0,1370.0,5860573
2025-05-16,1365.0,1375.0,1360.0,1365.0,3651046
2025-05-19,1345.0,1350.0,1310.0,1310.0,7591783
2025-05-20,1330.0,1350.0,1315.0,1315.0,5952630
2025-05-21,1325.0,1345.0,1320.0,1340.0,4523644
2025-05-22,1325.0,1340.0,1320.0,1325.0,3388750
2025-05-23,1335.0,1340.0,1310.0,1315.0,4462357
2025-05-26,1305.0,1305.0,1275.0,1280.0,7955667
