Date,Open,High,Low,Close,Volume
2015-01-05,246.5,250.0,246.0,249.5,3379236
2015-01-06,249.0,251.5,243.0,243.0,6722335
2015-01-07,243.0,249.5,242.5,246.5,5268600
2015-01-08,248.5,254.0,248.5,253.5,5700506
2015-01-09,255.0,257.5,253.5,255.0,4219273
2015-01-12,255.0,256.5,253.0,253.0,2681988
2015-01-13,251.5,256.0,251.0,255.5,4400973
2015-01-14,255.5,261.5,253.0,253.0,6258273
2015-01-15,257.0,259.5,255.0,259.5,5597387
2015-01-16,258.5,259.0,254.0,257.5,4678058
2015-01-19,260.0,261.0,257.0,259.0,3143413
2015-01-20,261.0,268.5,259.0,267.0,10045789
2015-01-21,267.0,273.0,266.5,273.0,8792632
2015-01-22,273.5,279.0,270.5,273.0,9823350
2015-01-23,278.0,282.0,277.0,282.0,10076737
2015-01-26,281.5,281.5,275.5,279.0,6455190
2015-01-27,282.5,285.0,278.5,278.5,5701888
2015-01-28,281.0,284.0,279.5,284.0,8210249
2015-01-29,284.0,284.0,277.0,277.0,5599869
2015-01-30,278.0,280.0,278.0,278.5,3496739
2015-02-02,281.0,281.0,277.0,278.5,4234019
2015-02-03,281.0,289.0,280.5,288.0,12299456
2015-02-04,290.0,293.0,288.5,289.5,8241134
2015-02-05,289.0,289.0,285.0,285.0,6215879
2015-02-06,290.0,290.0,278.0,279.0,6798958
2015-02-09,282.0,284.0,278.5,280.5,4982403
2015-02-10,283.0,286.0,280.5,284.0,5451239
2015-02-11,287.0,287.0,283.0,284.0,3853011
2015-02-12,287.0,289.5,285.0,288.0,5956034
2015-02-13,288.5,293.0,288.0,292.5,7305029
2015-02-24,297.0,297.0,293.5,293.5,8030436
2015-02-25,294.5,296.5,290.5,291.5,3206163
2015-02-26,290.0,290.5,287.0,287.0,6217287
2015-03-02,292.0,292.5,288.5,289.0,5539328
2015-03-03,292.0,292.0,285.0,287.0,4274108
2015-03-04,288.5,289.0,283.5,283.5,4246319
2015-03-05,288.0,291.5,284.0,289.0,6073084
2015-03-06,289.0,302.0,289.0,298.0,13137403
2015-03-09,298.0,300.0,293.5,297.0,4426816
2015-03-10,299.5,299.5,294.5,297.0,4550487
2015-03-11,295.0,299.0,293.5,299.0,6137930
2015-03-12,299.0,299.0,294.0,294.0,4053098
2015-03-13,298.0,298.0,288.5,289.0,5531592
2015-03-16,289.0,291.5,285.0,287.5,3682804
2015-03-17,290.0,292.5,287.0,287.5,4315824
2015-03-18,287.5,294.0,286.0,294.0,5209190
2015-03-19,297.0,306.0,295.5,303.0,13272478
2015-03-20,324.0,324.0,323.0,324.0,12982962
2015-03-23,333.0,346.5,333.0,345.0,20548758
2015-03-24,340.0,342.5,333.0,342.0,9522768
2015-03-25,341.5,345.0,337.0,338.5,5707263
2015-03-26,335.5,338.5,331.0,336.5,8737996
2015-03-27,336.5,345.0,324.5,326.5,9766505
2015-03-30,330.0,335.5,324.5,331.0,7782822
2015-03-31,337.0,338.0,319.0,328.0,9041357
2015-04-01,331.0,337.0,324.5,337.0,7107152
2015-04-02,341.0,344.0,333.5,337.0,7086252
2015-04-07,351.0,360.5,348.5,360.5,11292265
2015-04-08,360.0,360.5,350.0,350.0,7827211
2015-04-09,349.0,352.0,344.0,346.0,6603086
2015-04-10,352.0,352.5,347.5,350.0,5937612
2015-04-13,353.0,353.5,345.0,346.5,6456769
2015-04-14,348.5,356.0,346.0,351.5,5233153
2015-04-15,350.5,352.0,346.0,349.0,4384492
2015-04-16,351.5,354.0,348.5,350.0,4232838
2015-04-17,353.5,353.5,349.5,352.0,3184929
2015-04-20,353.0,353.0,347.0,351.0,2954725
2015-04-21,354.0,363.5,353.0,355.0,10478516
2015-04-22,360.0,379.0,357.0,379.0,11996444
2015-04-23,379.0,380.0,371.5,375.0,7113805
2015-04-24,382.0,391.0,375.0,376.5,10365910
2015-04-27,380.0,390.0,379.0,380.0,9795927
2015-04-28,381.0,383.5,368.5,376.0,8393846
2015-04-29,350.0,353.0,350.0,350.0,13173165
2015-04-30,350.0,360.0,348.5,360.0,10869191
2015-05-04,355.0,358.0,350.0,350.0,5146300
2015-05-05,355.0,356.5,350.5,353.0,3933470
2015-05-06,353.0,353.0,346.0,350.0,5269988
2015-05-07,347.5,348.0,336.5,342.0,6897793
2015-05-08,344.5,347.0,338.0,339.0,5013119
2015-05-11,347.0,352.0,342.0,352.0,5552317
2015-05-12,346.0,351.0,346.0,348.0,4055271
2015-05-13,351.0,356.5,349.0,353.5,4582625
2015-05-14,356.0,356.0,347.0,347.0,3355933
2015-05-15,348.0,350.0,340.0,342.5,4015495
2015-05-18,345.0,345.5,340.0,340.0,2388363
2015-05-19,343.0,356.0,341.0,354.0,5558632
2015-05-20,354.0,354.0,349.0,350.0,4124283
2015-05-21,349.0,349.0,343.5,344.0,3923035
2015-05-22,346.5,355.0,346.0,353.0,6080435
2015-05-25,353.0,366.0,350.5,361.5,6969731
2015-05-26,366.0,369.5,359.5,364.0,7177052
2015-05-27,362.5,368.0,358.5,362.5,5129621
2015-05-28,369.0,371.0,364.0,364.0,5540571
2015-05-29,366.0,368.5,360.0,360.0,4416983
2015-06-01,358.0,359.5,354.5,357.0,2386023
2015-06-02,356.5,356.5,350.0,351.0,3581690
2015-06-03,352.0,358.0,351.5,356.0,3218967
2015-06-04,352.0,356.0,340.0,341.0,5458099
2015-06-05,340.0,347.0,333.5,346.0,5428683
2015-06-08,346.0,348.5,337.0,346.0,3764273
2015-06-09,344.0,348.0,335.0,348.0,4446819
2015-06-10,355.5,369.5,355.5,364.5,8617005
2015-06-11,367.5,368.0,362.0,363.0,4900298
2015-06-12,364.5,366.0,360.0,360.0,2606031
2015-06-15,360.0,366.5,357.0,362.0,3904818
2015-06-16,364.5,365.0,357.0,359.0,2302660
2015-06-17,361.5,364.0,357.0,359.0,2474836
2015-06-18,357.5,362.0,355.5,355.5,2541739
2015-06-22,358.0,362.0,358.0,358.0,3540021
2015-06-23,365.5,382.0,364.5,377.0,10565003
2015-06-24,377.0,382.0,375.5,378.5,3466425
2015-06-25,383.0,388.5,380.0,380.0,5793736
2015-06-26,382.0,384.5,378.5,384.0,3221056
2015-06-29,379.0,382.0,376.0,377.5,2493407
2015-06-30,381.0,386.0,376.5,386.0,3516532
2015-07-01,393.0,402.0,391.0,392.0,9188073
2015-07-02,397.0,397.0,392.5,393.0,4630816
2015-07-03,394.0,394.0,389.0,390.5,3946170
2015-07-06,389.0,395.0,387.0,387.5,3943477
2015-07-07,389.5,391.5,379.0,382.5,6178039
2015-07-08,378.0,380.5,359.0,369.0,9160271
2015-07-09,361.5,380.0,356.0,380.0,6911827
2015-07-13,382.0,383.5,372.5,381.0,5503354
2015-07-14,385.0,386.0,368.5,371.0,6845885
2015-07-15,375.0,378.0,371.0,375.0,5203632
2015-07-16,378.0,380.0,372.5,375.0,2128578
2015-07-17,379.0,380.5,374.0,380.0,2982123
2015-07-20,383.0,392.0,381.5,385.0,4588228
2015-07-21,383.0,383.0,372.5,377.0,4182516
2015-07-22,360.5,365.0,356.5,359.0,9717498
2015-07-23,358.0,361.0,342.5,352.0,11636187
2015-07-24,349.0,353.5,343.5,348.0,4629867
2015-07-27,345.0,350.5,333.5,333.5,5701981
2015-07-28,338.0,346.5,334.0,342.0,5974044
2015-07-29,343.0,346.5,333.0,333.0,7202658
2015-07-30,333.0,336.5,325.0,330.0,9733248
2015-07-31,333.5,348.0,330.0,348.0,7669195
2015-08-03,348.0,348.0,334.5,336.0,5926138
2015-08-04,339.0,339.0,302.5,314.0,11214298
2015-08-05,320.0,339.0,316.0,339.0,9132481
2015-08-06,350.0,351.0,335.5,341.5,9858263
2015-08-07,339.0,351.0,334.0,351.0,6530606
2015-08-10,352.0,363.5,347.0,363.0,5993758
2015-08-11,367.0,370.0,354.5,354.5,5525081
2015-08-12,351.0,358.0,347.0,357.0,5039968
2015-08-13,362.5,367.0,358.5,364.5,5471617
2015-08-14,362.5,363.5,356.0,362.5,4242425
2015-08-17,365.0,365.0,346.5,346.5,4160694
2015-08-18,349.0,353.5,345.0,346.0,3711334
2015-08-19,346.5,347.5,318.0,340.0,8031095
2015-08-20,334.0,336.5,323.5,329.0,8070120
2015-08-21,311.0,318.0,304.5,304.5,11251605
2015-08-24,287.0,300.0,274.5,294.5,13467879
2015-08-25,293.0,321.0,288.5,318.0,12212492
2015-08-26,317.5,321.0,308.5,314.0,9057121
2015-08-27,318.0,338.0,317.5,335.0,12117357
2015-08-28,344.0,346.5,325.0,325.0,9571698
2015-08-31,326.0,332.0,321.5,332.0,5103343
2015-09-01,332.0,332.0,323.0,324.5,4360833
2015-09-02,313.0,324.5,313.0,321.5,7530766
2015-09-03,322.0,327.0,315.0,327.0,4901570
2015-09-04,325.0,326.5,310.5,310.5,5549119
2015-09-07,323.0,326.0,314.0,314.0,6293013
2015-09-08,314.0,318.0,314.0,315.0,3504413
2015-09-09,325.0,345.5,323.5,337.5,14342121
2015-09-10,335.5,337.0,328.0,332.0,5623258
2015-09-11,334.0,340.5,332.0,332.0,5517504
2015-09-14,337.0,343.5,335.5,339.0,4881745
2015-09-15,344.0,344.0,333.5,333.5,3678661
2015-09-16,336.0,340.0,333.0,340.0,3808173
2015-09-17,346.0,348.0,340.0,342.5,5157000
2015-09-18,343.0,348.0,341.0,346.5,3949089
2015-09-21,342.0,343.5,338.0,338.5,3061521
2015-09-22,340.5,346.0,340.5,346.0,3774300
2015-09-23,341.0,343.5,336.5,341.0,4423992
2015-09-24,344.0,344.0,321.5,327.0,6347095
2015-09-25,333.0,339.0,329.0,338.0,5467922
2015-09-30,338.0,350.5,338.0,350.5,9928611
2015-10-01,352.5,355.0,345.0,353.5,7405053
2015-10-02,351.5,357.5,348.0,355.0,4857143
2015-10-05,359.0,359.5,348.0,348.5,4929028
2015-10-06,357.0,360.0,350.0,350.0,8428448
2015-10-07,352.5,354.0,347.0,353.5,6381643
2015-10-08,358.0,364.0,350.0,353.0,7791264
2015-10-12,355.0,356.0,348.5,350.5,4268254
2015-10-13,348.0,354.5,347.0,352.5,6368839
2015-10-14,350.0,351.5,348.0,348.0,4030257
2015-10-15,353.0,353.0,342.5,343.0,5056721
2015-10-16,345.0,345.5,330.5,331.0,8601864
2015-10-19,330.0,333.5,323.0,324.0,8104736
2015-10-20,329.5,331.5,322.5,322.5,6134739
2015-10-21,324.0,328.0,318.5,327.0,6831476
2015-10-22,327.5,332.0,327.0,329.5,4090089
2015-10-23,335.0,341.0,332.5,336.0,7951570
2015-10-26,340.0,345.0,340.0,342.0,4558044
2015-10-27,333.0,335.5,324.5,324.5,9216687
2015-10-28,325.0,329.5,321.0,323.0,5226328
2015-10-29,327.0,329.5,321.5,321.5,5401529
2015-10-30,318.0,320.0,306.5,320.0,9564380
2015-11-02,322.0,323.5,313.5,319.5,4783323
2015-11-03,321.0,333.0,321.0,331.0,7298637
2015-11-04,336.0,341.0,334.0,336.0,6650688
2015-11-05,339.0,342.0,331.5,338.0,5996405
2015-11-06,343.5,344.0,332.0,338.0,8085769
2015-11-09,339.0,339.0,323.5,325.0,10781524
2015-11-10,322.0,329.0,321.5,323.0,5588440
2015-11-11,323.0,326.0,318.5,319.0,6526287
2015-11-12,321.5,323.0,309.0,311.0,8691762
2015-11-13,308.0,318.0,307.0,311.5,5399928
2015-11-16,304.0,313.0,304.0,310.0,3524127
2015-11-17,318.0,321.0,314.0,314.0,4280367
2015-11-18,315.0,317.0,311.5,313.0,3838692
2015-11-19,319.0,320.5,314.5,320.0,4144188
2015-11-20,317.0,322.0,316.5,317.0,2797006
2015-11-23,319.0,322.0,316.0,320.0,3128430
2015-11-24,320.0,320.5,314.0,320.0,3522108
2015-11-25,320.5,320.5,314.0,317.0,3545189
2015-11-26,316.0,321.0,316.0,320.0,3301898
2015-11-27,322.0,322.0,318.0,318.0,2962447
2015-11-30,313.5,317.5,311.0,316.0,4747022
2015-12-01,321.0,324.5,317.0,322.0,4231203
2015-12-02,321.0,329.0,320.0,325.0,4198724
2015-12-03,325.0,326.5,320.0,320.0,2822142
2015-12-04,317.0,319.0,315.5,317.5,3100571
2015-12-07,324.5,329.0,320.0,321.0,6264729
2015-12-08,322.5,327.0,321.0,322.0,4645280
2015-12-09,323.0,326.0,321.0,324.0,3601455
2015-12-10,322.0,322.0,314.0,315.0,5900800
2015-12-11,315.5,317.0,300.5,300.5,9063138
2015-12-14,290.0,297.0,288.0,291.0,6038784
2015-12-15,296.0,298.0,281.0,282.0,8272597
2015-12-16,285.0,286.5,272.5,281.5,10895858
2015-12-17,285.0,292.0,283.5,291.0,6353541
2015-12-18,286.0,288.5,283.5,283.5,5568718
2015-12-21,278.5,285.0,274.0,282.5,6578090
2015-12-22,282.0,291.5,282.0,285.0,6152452
2015-12-23,289.0,292.5,287.0,289.0,5265060
2015-12-24,293.5,294.5,289.0,290.0,3859013
2015-12-25,290.5,290.5,286.0,288.0,1270477
2015-12-28,289.0,290.0,281.5,282.0,2310530
2015-12-29,282.0,284.0,277.5,277.5,3724882
2015-12-30,281.0,281.5,275.5,277.5,3540203
2015-12-31,276.0,278.5,274.0,276.0,2773428
2016-01-04,278.0,278.0,269.0,272.5,4958763
2016-01-05,272.5,274.0,262.0,265.0,5711027
2016-01-06,250.0,253.5,238.5,251.0,21936440
2016-01-07,230.0,236.0,226.0,226.0,25317817
2016-01-08,216.0,227.0,216.0,220.5,23668122
2016-01-11,223.0,226.5,219.5,222.0,13888574
2016-01-12,222.0,226.0,200.0,203.5,18252876
2016-01-13,208.0,218.0,207.5,215.5,18423585
2016-01-14,212.0,218.5,206.5,218.5,14903329
2016-01-15,223.5,224.0,212.5,218.5,15706547
2016-01-18,212.0,221.5,212.0,219.0,7231620
2016-01-19,219.0,232.0,217.0,232.0,13404630
2016-01-20,227.5,229.0,215.0,215.0,14158586
2016-01-21,220.0,223.0,217.0,219.5,7011851
2016-01-22,223.5,225.0,216.5,219.5,7398605
2016-01-25,227.0,231.5,225.0,228.5,14683196
2016-01-26,225.0,227.5,223.5,225.0,7051943
2016-01-27,227.5,229.0,223.0,223.5,8147174
2016-01-28,222.5,231.0,218.5,230.0,14999503
2016-01-29,230.0,251.0,227.0,244.5,19799832
2016-01-30,249.0,262.0,248.0,259.0,11324832
2016-02-01,257.0,258.5,250.5,252.0,8525995
2016-02-02,251.0,251.0,242.5,242.5,9479237
2016-02-03,243.0,245.5,237.0,237.5,6944261
2016-02-15,229.0,235.0,228.0,232.0,12165276
2016-02-16,238.0,252.0,237.0,250.5,10507033
2016-02-17,250.0,251.0,245.0,247.0,6357110
2016-02-18,254.0,259.0,252.0,252.0,8227968
2016-02-19,250.5,254.0,247.0,253.0,4329429
2016-02-22,254.0,258.0,251.0,252.5,4228022
2016-02-23,253.0,254.5,247.0,247.0,5141125
2016-02-24,246.5,251.5,242.5,250.0,4914030
2016-02-25,253.5,256.0,251.0,251.5,4444884
2016-02-26,261.5,263.5,257.0,260.0,9045768
2016-03-01,261.0,276.0,261.0,275.0,13054322
2016-03-02,282.0,283.5,278.5,278.5,10864985
2016-03-03,276.5,280.5,269.0,271.0,6667380
2016-03-04,273.5,278.0,271.0,275.5,5457524
2016-03-07,274.0,274.0,269.5,272.5,4692470
2016-03-08,274.5,275.0,264.0,270.0,5595330
2016-03-09,270.0,274.5,266.0,273.5,4839808
2016-03-10,274.5,274.5,269.5,269.5,2877310
2016-03-11,270.0,275.0,270.0,274.5,4261964
2016-03-14,284.5,284.5,280.0,281.0,4601017
2016-03-15,282.0,284.0,276.0,276.0,5659675
2016-03-16,280.5,286.5,278.5,282.0,7196823
2016-03-17,286.0,287.0,278.5,279.5,4223689
2016-03-18,283.5,294.5,281.0,294.5,11854242
2016-03-21,292.5,292.5,287.0,289.5,5669780
2016-03-22,287.0,288.0,281.0,285.0,4407731
2016-03-23,283.0,288.0,282.0,283.5,2336644
2016-03-24,278.5,279.0,272.0,275.0,5773207
2016-03-25,275.0,278.0,264.0,266.5,7015426
2016-03-28,266.0,266.0,253.0,253.5,12314187
2016-03-29,255.5,259.5,250.0,251.5,7409397
2016-03-30,257.0,267.0,256.0,267.0,10208068
2016-03-31,266.5,267.0,260.0,264.0,6860411
2016-04-01,264.0,264.0,257.5,259.0,4886710
2016-04-06,260.0,266.0,255.0,263.0,10575208
2016-04-07,262.0,262.5,252.0,254.5,7678189
2016-04-08,255.0,256.5,249.5,255.5,7009554
2016-04-11,253.0,259.5,250.0,259.5,5368043
2016-04-12,257.0,259.5,254.5,257.5,5535916
2016-04-13,259.5,268.0,259.0,266.0,10547318
2016-04-14,271.0,272.5,267.0,269.5,5956915
2016-04-15,264.5,267.5,263.0,264.0,4221098
2016-04-18,259.5,259.5,251.0,252.0,6794930
2016-04-19,252.0,255.5,231.0,237.0,16200962
2016-04-20,240.0,245.5,239.5,243.0,12287407
2016-04-21,245.0,245.5,237.0,239.0,9501822
2016-04-22,234.5,237.0,226.0,233.5,12914920
2016-04-25,235.0,236.0,229.5,235.0,7247773
2016-04-26,236.0,238.0,234.0,236.5,7568161
2016-04-27,231.5,235.0,225.0,233.5,8782210
2016-04-28,235.0,236.0,228.0,232.0,7211800
2016-04-29,229.0,230.0,226.5,227.0,4352614
2016-05-03,224.0,224.0,214.5,220.0,10998241
2016-05-04,220.0,225.0,214.0,214.0,7204044
2016-05-05,208.5,209.5,201.0,202.0,14860171
2016-05-06,205.0,221.0,205.0,214.0,18753822
2016-05-09,214.5,223.0,212.0,213.0,8231172
2016-05-10,212.0,216.0,206.5,216.0,5553542
2016-05-11,216.0,218.5,210.0,210.0,6373303
2016-05-12,208.0,217.5,208.0,216.0,7256565
2016-05-13,211.5,213.5,208.5,210.5,9020510
2016-05-16,209.5,215.0,208.0,215.0,4574936
2016-05-17,218.0,224.0,216.0,220.5,9848078
2016-05-18,217.5,224.0,217.5,222.5,5184268
2016-05-19,224.5,226.0,219.0,220.0,5664153
2016-05-20,224.0,232.5,224.0,231.0,13042422
2016-05-23,236.0,254.0,236.0,253.5,17285872
2016-05-24,252.0,253.0,248.5,249.0,7283313
2016-05-25,252.0,258.0,241.0,241.0,14670727
2016-05-26,243.0,246.5,241.0,241.5,5750317
2016-05-27,245.0,247.5,242.0,246.0,6463199
2016-05-30,246.0,249.0,243.0,247.5,4449959
2016-05-31,248.5,251.5,246.5,248.0,5721179
2016-06-01,247.0,253.5,246.0,251.0,6546389
2016-06-02,249.5,252.0,244.0,245.0,4626800
2016-06-03,245.0,248.5,244.0,248.5,3437796
2016-06-04,253.0,253.0,247.5,247.5,2383904
2016-06-06,248.0,249.5,240.0,242.5,4833834
2016-06-07,245.5,248.0,243.5,247.0,4152448
2016-06-08,250.0,250.0,246.0,247.0,7834748
2016-06-13,246.0,247.0,244.0,247.0,3485635
2016-06-14,245.5,254.0,245.5,251.5,7497277
2016-06-15,250.5,250.5,247.0,247.5,5572884
2016-06-16,246.0,246.0,237.0,237.5,8300083
2016-06-17,240.5,244.5,239.0,239.0,5702436
2016-06-20,243.0,244.5,240.5,244.0,2891855
2016-06-21,244.0,245.5,242.5,244.0,3779124
2016-06-22,244.0,249.0,244.0,247.5,5017758
2016-06-23,247.5,249.0,245.5,247.5,2881800
2016-06-24,249.0,249.5,234.0,239.0,7567333
2016-06-27,238.0,239.0,233.0,234.5,5620690
2016-06-28,230.0,240.0,227.0,235.5,7933721
2016-06-29,237.5,242.0,237.0,239.5,5029400
2016-06-30,241.5,245.5,237.5,237.5,5889542
2016-07-01,239.0,242.0,238.0,239.0,4213300
2016-07-04,239.0,241.0,238.0,239.0,3414703
2016-07-05,237.0,238.5,231.5,231.5,6288730
2016-07-06,225.0,227.0,218.5,221.0,10828987
2016-07-07,223.0,224.0,217.5,219.5,9742779
2016-07-11,223.0,224.5,218.0,220.0,6370175
2016-07-12,221.5,227.5,220.0,226.5,6797244
2016-07-13,228.0,231.0,226.0,229.5,4273942
2016-07-14,228.5,229.5,226.5,229.5,3909848
2016-07-15,234.0,243.5,232.5,240.0,11512388
2016-07-18,241.0,245.0,240.5,244.0,6233616
2016-07-19,245.5,245.5,241.0,242.5,3975470
2016-07-20,241.0,244.5,239.0,239.0,4541773
2016-07-21,241.0,245.0,240.0,240.0,4756729
2016-07-22,241.0,242.0,238.0,238.5,3425627
2016-07-25,239.5,241.0,233.0,235.0,4672959
2016-07-26,231.5,233.5,229.0,230.5,6629687
2016-07-27,235.5,236.5,232.0,232.0,8812738
2016-07-28,231.0,231.0,223.5,224.5,10136794
2016-07-29,224.0,227.5,222.0,222.0,7024224
2016-08-01,223.0,226.5,223.0,225.0,4202540
2016-08-02,227.5,227.5,225.0,225.0,3461300
2016-08-03,223.0,226.0,222.0,224.0,3070544
2016-08-04,224.5,226.0,218.5,219.5,7832129
2016-08-05,220.5,221.0,214.5,218.5,10694758
2016-08-08,213.0,226.5,213.0,220.5,16539745
2016-08-09,220.0,223.0,217.0,217.5,7934660
2016-08-10,216.0,218.5,213.5,213.5,8538130
2016-08-11,210.5,211.5,204.0,209.5,14777256
2016-08-12,211.0,214.0,210.0,213.0,7847792
2016-08-15,215.0,221.0,214.0,219.0,10053370
2016-08-16,222.5,223.0,217.0,218.5,6181940
2016-08-17,220.0,220.5,217.0,218.0,3458531
2016-08-18,222.5,226.0,222.5,225.0,11440037
2016-08-19,226.5,228.5,222.0,222.0,10128848
2016-08-22,222.0,224.5,222.0,222.5,3493463
2016-08-23,224.0,224.5,222.5,223.0,3773965
2016-08-24,225.5,227.5,224.5,227.5,5609605
2016-08-25,228.0,229.5,227.5,229.5,4364956
2016-08-26,229.0,229.0,225.5,226.0,4204883
2016-08-29,224.0,229.0,223.0,229.0,3609680
2016-08-30,230.5,233.0,229.5,231.0,5804359
2016-08-31,231.0,233.0,228.0,228.0,4789429
2016-09-01,229.0,230.0,225.0,226.0,3710696
2016-09-02,227.5,227.5,220.5,223.5,4544332
2016-09-05,227.5,229.0,225.0,229.0,5622245
2016-09-06,232.0,233.0,230.5,231.5,7277713
2016-09-07,232.0,242.5,232.0,242.0,19548744
2016-09-08,240.0,241.0,235.0,241.0,18056523
2016-09-09,240.0,241.5,236.5,241.5,9157155
2016-09-10,236.0,237.0,233.5,233.5,4515649
2016-09-12,236.0,242.0,235.0,238.5,12063028
2016-09-13,243.0,243.0,237.0,239.0,6463476
2016-09-14,246.0,252.5,242.5,252.0,19742862
2016-09-19,266.5,271.5,260.5,270.0,16915509
2016-09-20,268.0,269.0,264.0,264.0,5623785
2016-09-21,262.5,266.5,261.0,266.0,5496689
2016-09-22,271.0,271.0,261.0,261.5,6557553
2016-09-23,264.0,267.0,262.5,267.0,4259283
2016-09-26,263.0,263.0,256.0,257.5,7636088
2016-09-29,257.5,261.0,256.0,259.0,6840363
2016-09-30,255.0,257.0,254.5,254.5,5009429
2016-10-03,255.0,256.5,251.0,255.5,3625349
2016-10-04,257.5,262.5,256.5,262.0,4911965
2016-10-05,260.0,261.0,256.5,257.0,3351942
2016-10-06,257.0,258.0,247.0,247.5,10495609
2016-10-07,248.0,249.5,243.5,245.0,6089832
2016-10-11,248.0,250.0,241.5,246.0,5785682
2016-10-12,246.0,251.5,246.0,250.0,4948000
2016-10-13,253.5,253.5,248.0,248.0,3742378
2016-10-14,247.0,247.0,243.0,243.5,3176959
2016-10-17,243.5,247.0,243.0,244.0,2475086
2016-10-18,245.5,247.0,241.0,247.0,3037537
2016-10-19,250.0,250.0,247.5,249.5,3798392
2016-10-20,248.0,251.0,247.5,250.5,2921337
2016-10-21,251.5,251.5,248.0,250.0,2171202
2016-10-24,247.0,247.5,243.0,246.0,3320162
2016-10-25,246.0,251.5,246.0,251.0,2713219
2016-10-26,247.0,250.0,247.0,247.5,2790533
2016-10-27,247.5,249.5,246.0,246.0,3040013
2016-10-28,246.0,249.0,245.5,246.0,2292210
2016-10-31,244.0,247.5,243.0,247.5,2643330
2016-11-01,243.0,245.0,242.5,243.5,2406366
2016-11-02,239.5,240.0,229.0,229.0,7386290
2016-11-03,227.0,231.5,225.0,225.0,5079465
2016-11-04,223.5,226.5,222.0,222.5,3910734
2016-11-07,226.0,231.5,225.5,229.5,4918096
2016-11-08,233.5,233.5,230.0,233.0,3327170
2016-11-09,235.0,236.5,221.5,221.5,7181415
2016-11-10,231.0,231.0,227.0,227.0,3650590
2016-11-11,222.0,223.0,214.5,216.5,8477199
2016-11-14,215.0,217.0,210.5,213.5,5521261
2016-11-15,211.0,217.0,211.0,214.0,3042110
2016-11-16,216.0,217.5,213.0,213.0,3138996
2016-11-17,214.5,216.0,212.5,213.5,2422829
2016-11-18,214.0,220.5,213.5,219.5,3893667
2016-11-21,221.0,224.0,219.0,223.0,2594302
2016-11-22,226.0,227.0,224.0,225.5,3511427
2016-11-23,225.0,225.5,222.0,223.0,3457630
2016-11-24,222.0,223.0,219.5,219.5,2905505
2016-11-25,220.0,223.0,220.0,222.0,1728379
2016-11-28,225.0,236.0,224.0,233.5,8063536
2016-11-29,238.0,241.0,236.0,238.5,9217818
2016-11-30,238.0,238.5,231.5,231.5,5681541
2016-12-01,233.5,238.5,233.0,237.5,4442169
2016-12-02,234.5,239.5,234.0,237.5,3402469
2016-12-05,236.0,237.0,233.0,233.0,2619761
2016-12-06,236.0,238.0,235.0,236.0,5097389
2016-12-07,237.5,238.0,233.0,233.5,2814790
2016-12-08,235.0,236.0,233.5,234.0,3300431
2016-12-09,236.5,236.5,233.5,233.5,2841806
2016-12-12,236.0,237.0,234.0,235.5,3739532
2016-12-13,234.0,236.0,233.0,235.0,3657466
2016-12-14,236.5,238.0,234.5,236.5,3327524
2016-12-15,235.5,240.0,234.0,239.0,3190940
2016-12-16,240.0,240.5,235.5,235.5,4956872
2016-12-19,235.0,235.0,229.5,229.5,3422120
2016-12-20,230.5,232.0,225.5,227.0,3509070
2016-12-21,228.0,228.5,225.0,225.0,2758852
2016-12-22,224.5,225.0,220.0,220.0,3185303
2016-12-23,220.0,223.5,219.5,221.5,2621778
2016-12-26,223.0,223.0,220.5,221.5,743120
2016-12-27,221.5,224.0,220.5,223.0,1219092
2016-12-28,224.0,226.0,223.0,224.0,1780497
2016-12-29,222.0,223.5,221.0,221.0,1497712
2016-12-30,222.5,224.5,221.5,224.0,1914091
2017-01-03,225.0,225.5,223.0,225.5,1100881
2017-01-04,227.0,227.0,223.5,224.0,1101039
2017-01-05,225.0,225.0,220.0,221.5,3042443
2017-01-06,223.5,224.0,222.0,223.0,3555230
2017-01-09,223.0,224.5,222.5,224.0,2175402
2017-01-10,224.0,224.0,222.0,223.0,1042440
2017-01-11,223.5,223.5,217.0,218.5,5497464
2017-01-12,215.0,215.5,212.5,214.5,7615045
2017-01-13,214.0,217.0,213.5,216.0,4303151
2017-01-16,216.0,220.0,213.5,219.0,1909053
2017-01-17,221.0,223.0,220.5,223.0,2741402
2017-01-18,222.5,223.5,221.0,221.5,2447206
2017-01-19,228.0,233.0,227.5,232.5,12157138
2017-01-20,244.0,245.0,239.5,242.5,18724869
2017-01-23,246.5,247.0,241.0,244.0,8162966
2017-01-24,247.0,256.0,246.5,255.0,20680627
2017-02-02,261.5,261.5,250.5,250.5,9869258
2017-02-03,255.0,258.5,252.0,256.0,7176409
2017-02-06,253.0,256.0,251.0,256.0,4616241
2017-02-07,257.5,261.5,255.0,260.5,5655761
2017-02-08,260.0,263.0,258.0,261.5,4384242
2017-02-09,261.0,261.5,258.0,258.5,3105552
2017-02-10,259.5,267.5,259.5,266.0,6087511
2017-02-13,266.0,269.5,264.5,268.0,4665370
2017-02-14,270.0,271.5,264.0,264.0,4096839
2017-02-15,266.5,269.0,265.0,269.0,3960227
2017-02-16,268.5,268.5,264.5,267.0,2847038
2017-02-17,266.0,266.0,261.0,261.0,3693944
2017-02-18,263.5,264.5,259.0,259.0,1348646
2017-02-20,259.5,261.0,253.5,255.0,4887090
2017-02-21,255.5,258.5,253.5,258.5,3285561
2017-02-22,258.0,261.5,257.0,258.5,3757445
2017-02-23,258.0,260.5,256.0,256.5,3848984
2017-02-24,255.0,258.5,253.5,257.0,2167900
2017-03-01,257.0,258.0,252.5,253.0,3625596
2017-03-02,260.0,260.0,256.0,258.5,3161730
2017-03-03,258.0,259.0,256.0,258.5,1806329
2017-03-06,259.5,260.0,257.5,260.0,1573597
2017-03-07,258.5,262.0,257.0,262.0,1765359
2017-03-08,263.0,263.5,259.5,260.5,2363724
2017-03-09,262.0,262.0,256.5,256.5,2079072
2017-03-10,259.0,259.0,254.0,257.0,2095856
2017-03-13,256.5,258.5,255.0,256.5,1133993
2017-03-14,262.0,274.0,260.5,273.5,9170517
2017-03-15,272.0,272.5,266.0,266.5,4086345
2017-03-16,273.5,280.0,270.0,270.5,6990690
2017-03-17,288.0,288.0,278.0,282.0,12059563
2017-03-20,284.0,293.0,282.0,291.5,8026408
2017-03-21,291.5,294.5,289.0,294.5,6299874
2017-03-22,288.0,292.0,287.0,292.0,6964719
2017-03-23,294.0,294.0,289.0,289.5,4307217
2017-03-24,290.0,291.0,285.5,285.5,2683932
2017-03-27,284.0,285.5,281.0,284.5,3988760
2017-03-28,286.0,289.0,276.0,280.0,4761674
2017-03-29,285.0,290.0,282.5,290.0,4583901
2017-03-30,291.0,292.0,287.0,289.5,5203639
2017-03-31,293.5,304.0,290.5,300.0,8364608
2017-04-05,306.0,308.5,297.0,299.0,7019548
2017-04-06,299.0,306.0,295.5,306.0,9049886
2017-04-07,310.0,312.0,298.0,301.0,7678407
2017-04-10,303.0,304.0,297.0,299.5,3389831
2017-04-11,302.0,307.5,298.5,299.0,4601712
2017-04-12,303.0,303.0,297.0,298.0,3066916
2017-04-13,300.0,302.0,297.0,299.0,4052850
2017-04-14,300.0,300.0,290.0,290.0,2433626
2017-04-17,290.0,295.0,286.5,290.5,1783541
2017-04-18,294.0,294.0,288.5,291.5,1679578
2017-04-19,291.5,291.5,285.0,285.0,3556870
2017-04-20,287.5,291.0,286.0,289.5,3012267
2017-04-21,294.5,294.5,287.5,290.0,2257133
2017-04-24,293.5,293.5,289.5,291.5,1533845
2017-04-25,293.5,307.5,292.5,304.0,7963654
2017-04-26,310.0,315.0,308.5,310.5,7706232
2017-04-27,308.0,309.5,307.0,308.5,2568736
2017-04-28,309.0,314.0,308.0,310.0,3473416
2017-05-02,311.0,313.0,308.0,308.5,3110587
2017-05-03,310.0,316.5,309.0,311.0,6195863
2017-05-04,314.0,314.5,310.0,313.5,3412796
2017-05-05,314.5,317.5,311.0,311.0,3410766
2017-05-08,317.5,323.5,317.5,321.0,8876027
2017-05-09,324.0,338.5,324.0,337.0,11927063
2017-05-10,335.0,336.0,327.5,329.0,5568172
2017-05-11,329.0,331.5,321.0,323.0,4428022
2017-05-12,326.0,326.0,316.0,319.0,4987661
2017-05-15,323.5,334.0,322.0,330.5,7390835
2017-05-16,333.5,337.5,325.0,327.0,6729778
2017-05-17,328.0,333.0,326.0,333.0,2862602
2017-05-18,325.0,326.0,321.0,321.5,4320623
2017-05-19,323.0,323.5,318.5,319.0,3111224
2017-05-22,317.0,320.0,315.0,317.5,5899907
2017-05-23,320.5,326.0,319.5,324.0,3131057
2017-05-24,324.0,326.0,322.0,326.0,2473705
2017-05-25,324.0,326.0,320.5,323.0,1501639
2017-05-26,325.5,325.5,318.0,324.0,2272009
2017-05-31,323.5,324.0,318.0,318.0,3143227
2017-06-01,318.0,321.5,317.0,320.0,1449394
2017-06-02,322.5,325.5,322.0,322.0,4203369
2017-06-03,325.0,328.5,321.0,328.0,1561474
2017-06-05,331.0,341.5,331.0,339.0,7600680
2017-06-06,345.0,361.0,343.5,354.0,13027739
2017-06-07,357.5,358.0,346.0,346.0,7508584
2017-06-08,346.0,356.5,346.0,354.0,7317882
2017-06-09,351.0,360.5,351.0,358.0,4557914
2017-06-12,351.0,357.0,351.0,356.0,3367370
2017-06-13,353.5,354.5,349.0,351.5,3396485
2017-06-14,358.0,366.0,356.5,361.0,6597079
2017-06-15,365.0,365.0,353.5,356.0,3883758
2017-06-16,356.0,362.0,352.0,362.0,3663834
2017-06-19,360.5,363.0,358.0,358.0,3495851
2017-06-20,363.0,371.5,363.0,368.0,7295561
2017-06-21,366.0,370.0,362.5,369.0,3118587
2017-06-22,366.0,371.0,365.5,366.0,3076625
2017-06-23,376.0,382.5,364.0,364.0,8261197
2017-06-26,364.0,372.0,363.5,372.0,5420770
2017-06-27,373.5,377.0,369.0,372.0,3301653
2017-06-28,368.0,369.0,361.0,364.5,4003296
2017-06-29,368.0,369.5,362.0,362.0,3082143
2017-06-30,362.0,366.0,357.0,363.5,3639580
2017-07-03,362.0,365.5,360.5,365.0,1955339
2017-07-04,368.0,369.0,359.5,359.5,3580691
2017-07-05,362.0,370.0,356.0,370.0,4257684
2017-07-06,375.5,377.0,372.0,374.0,4617243
2017-07-07,372.5,373.0,368.0,368.0,2202943
2017-07-10,370.5,372.0,368.5,370.0,2678991
2017-07-11,371.0,381.0,371.0,378.0,7835857
2017-07-12,381.0,384.0,378.0,384.0,4539432
2017-07-13,384.0,384.0,380.0,380.5,2457914
2017-07-14,384.0,388.0,383.0,386.0,4568403
2017-07-17,383.0,387.0,383.0,386.0,2517078
2017-07-18,385.0,387.0,383.0,383.0,3514031
2017-07-19,379.5,381.0,375.0,377.0,4552932
2017-07-20,373.0,375.0,361.5,367.0,6666764
2017-07-21,364.0,365.0,358.0,359.5,8395780
2017-07-24,360.0,369.0,360.0,369.0,4589223
2017-07-25,372.0,372.5,367.5,369.0,2502299
2017-07-26,370.0,371.5,362.5,362.5,3295664
2017-07-27,367.0,368.0,363.5,365.0,3276946
2017-07-28,365.0,366.5,356.0,356.0,3809538
2017-07-31,355.0,357.0,347.0,347.0,7541689
2017-08-01,351.5,367.5,351.0,365.0,8902712
2017-08-02,372.0,378.5,372.0,375.0,9570169
2017-08-03,380.0,386.0,376.0,376.5,7377022
2017-08-04,378.0,383.0,377.0,377.5,3701671
2017-08-07,384.0,399.0,384.0,392.0,11193062
2017-08-08,393.0,393.0,380.0,385.0,7431347
2017-08-09,392.0,395.0,380.0,382.0,5873815
2017-08-10,380.0,380.5,362.5,373.5,6488708
2017-08-11,370.0,376.0,369.0,372.0,5983554
2017-08-14,377.0,377.0,370.0,372.5,2741173
2017-08-15,380.0,380.5,368.0,369.0,3131725
2017-08-16,369.0,374.5,367.0,369.0,2587617
2017-08-17,374.0,379.0,371.5,377.5,2567735
2017-08-18,372.0,374.0,366.5,371.0,3821451
2017-08-21,375.0,375.5,370.0,371.5,1699523
2017-08-22,378.0,382.0,375.5,378.5,3405893
2017-08-23,381.0,382.0,372.0,374.0,3287481
2017-08-24,374.0,380.5,374.0,377.0,1964954
2017-08-25,381.0,390.0,377.5,387.5,5771096
2017-08-28,389.0,389.5,381.5,381.5,3635713
2017-08-29,382.0,384.5,379.5,382.0,2367323
2017-08-30,384.5,386.0,380.5,380.5,2234536
2017-08-31,382.5,384.0,380.0,384.0,3953909
2017-09-01,385.0,386.0,382.5,383.5,2117541
2017-09-04,380.0,380.0,374.0,374.0,4931572
2017-09-05,377.5,379.0,369.0,372.0,4052206
2017-09-06,378.0,381.0,368.5,370.0,6341829
2017-09-07,374.0,374.0,362.0,362.0,5416825
2017-09-08,362.5,364.5,356.0,359.5,6897537
2017-09-11,363.0,366.0,359.0,359.5,4707998
2017-09-12,361.0,362.0,352.0,352.5,4514110
2017-09-13,352.5,352.5,332.0,335.0,12898659
2017-09-14,326.0,333.5,323.5,325.5,11524510
2017-09-15,325.5,331.0,315.5,331.0,13254297
2017-09-18,333.0,333.0,325.5,326.0,5008020
2017-09-19,331.0,331.0,320.0,320.5,5386553
2017-09-20,321.5,322.5,305.5,309.0,9756028
2017-09-21,310.5,317.0,306.0,312.0,9929056
2017-09-22,312.5,313.0,300.0,300.0,7698198
2017-09-25,303.0,303.0,286.0,286.5,13186408
2017-09-26,290.0,297.5,286.0,286.0,13897670
2017-09-27,295.0,297.0,287.5,287.5,9691180
2017-09-28,292.0,293.5,285.0,289.5,10032907
2017-09-29,289.5,290.0,276.5,282.5,13010691
2017-09-30,287.0,295.0,286.0,295.0,5867908
2017-10-02,297.0,313.0,292.0,313.0,14582515
2017-10-03,316.5,318.0,305.0,305.5,14359290
2017-10-05,305.5,316.0,304.0,316.0,9992665
2017-10-06,326.0,328.0,319.5,328.0,15706767
2017-10-11,330.0,331.0,318.0,321.5,12138930
2017-10-12,323.0,326.0,319.0,320.5,4829422
2017-10-13,319.5,319.5,306.5,312.5,8265131
2017-10-16,312.5,322.0,309.5,312.0,6916414
2017-10-17,315.5,317.0,309.5,309.5,4686423
2017-10-18,315.0,315.5,298.0,304.0,7060468
2017-10-19,298.0,303.5,293.0,302.0,8649303
2017-10-20,300.0,304.5,295.5,303.5,5016244
2017-10-23,305.0,313.0,303.5,307.5,5610289
2017-10-24,310.0,310.5,306.0,308.5,3439985
2017-10-25,312.0,313.0,308.5,309.5,3057835
2017-10-26,309.5,317.0,305.0,313.0,5016165
2017-10-27,313.0,314.0,291.5,296.0,7357970
2017-10-30,305.0,316.0,301.0,314.5,9258599
2017-10-31,317.0,324.0,315.0,320.0,9859237
2017-11-01,324.0,330.0,321.5,327.5,8735069
2017-11-02,325.0,328.5,320.5,328.5,5661816
2017-11-03,330.5,333.5,323.5,328.5,6518395
2017-11-06,336.0,343.5,331.0,336.0,16232945
2017-11-07,331.0,334.0,323.5,333.5,13383962
2017-11-08,339.0,339.0,326.0,326.0,10018826
2017-11-09,330.0,335.0,324.0,329.5,9755382
2017-11-10,331.0,337.5,327.5,337.5,8925023
2017-11-13,336.0,337.0,329.0,329.5,7178884
2017-11-14,334.5,337.0,332.5,337.0,6386090
2017-11-15,336.5,338.5,330.5,330.5,6275564
2017-11-16,329.0,330.0,324.0,326.0,4657989
2017-11-17,331.0,332.0,328.0,330.0,3600068
2017-11-20,330.5,331.5,326.0,326.0,4737835
2017-11-21,329.0,334.0,326.5,333.0,5351338
2017-11-22,338.0,349.5,336.5,346.5,15361084
2017-11-23,346.0,348.5,340.0,340.0,7189739
2017-11-24,340.0,343.0,338.0,342.5,3837627
2017-11-27,343.0,344.5,336.0,336.5,4054577
2017-11-28,337.0,337.5,331.0,333.0,3630854
2017-11-29,336.0,339.0,334.0,336.0,3289562
2017-11-30,333.0,333.5,323.0,323.0,8443522
2017-12-01,327.0,332.0,322.0,328.5,5882898
2017-12-04,328.5,332.0,319.0,332.0,4117511
2017-12-05,330.0,334.5,326.5,332.0,4495470
2017-12-06,325.0,328.0,311.0,311.0,8577304
2017-12-07,314.5,318.5,308.0,311.0,5719777
2017-12-08,312.0,316.0,306.0,313.0,4703481
2017-12-11,319.0,324.5,316.5,322.0,4954567
2017-12-12,320.0,322.0,315.0,317.0,3806502
2017-12-13,317.0,319.0,315.5,316.0,2533916
2017-12-14,319.0,326.0,319.0,320.0,3371353
2017-12-15,323.5,324.0,315.0,322.0,4212264
2017-12-18,324.0,326.5,320.5,325.5,2223007
2017-12-19,324.5,327.5,323.0,327.0,2326737
2017-12-20,330.0,335.0,328.5,328.5,4279598
2017-12-21,329.5,333.0,329.5,331.5,2152333
2017-12-22,333.0,334.0,330.5,334.0,2163792
2017-12-25,332.0,333.5,327.0,329.5,1568968
2017-12-26,328.0,328.5,310.0,315.0,4963176
2017-12-27,317.5,321.0,315.5,320.5,1720288
2017-12-28,323.0,330.0,322.5,328.5,2470879
2017-12-29,330.0,332.0,327.0,328.0,1730045
2018-01-02,326.0,331.5,323.5,330.0,1519184
2018-01-03,334.5,335.5,332.0,333.5,3442238
2018-01-04,338.0,338.0,333.5,335.0,2915104
2018-01-05,336.5,336.5,327.5,335.0,3683850
2018-01-08,328.5,329.0,323.5,327.0,5142513
2018-01-09,327.0,331.0,325.5,329.5,2035700
2018-01-10,329.5,329.5,318.5,319.0,3988244
2018-01-11,318.0,324.5,316.0,324.5,2355377
2018-01-12,326.0,332.5,324.5,332.5,4349430
2018-01-15,333.5,334.0,331.5,333.5,2378572
2018-01-16,333.0,338.5,332.5,338.0,3663680
2018-01-17,333.0,334.0,327.0,331.5,3695708
2018-01-18,335.0,335.0,329.0,332.0,3131751
2018-01-19,333.0,336.0,330.5,335.5,2512035
2018-01-22,333.0,337.0,330.0,336.0,2520714
2018-01-23,334.5,335.0,329.0,332.5,2642566
2018-01-24,329.5,331.0,323.0,331.0,2762017
2018-01-25,328.0,330.0,323.0,324.5,5226229
2018-01-26,324.0,326.5,319.0,326.5,2965762
2018-01-29,328.5,331.0,327.0,331.0,2071140
2018-01-30,331.0,331.0,323.5,323.5,3660641
2018-01-31,321.0,336.0,320.5,334.0,5223535
2018-02-01,333.0,337.5,329.0,333.5,4193984
2018-02-02,338.0,357.0,338.0,353.5,18722097
2018-02-05,340.0,355.5,340.0,346.5,11366109
2018-02-06,339.0,344.5,329.5,337.5,9351826
2018-02-07,350.0,365.0,342.0,343.0,16346727
2018-02-08,345.5,349.0,337.0,337.0,4839142
2018-02-09,325.0,337.0,320.0,333.5,6862236
2018-02-12,331.0,333.0,324.5,324.5,5149300
2018-02-21,334.0,348.0,331.5,342.5,8080904
2018-02-22,343.0,351.0,339.5,349.0,7777893
2018-02-23,349.0,350.5,347.0,350.0,4317600
2018-02-26,350.0,363.0,350.0,358.5,11150706
2018-02-27,360.0,364.5,354.0,354.0,8698341
2018-03-01,350.0,351.5,345.0,350.0,5067790
2018-03-02,344.0,350.5,343.0,349.0,3226469
2018-03-05,351.5,363.0,349.0,349.5,10778922
2018-03-06,356.0,366.5,356.0,364.5,15446756
2018-03-07,363.0,365.5,357.0,361.0,8135534
2018-03-08,359.0,364.0,358.5,360.0,4797705
2018-03-09,361.0,366.0,361.0,362.5,6795581
2018-03-12,363.0,371.5,363.0,367.0,8042161
2018-03-13,367.0,369.5,361.5,362.5,6402298
2018-03-14,360.0,362.5,359.0,359.5,3634127
2018-03-15,358.0,363.0,357.5,361.0,4701657
2018-03-16,361.0,362.0,355.0,362.0,5797333
2018-03-19,365.0,366.0,362.0,362.0,2456760
2018-03-20,361.5,367.0,359.0,364.5,4809181
2018-03-21,365.5,370.0,363.0,366.5,4882454
2018-03-22,367.0,367.5,359.5,362.0,4421556
2018-03-23,346.0,360.0,346.0,360.0,5669273
2018-03-26,360.0,362.5,357.0,359.0,3342256
2018-03-27,366.5,372.0,363.5,371.0,6558124
2018-03-28,368.0,368.5,364.0,364.0,3234550
2018-03-29,361.5,365.5,361.5,361.5,2914726
2018-03-30,361.5,362.5,354.5,355.0,3884952
2018-03-31,356.5,359.0,355.0,356.0,564433
2018-04-02,360.5,360.5,353.5,357.5,2255507
2018-04-03,360.0,360.5,353.0,353.0,3410813
2018-04-09,363.5,367.0,357.0,357.0,4130404
2018-04-10,360.0,368.5,357.5,364.0,3518810
2018-04-11,367.0,367.0,358.0,358.0,3314562
2018-04-12,362.0,368.0,361.0,367.5,3530928
2018-04-13,366.0,370.0,362.5,362.5,4191826
2018-04-16,366.0,373.0,365.0,370.0,5794846
2018-04-17,366.5,366.5,361.0,361.5,5369090
2018-04-18,366.0,367.5,363.0,364.5,3134639
2018-04-19,368.0,373.5,365.0,371.0,5493857
2018-04-20,366.0,366.5,347.0,347.5,10609543
2018-04-23,347.5,347.5,331.5,335.0,8165487
2018-04-24,336.0,337.0,324.0,325.5,6727540
2018-04-25,319.0,331.0,318.0,326.5,5135285
2018-04-26,330.0,333.0,325.0,326.5,2911387
2018-04-27,333.0,333.0,314.0,320.0,7031185
2018-04-30,325.0,332.5,322.5,331.0,4531087
2018-05-02,340.0,344.0,331.5,333.0,6129139
2018-05-03,325.0,327.5,320.0,321.5,4647665
2018-05-04,320.0,323.0,317.0,317.0,3134588
2018-05-07,333.0,340.5,327.5,334.5,7843848
2018-05-08,334.5,336.5,329.0,336.0,4934207
2018-05-09,335.0,338.5,330.5,338.0,3975920
2018-05-10,336.5,340.0,334.5,338.0,4193549
2018-05-11,340.0,346.0,340.0,346.0,5602563
2018-05-14,349.5,357.5,347.0,355.0,5122588
2018-05-15,357.0,357.0,346.5,346.5,2450570
2018-05-16,345.5,348.0,343.0,345.0,1883890
2018-05-17,348.5,349.5,341.0,341.0,1516967
2018-05-18,341.0,345.0,338.5,342.0,2204784
2018-05-21,348.5,359.0,347.5,356.0,5175816
2018-05-22,355.0,358.0,353.5,355.0,2147797
2018-05-23,355.5,356.0,342.5,342.5,3944977
2018-05-24,343.5,347.5,342.5,342.5,1485175
2018-05-25,344.5,352.0,343.0,347.5,3106012
2018-05-28,349.0,350.5,345.0,345.0,2562987
2018-05-29,347.5,349.5,344.5,345.0,1512035
2018-05-30,342.5,348.5,339.0,346.0,3158381
2018-05-31,350.5,350.5,343.5,348.5,3968843
2018-06-01,348.5,358.0,347.0,356.0,3689024
2018-06-04,360.0,365.0,359.0,363.5,5865405
2018-06-05,364.0,365.5,360.5,365.5,4171293
2018-06-06,361.0,369.0,358.5,364.5,7127593
2018-06-07,364.0,364.5,356.5,357.5,3900238
2018-06-08,354.5,359.5,345.5,346.0,5609271
2018-06-11,345.0,349.0,338.5,347.5,4338530
2018-06-12,344.5,348.0,342.0,344.5,2564248
2018-06-13,348.5,351.0,347.0,347.0,2135848
2018-06-14,347.0,347.0,343.0,344.0,3134756
2018-06-15,347.5,352.5,345.0,352.5,3990098
2018-06-19,348.0,352.5,346.0,350.0,3422243
2018-06-20,350.0,351.0,343.5,345.5,2057334
2018-06-21,348.5,352.0,342.5,342.5,2268699
2018-06-22,340.0,340.5,331.5,334.0,3341655
2018-06-25,333.0,336.0,331.0,331.0,1348671
2018-06-26,326.5,337.5,326.5,337.5,1396575
2018-06-27,338.5,340.0,332.5,332.5,1694349
2018-06-28,329.0,335.0,328.5,334.0,1241405
2018-06-29,332.0,341.0,332.0,341.0,2686281
2018-07-02,342.0,342.0,335.0,335.5,1884856
2018-07-03,340.0,344.0,334.0,334.0,1820130
2018-07-04,335.5,342.0,335.5,342.0,2157090
2018-07-05,345.0,347.5,340.5,342.0,3201324
2018-07-06,342.0,342.0,330.5,336.0,4731413
2018-07-09,338.0,343.0,335.5,340.0,2335869
2018-07-10,342.5,343.5,338.5,343.0,2177618
2018-07-11,341.0,342.5,336.0,336.5,1779188
2018-07-12,337.5,346.5,337.5,346.5,2535969
2018-07-13,350.5,358.0,343.5,358.0,5926206
2018-07-16,356.0,365.0,356.0,364.0,8009561
2018-07-17,361.0,369.5,356.0,360.0,5036827
2018-07-18,362.0,369.0,361.0,366.5,4559558
2018-07-19,368.0,375.0,365.5,374.0,6674923
2018-07-20,372.0,374.5,364.0,366.5,5728361
2018-07-23,361.5,367.0,357.5,366.0,3880281
2018-07-24,367.0,378.0,365.0,378.0,5403346
2018-07-25,378.0,379.5,371.0,378.0,2447330
2018-07-26,376.0,378.5,369.5,372.5,2879008
2018-07-27,367.0,376.5,367.0,376.5,1989094
2018-07-30,373.0,378.0,372.0,376.0,2019205
2018-07-31,373.0,378.0,371.0,376.5,2957977
2018-08-01,378.5,386.0,378.5,383.5,5280199
2018-08-02,380.5,386.0,360.0,364.0,6298902
2018-08-03,369.0,373.5,368.0,371.0,6496412
2018-08-06,371.0,373.0,365.0,371.5,3272627
2018-08-07,378.5,382.0,375.0,376.5,8765888
2018-08-08,375.5,379.0,373.0,374.5,5864844
2018-08-09,374.5,375.0,371.0,374.0,2999580
2018-08-10,374.0,379.5,372.5,378.0,3148920
2018-08-13,375.0,375.0,358.0,364.0,5946098
2018-08-14,365.0,371.0,363.0,364.0,3434049
2018-08-15,364.0,369.0,362.0,363.0,3403085
2018-08-16,360.0,371.0,355.0,368.0,4089989
2018-08-17,369.0,370.5,361.0,361.5,3525237
2018-08-20,360.0,366.5,357.0,360.5,2607821
2018-08-21,361.5,367.0,361.0,366.5,1733117
2018-08-22,363.5,364.5,358.0,360.0,3114055
2018-08-23,360.0,365.5,359.5,364.5,2319384
2018-08-24,360.0,361.5,358.0,360.5,2700879
2018-08-27,362.5,365.5,362.5,365.0,2284094
2018-08-28,365.5,371.0,365.5,368.5,4472602
2018-08-29,368.5,374.5,365.5,372.5,4176315
2018-08-30,370.5,375.0,370.5,372.5,2681312
2018-08-31,371.0,376.5,371.0,376.5,3336326
2018-09-03,377.0,384.0,374.0,376.0,4635918
2018-09-04,376.0,378.5,369.5,372.5,3548686
2018-09-05,371.0,373.5,369.0,370.0,2663769
2018-09-06,364.0,366.5,362.5,366.0,3518305
2018-09-07,366.0,367.0,356.0,360.5,5663709
2018-09-10,360.0,360.0,343.0,350.0,6293448
2018-09-11,353.0,355.0,348.0,351.5,3676150
2018-09-12,353.0,354.0,341.5,342.5,5318701
2018-09-13,350.5,359.0,343.5,350.5,5427262
2018-09-14,352.5,361.5,352.5,358.0,2823008
2018-09-17,360.0,362.0,356.0,360.5,4126053
2018-09-18,349.5,355.0,344.5,344.5,4263017
2018-09-19,349.5,352.0,345.5,352.0,2603982
2018-09-20,351.5,353.5,321.0,337.5,9936316
2018-09-21,337.5,340.5,325.0,339.5,6716492
2018-09-25,333.5,338.5,329.0,336.0,4089580
2018-09-26,335.0,337.5,331.5,337.0,3110447
2018-09-27,335.0,341.0,332.5,338.0,3592419
2018-09-28,340.0,342.0,333.0,336.0,3086934
2018-10-01,341.0,345.0,338.0,342.0,2065903
2018-10-02,342.5,344.5,333.0,335.0,3089739
2018-10-03,333.5,335.0,325.0,326.5,5212736
2018-10-04,324.0,324.0,316.0,321.0,10037947
2018-10-05,319.0,323.0,312.5,316.5,5341481
2018-10-08,311.0,321.5,311.0,321.0,6214245
2018-10-09,326.5,326.5,307.0,308.0,5780083
2018-10-11,277.5,282.5,277.5,277.5,8147296
2018-10-12,277.0,293.0,272.5,289.5,8688656
2018-10-15,288.0,289.5,280.0,286.0,5512766
2018-10-16,290.0,308.5,290.0,305.0,7614005
2018-10-17,313.0,320.0,312.5,313.5,7651633
2018-10-18,310.0,314.0,308.5,313.0,2927955
2018-10-19,304.5,313.0,302.0,312.5,2991358
2018-10-22,308.0,316.0,302.0,315.0,3941469
2018-10-23,309.0,313.5,304.0,304.0,3749716
2018-10-24,305.5,311.5,300.5,306.5,3803308
2018-10-25,292.0,303.5,292.0,301.0,4278511
2018-10-26,307.5,309.5,294.5,296.0,5121384
2018-10-29,295.0,303.5,293.0,298.5,3762771
2018-10-30,298.0,304.0,296.0,298.0,3962101
2018-10-31,304.5,311.5,301.5,311.5,5281077
2018-11-01,309.5,318.5,303.0,303.0,8308826
2018-11-02,283.5,299.5,281.0,299.5,12754451
2018-11-05,293.5,295.0,278.0,290.0,16498758
2018-11-06,275.0,279.0,265.5,267.0,19992860
2018-11-07,270.0,274.5,265.0,270.0,10106744
2018-11-08,276.0,278.5,262.5,262.5,12239491
2018-11-09,262.0,268.5,260.5,268.5,5818474
2018-11-12,263.0,265.5,261.0,264.5,4266808
2018-11-13,245.0,256.5,244.0,256.5,11908101
2018-11-14,255.5,260.5,255.0,255.5,6421022
2018-11-15,257.0,257.0,247.0,249.0,8061417
2018-11-16,252.0,255.0,251.0,253.0,5759429
2018-11-19,255.0,264.5,254.0,264.0,4642486
2018-11-20,257.5,265.5,256.5,262.5,5542818
2018-11-21,255.0,257.5,250.0,256.0,9563367
2018-11-22,256.0,259.0,245.5,245.5,7384099
2018-11-23,246.5,247.5,239.0,241.0,5627829
2018-11-26,242.0,248.5,242.0,247.5,3339064
2018-11-27,246.0,247.0,241.0,242.0,4925206
2018-11-28,244.5,252.0,243.5,250.0,4844594
2018-11-29,260.0,260.0,252.5,252.5,7341405
2018-11-30,254.5,267.5,253.0,264.5,9798248
2018-12-03,275.0,289.0,274.0,283.5,12300486
2018-12-04,276.0,279.0,268.0,268.0,9096875
2018-12-05,261.0,265.5,259.0,263.0,4776180
2018-12-06,249.5,250.0,237.0,237.0,11858919
2018-12-07,237.0,239.5,235.0,236.0,11327540
2018-12-10,230.0,234.0,213.5,219.5,11177403
2018-12-11,217.5,220.0,211.5,217.0,12283901
2018-12-12,222.5,228.5,220.5,227.5,11155045
2018-12-13,226.0,230.0,220.5,230.0,8481619
2018-12-14,229.5,229.5,222.5,225.0,4913018
2018-12-17,222.0,226.0,219.0,225.5,3413588
2018-12-18,225.5,231.5,221.5,222.0,6450000
2018-12-19,224.0,229.0,223.0,228.0,4628196
2018-12-20,228.0,230.0,224.0,224.0,4716769
2018-12-21,222.0,227.0,221.0,225.0,4449523
2018-12-22,223.0,224.5,222.5,223.5,886737
2018-12-24,224.5,227.0,222.5,227.0,1368048
2018-12-25,220.0,222.0,218.5,221.0,2490748
2018-12-26,223.0,227.0,221.5,221.5,2018269
2018-12-27,228.5,230.0,225.0,225.5,2799537
2018-12-28,227.0,227.5,225.0,225.0,1652481
2019-01-02,230.0,231.0,226.5,228.0,2333972
2019-01-03,221.5,223.5,214.0,215.0,6975875
2019-01-04,206.5,206.5,196.5,199.5,12278135
2019-01-07,207.0,212.0,206.0,211.5,6706674
2019-01-08,203.0,206.5,199.0,206.0,8861669
2019-01-09,207.5,217.0,207.0,213.5,7442858
2019-01-10,212.5,215.0,209.5,212.0,2923814
2019-01-11,216.5,219.0,211.5,212.0,5081604
2019-01-14,210.0,211.0,203.0,206.5,5852905
2019-01-15,209.5,210.5,207.0,208.5,5377395
2019-01-16,209.0,212.5,208.0,210.0,4203443
2019-01-17,214.0,216.5,212.0,212.5,5800254
2019-01-18,216.5,227.5,215.0,224.5,10481204
2019-01-21,230.0,234.5,228.0,229.5,8243096
2019-01-22,227.0,227.0,221.5,221.5,4475956
2019-01-23,218.0,220.5,217.0,219.0,2766939
2019-01-24,224.0,227.5,222.5,225.0,4974011
2019-01-25,227.0,228.0,223.5,228.0,4027292
2019-01-28,230.0,234.0,226.0,229.5,4592110
2019-01-29,225.0,231.0,224.0,230.5,3924941
2019-01-30,234.5,237.0,231.0,231.5,5900813
2019-02-11,242.0,242.0,235.0,238.5,8140267
2019-02-12,242.0,246.0,239.0,245.0,7638929
2019-02-13,238.0,239.5,232.5,235.0,12712547
2019-02-14,234.5,237.5,234.0,235.5,5347310
2019-02-15,235.0,239.0,234.5,234.5,4436202
2019-02-18,239.0,247.0,239.0,244.0,5858858
2019-02-19,245.0,247.5,243.0,245.0,4760899
2019-02-20,245.5,249.0,245.5,249.0,3897566
2019-02-21,248.0,249.0,245.5,247.0,6580792
2019-02-22,248.5,253.5,246.5,252.5,4641186
2019-02-25,256.0,259.5,249.0,249.5,8956430
2019-02-26,249.0,249.5,239.0,242.0,10483449
2019-02-27,241.5,243.5,234.0,234.0,5630929
2019-03-04,235.0,237.0,231.5,234.5,6951992
2019-03-05,234.0,237.0,232.5,234.0,4274047
2019-03-06,230.0,236.0,228.0,233.5,5640763
2019-03-07,221.0,227.5,221.0,223.0,11340042
2019-03-08,220.0,223.5,220.0,220.0,6750651
2019-03-11,221.0,223.5,218.0,218.0,6109580
2019-03-12,223.0,225.5,221.0,221.0,4845731
2019-03-13,223.5,228.0,222.5,228.0,5144734
2019-03-14,231.0,232.5,227.0,227.0,5645221
2019-03-15,229.5,231.0,225.0,229.0,5083158
2019-03-18,232.0,232.0,229.0,229.5,2581024
2019-03-19,230.5,233.5,230.0,231.5,3344688
2019-03-20,233.5,234.0,230.5,232.5,2639471
2019-03-21,234.0,234.0,232.5,234.0,2423466
2019-03-22,236.5,237.0,229.0,231.0,3628629
2019-03-25,225.0,229.5,225.0,226.0,4455824
2019-03-26,226.5,228.0,225.0,226.5,4138633
2019-03-27,226.0,233.5,225.5,232.0,5140217
2019-03-28,233.0,234.0,230.0,232.0,4018133
2019-03-29,234.0,237.5,233.5,237.0,6481097
2019-04-01,240.5,249.5,240.5,246.5,9975589
2019-04-02,251.0,252.0,248.5,250.0,7922874
2019-04-03,251.5,251.5,245.5,246.0,4814298
2019-04-08,250.0,250.0,244.0,244.0,4956380
2019-04-09,247.0,248.5,245.5,248.0,3381110
2019-04-10,248.5,256.0,248.0,256.0,6557208
2019-04-11,261.5,268.0,259.5,263.5,13654237
2019-04-12,265.0,266.5,260.0,261.0,4580979
2019-04-15,264.5,265.0,259.5,261.5,3922563
2019-04-16,262.0,264.5,260.0,263.0,4379148
2019-04-17,265.0,265.5,261.0,261.5,3832784
2019-04-18,263.5,264.5,251.0,252.0,8353715
2019-04-19,254.5,256.5,253.0,253.0,3114789
2019-04-22,253.5,254.5,249.0,249.5,2492793
2019-04-23,252.0,258.0,247.5,258.0,3924408
2019-04-24,258.5,261.0,255.5,260.5,4952897
2019-04-25,261.0,262.0,259.0,260.0,2911629
2019-04-26,259.0,259.0,252.0,252.0,4936953
2019-04-29,253.0,255.0,248.5,253.0,3269377
2019-04-30,245.5,248.0,241.5,244.5,5627455
2019-05-02,245.0,251.0,245.0,250.0,2982631
2019-05-03,250.5,260.0,250.5,259.5,4747494
2019-05-06,251.0,252.0,247.0,251.5,4096501
2019-05-07,253.0,254.5,251.5,252.0,2691203
2019-05-08,247.0,251.0,245.5,248.0,2089927
2019-05-09,248.0,249.0,240.0,240.0,4155904
2019-05-10,240.0,245.0,236.5,238.0,3977649
2019-05-13,228.0,231.0,219.5,221.5,7664038
2019-05-14,216.5,223.0,213.0,222.0,4102132
2019-05-15,222.0,225.0,221.0,222.5,2742006
2019-05-16,218.5,220.0,213.0,214.5,5539661
2019-05-17,218.5,218.5,210.0,210.0,4423941
2019-05-20,212.0,213.0,205.0,210.5,3237944
2019-05-21,208.0,211.5,204.5,209.0,3990452
2019-05-22,210.0,211.5,205.0,206.5,4226229
2019-05-23,202.0,202.0,195.0,195.0,10042556
2019-05-24,200.0,201.5,197.5,199.0,6700368
2019-05-27,200.0,200.5,193.5,195.0,3436547
2019-05-28,197.5,197.5,192.0,192.0,5617055
2019-05-29,190.5,191.5,187.0,190.5,5681531
2019-05-30,190.0,195.5,190.0,193.0,4708737
2019-05-31,192.0,196.0,191.5,192.0,6938770
2019-06-03,193.0,196.0,191.0,193.5,5087912
2019-06-04,193.0,194.0,190.5,190.5,3541103
2019-06-05,198.0,198.0,190.5,191.0,4525551
2019-06-06,190.0,192.0,188.0,190.5,4813426
2019-06-10,191.5,196.5,182.0,195.5,9165695
2019-06-11,201.5,204.0,200.0,203.5,6886162
2019-06-12,200.5,211.0,200.5,210.0,7833131
2019-06-13,215.5,219.0,212.5,213.5,9438672
2019-06-14,214.5,219.0,214.5,217.5,5774233
2019-06-17,217.5,217.5,214.0,217.0,3298574
2019-06-18,217.5,218.0,215.0,218.0,2519110
2019-06-19,221.0,223.0,218.5,220.5,3924108
2019-06-20,222.0,224.0,221.0,223.0,2975009
2019-06-21,224.0,224.0,220.0,223.5,3661201
2019-06-24,223.5,223.5,218.0,221.0,2067934
2019-06-25,221.0,223.0,220.5,222.5,1979582
2019-06-26,220.5,221.5,218.5,220.0,2174413
2019-06-27,220.0,225.0,219.5,223.0,3134576
2019-06-28,223.0,224.0,221.0,222.5,1289733
2019-07-01,227.5,232.0,227.0,228.0,4846071
2019-07-02,228.0,228.5,224.5,226.5,2555161
2019-07-03,224.0,224.5,220.5,222.0,3799543
2019-07-04,223.5,225.0,222.5,224.0,1470520
2019-07-05,224.5,233.5,224.5,230.0,4583994
2019-07-08,230.0,232.0,228.0,231.5,2923846
2019-07-09,229.0,230.0,226.5,227.0,2441036
2019-07-10,228.0,234.0,227.5,234.0,5564950
2019-07-11,230.5,232.0,226.5,229.0,9826461
2019-07-12,227.0,230.0,226.5,228.0,3334250
2019-07-15,229.0,231.0,228.0,230.0,1591179
2019-07-16,230.5,232.5,230.5,232.5,2126156
2019-07-17,232.0,232.5,229.0,229.0,3022866
2019-07-18,228.0,231.0,223.0,223.0,3478443
2019-07-19,225.0,226.5,223.0,226.0,3362232
2019-07-22,226.0,227.0,224.0,226.0,2058838
2019-07-23,228.0,231.0,227.0,229.5,4367371
2019-07-24,229.5,231.5,228.5,230.0,3167951
2019-07-25,230.0,233.5,229.0,231.0,3753852
2019-07-26,230.0,234.0,227.5,234.0,3366940
2019-07-29,236.0,237.5,229.0,229.0,4997479
2019-07-30,231.5,232.0,227.5,228.5,2528045
2019-07-31,229.5,231.0,226.5,231.0,2861951
2019-08-01,228.5,232.5,228.0,232.0,2686776
2019-08-02,224.5,226.5,221.5,223.0,5593543
2019-08-05,222.5,222.5,210.5,211.0,5095558
2019-08-06,200.0,212.5,200.0,210.0,4755847
2019-08-07,211.0,212.0,206.0,206.0,3703722
2019-08-08,207.5,210.5,206.5,206.5,3025739
2019-08-12,210.0,221.5,208.5,218.0,9259263
2019-08-13,217.5,221.0,216.5,216.5,3148973
2019-08-14,223.0,229.5,221.0,221.0,5507156
2019-08-15,215.0,218.5,214.5,217.0,2984957
2019-08-16,220.0,220.0,214.5,216.5,2744065
2019-08-19,219.0,220.5,217.5,217.5,1823857
2019-08-20,222.5,227.0,221.0,222.5,4932688
2019-08-21,222.0,226.0,221.5,224.0,2814330
2019-08-22,225.5,226.5,218.5,219.0,3731152
2019-08-23,219.5,221.5,218.5,219.0,2051295
2019-08-26,214.5,215.0,211.0,213.0,3876063
2019-08-27,216.0,217.5,213.5,213.5,3189336
2019-08-28,215.0,215.5,213.0,214.0,1655683
2019-08-29,215.0,216.0,212.0,216.0,2117968
2019-08-30,218.0,223.0,217.0,220.5,3947593
2019-09-02,222.0,224.0,221.0,221.0,1782408
2019-09-03,221.5,226.5,221.5,223.5,4208645
2019-09-04,225.0,230.5,224.5,230.0,7424349
2019-09-05,234.0,235.5,226.5,228.0,6437008
2019-09-06,228.5,230.5,227.0,229.5,4710100
2019-09-09,227.5,230.0,226.0,227.0,4491016
2019-09-10,229.0,231.0,226.5,227.0,4906833
2019-09-11,232.0,236.0,230.0,233.5,11946888
2019-09-12,236.0,238.5,234.5,235.0,8109396
2019-09-16,226.0,228.5,224.0,226.5,10798130
2019-09-17,227.5,228.5,226.0,227.5,2830281
2019-09-18,228.5,231.5,228.0,231.5,4682164
2019-09-19,232.0,233.5,229.0,231.0,3838710
2019-09-20,231.0,233.0,230.0,231.0,5520875
2019-09-23,230.0,232.0,229.0,231.0,2081099
2019-09-24,232.5,235.0,231.5,233.0,5639580
2019-09-25,233.5,238.0,228.5,236.0,10196055
2019-09-26,237.5,237.5,233.5,234.0,7095269
2019-09-27,236.0,237.0,231.5,235.0,5018625
2019-10-01,238.0,251.0,237.5,249.5,14600138
2019-10-02,249.5,252.5,246.0,251.0,9080803
2019-10-03,245.5,247.5,244.5,245.5,5549516
2019-10-04,247.0,248.0,245.5,247.0,5303957
2019-10-07,254.0,263.5,254.0,263.0,16803523
2019-10-08,251.0,262.5,251.0,260.0,13256235
2019-10-09,258.0,258.5,252.0,252.0,7996358
2019-10-14,260.0,263.5,257.5,257.5,13810612
2019-10-15,258.0,258.5,251.5,254.5,8529791
2019-10-16,258.0,260.0,255.5,256.5,6220929
2019-10-17,259.5,261.5,257.5,260.0,10527445
2019-10-18,261.0,261.5,257.5,257.5,7651797
2019-10-21,258.5,259.0,255.0,255.0,3340544
2019-10-22,258.0,259.5,257.5,258.5,4232988
2019-10-23,259.5,259.5,256.0,256.5,3322270
2019-10-24,259.0,259.0,257.0,258.5,4487818
2019-10-25,261.0,262.0,258.5,259.0,6505166
2019-10-28,265.0,265.5,259.5,259.5,6282106
2019-10-29,260.5,261.5,255.5,258.0,5793378
2019-10-30,256.5,260.0,255.5,259.5,3002372
2019-10-31,259.5,261.0,256.0,258.0,4964540
2019-11-01,260.0,265.0,258.5,265.0,8833310
2019-11-04,273.0,285.5,271.5,281.5,17228009
2019-11-05,283.5,284.5,278.5,281.0,7588988
2019-11-06,281.5,282.0,275.0,277.5,5089799
2019-11-07,276.5,277.5,271.5,275.0,3455267
2019-11-08,279.0,282.0,275.0,279.0,5375012
2019-11-11,268.5,268.5,252.0,255.0,13335917
2019-11-12,259.0,264.0,258.5,260.0,5607190
2019-11-13,260.0,260.5,257.0,258.0,1995290
2019-11-14,261.0,261.0,256.5,258.5,1541266
2019-11-15,271.0,279.0,269.5,277.5,16849602
2019-11-18,278.0,279.5,273.5,277.5,4711145
2019-11-19,278.0,282.0,276.0,278.0,4708679
2019-11-20,277.0,277.0,271.0,273.5,5174716
2019-11-21,269.0,270.5,266.0,270.0,4703915
2019-11-22,272.0,273.5,267.0,267.5,3027739
2019-11-25,267.5,268.0,259.5,261.0,8418843
2019-11-26,264.5,264.5,258.5,258.5,8057342
2019-11-27,260.5,263.5,257.0,263.5,5106676
2019-11-28,260.5,261.5,256.5,258.0,8192014
2019-11-29,256.0,257.0,247.5,249.5,10949471
2019-12-02,251.5,251.5,241.5,246.0,7573872
2019-12-03,245.5,252.0,243.5,251.0,6014003
2019-12-04,252.0,252.0,245.5,249.5,4504084
2019-12-05,251.5,253.0,250.0,251.5,4083100
2019-12-06,255.0,258.5,250.5,253.0,7171520
2019-12-09,256.0,257.0,253.0,254.0,3635012
2019-12-10,254.0,254.0,249.0,249.5,5456241
2019-12-11,249.0,249.5,244.0,249.5,6901026
2019-12-12,246.0,246.5,240.5,241.0,15326253
2019-12-13,242.5,246.0,241.5,244.0,8417840
2019-12-16,245.0,246.0,241.0,242.0,5860138
2019-12-17,244.0,247.5,243.5,246.0,4410761
2019-12-18,248.0,250.0,246.0,247.5,4215096
2019-12-19,246.5,247.0,242.5,242.5,3166175
2019-12-20,243.0,246.0,242.5,243.0,3212834
2019-12-23,242.0,245.0,242.0,245.0,2031655
2019-12-24,245.5,245.5,242.5,242.5,1988823
2019-12-25,243.0,244.5,242.0,243.0,1351979
2019-12-26,243.0,244.0,241.5,243.0,1538690
2019-12-27,242.5,243.5,239.5,241.5,3253901
2019-12-30,238.5,238.5,229.0,229.5,9036520
2019-12-31,227.0,230.0,225.0,227.0,7022871
2020-01-02,228.0,232.0,228.0,232.0,4464798
2020-01-03,235.0,240.5,234.0,236.0,8477970
2020-01-06,234.5,240.0,234.0,237.5,4030643
2020-01-07,237.5,240.0,232.5,234.5,3415177
2020-01-08,233.5,237.5,231.0,232.5,2336043
2020-01-09,235.5,236.5,234.5,236.5,1996709
2020-01-10,238.5,242.5,236.0,236.0,3538434
2020-01-13,239.5,244.5,237.0,244.0,5615811
2020-01-14,245.0,245.5,242.5,244.0,3621214
2020-01-15,244.0,244.5,240.0,243.0,3041586
2020-01-16,245.5,250.0,244.0,250.0,7719510
2020-01-17,252.0,253.5,246.0,248.0,5354412
2020-01-20,250.0,256.0,250.0,254.5,7242620
2020-01-30,252.0,252.5,241.5,241.5,11529097
2020-01-31,247.5,251.0,242.5,244.0,4223780
2020-02-03,237.0,239.5,230.0,238.5,5449341
2020-02-04,237.5,244.0,237.0,240.5,4079260
2020-02-05,245.5,245.5,237.0,237.0,3939055
2020-02-06,238.0,241.5,236.5,241.0,3658293
2020-02-07,241.5,241.5,236.0,236.0,3282121
2020-02-10,231.0,234.0,228.5,231.0,3170230
2020-02-11,233.0,236.0,232.5,235.0,1681763
2020-02-12,235.5,243.0,235.5,243.0,5223797
2020-02-13,247.0,247.0,240.0,242.0,3084855
2020-02-14,242.0,246.5,241.5,245.5,2805830
2020-02-17,245.5,250.0,244.0,247.0,4384259
2020-02-18,246.5,246.5,242.0,246.0,3075949
2020-02-19,246.5,249.5,242.5,248.5,6097778
2020-02-20,256.0,256.0,249.5,255.0,9714522
2020-02-21,261.0,265.5,257.5,258.0,16774888
2020-02-24,255.5,261.5,253.0,260.0,5160247
2020-02-25,256.0,259.0,251.0,253.5,6393588
2020-02-26,249.0,251.0,247.5,250.0,3635108
2020-02-27,249.0,251.5,237.0,237.0,6513792
2020-03-02,230.5,240.0,230.5,234.0,7240464
2020-03-03,239.5,241.5,235.0,235.0,3847175
2020-03-04,234.5,240.5,233.5,237.5,5411795
2020-03-05,241.5,245.0,239.0,242.0,5946239
2020-03-06,240.0,241.0,237.0,237.0,3031144
2020-03-09,232.0,233.5,225.5,225.5,5358449
2020-03-10,220.0,229.0,219.0,227.5,3634148
2020-03-11,227.0,227.0,220.5,220.5,4617420
2020-03-12,214.0,217.0,199.0,201.0,7212584
2020-03-13,182.0,193.0,181.0,190.5,10667364
2020-03-16,193.5,194.0,186.5,187.0,5628436
2020-03-17,173.0,194.0,173.0,188.5,7279230
2020-03-18,197.5,198.0,190.0,192.0,6523718
2020-03-19,186.0,193.5,175.5,177.0,9995140
2020-03-20,183.0,193.0,183.0,188.0,8286577
2020-03-23,178.0,188.0,176.0,182.0,4569769
2020-03-24,192.0,194.0,187.5,191.5,6555282
2020-03-25,197.5,201.5,194.0,195.0,7284995
2020-03-26,196.0,197.5,191.0,196.5,4502169
2020-03-27,196.5,198.5,191.0,191.0,8457371
2020-03-30,186.0,192.0,184.0,191.5,3703862
2020-03-31,194.0,197.5,191.5,195.5,10960580
2020-04-01,198.0,202.0,195.5,201.5,7578672
2020-04-06,206.0,206.5,199.0,202.0,11549744
2020-04-07,202.5,206.0,201.5,202.5,5278131
2020-04-08,201.0,205.0,201.0,204.0,4637237
2020-04-09,208.0,208.5,199.0,200.5,7226374
2020-04-10,198.5,199.5,196.5,197.5,4801950
2020-04-13,200.0,202.0,196.5,197.5,5375684
2020-04-14,200.0,204.0,198.5,203.0,7189670
2020-04-15,204.0,216.5,202.0,213.5,12022022
2020-04-16,211.0,219.5,209.5,217.0,8327762
2020-04-17,223.5,225.5,213.0,217.0,7653323
2020-04-20,218.0,223.5,216.0,221.5,5238404
2020-04-21,221.0,223.0,215.0,215.5,6090576
2020-04-22,211.0,214.5,209.0,213.5,5505942
2020-04-23,216.0,221.5,214.5,220.0,4478657
2020-04-24,223.0,223.5,217.5,219.5,3872241
2020-04-27,221.5,225.5,221.5,225.0,3857826
2020-04-28,227.0,227.5,223.0,227.0,3590817
2020-04-29,230.0,232.5,228.0,228.0,3255046
2020-04-30,232.0,232.0,226.0,228.0,5123969
2020-05-04,224.0,232.0,224.0,231.0,5312738
2020-05-05,233.0,236.0,232.0,235.0,4502778
2020-05-06,233.5,235.0,230.0,234.0,3511625
2020-05-07,235.0,237.5,234.0,235.0,3125265
2020-05-08,239.5,243.0,238.0,241.5,4978253
2020-05-11,243.0,244.5,240.5,241.0,3516540
2020-05-12,239.0,240.5,235.0,236.0,3793016
2020-05-13,231.5,243.5,231.0,239.5,4939211
2020-05-14,239.5,240.0,232.5,232.5,5390811
2020-05-15,233.0,235.5,228.0,232.5,4367313
2020-05-18,231.0,232.5,222.0,224.0,6271608
2020-05-19,228.5,229.0,222.5,224.0,5048779
2020-05-20,221.5,221.5,215.5,217.5,8418860
2020-05-21,215.0,216.0,209.0,211.0,13101730
2020-05-22,208.0,208.5,205.0,205.0,9518232
2020-05-25,205.5,212.5,205.0,212.0,8297448
2020-05-26,213.0,218.5,213.0,217.5,7226347
2020-05-27,219.0,220.0,215.5,216.5,4391802
2020-05-28,219.0,219.5,215.0,216.0,4332255
2020-05-29,216.0,219.0,215.0,218.0,4924676
2020-06-01,218.5,221.5,218.0,219.5,3676801
2020-06-02,222.0,223.0,219.0,220.0,4767996
2020-06-03,221.0,221.5,218.0,219.5,5090364
2020-06-04,222.0,226.0,221.0,226.0,7630221
2020-06-05,227.0,228.0,224.5,226.0,3728587
2020-06-08,225.5,227.0,224.0,225.5,4602711
2020-06-09,226.0,228.5,223.0,223.5,5268553
2020-06-10,224.5,225.5,222.0,224.5,5666482
2020-06-11,227.0,229.0,224.5,225.0,5612072
2020-06-12,219.0,220.0,215.5,219.0,6343448
2020-06-15,219.0,220.5,216.5,217.0,3275275
2020-06-16,219.0,224.0,219.0,223.0,4128555
2020-06-17,223.5,224.5,219.5,222.0,3789124
2020-06-18,221.0,223.0,219.5,223.0,3577584
2020-06-19,224.0,224.0,221.5,222.5,4747896
2020-06-22,223.0,224.5,221.0,223.0,3788588
2020-06-23,224.0,224.5,220.5,222.5,3588436
2020-06-24,223.0,224.0,221.5,222.5,4543304
2020-06-29,219.0,220.5,217.5,218.5,5032700
2020-06-30,220.0,222.5,220.0,222.0,4239713
2020-07-01,229.5,237.5,229.0,231.0,15436707
2020-07-02,232.0,233.0,229.0,230.5,5849313
2020-07-03,231.5,232.5,228.5,229.0,3807117
2020-07-06,230.0,234.5,230.0,234.0,4693906
2020-07-07,236.0,237.0,230.5,231.5,4662543
2020-07-08,231.5,233.5,230.5,231.0,5431201
2020-07-09,233.0,234.5,230.5,232.0,3798827
2020-07-10,232.0,232.5,225.5,226.0,5966295
2020-07-13,230.0,235.0,227.0,235.0,6056511
2020-07-14,234.5,234.5,231.0,232.0,3393413
2020-07-15,233.5,234.0,229.0,230.0,3454948
2020-07-16,232.0,232.5,230.0,231.0,2365284
2020-07-17,232.5,233.0,228.0,228.5,3059381
2020-07-20,228.5,229.0,225.5,227.5,2756866
2020-07-21,228.0,228.0,225.0,225.0,6727972
2020-07-22,223.0,225.0,222.0,222.5,9731456
2020-07-23,221.0,222.0,220.0,220.0,7765928
2020-07-24,217.0,219.0,214.0,215.0,9402480
2020-07-27,215.0,217.5,211.5,211.5,6620618
2020-07-28,213.5,220.5,213.5,215.5,8074743
2020-07-29,216.5,219.0,215.0,215.0,4005324
2020-07-30,216.5,217.0,214.5,216.0,3679034
2020-07-31,215.5,218.0,215.0,216.0,3022286
2020-08-03,216.5,219.0,215.0,216.5,3951852
2020-08-04,217.0,219.0,216.5,219.0,3125212
2020-08-05,219.0,219.5,217.5,218.0,3120482
2020-08-06,219.0,224.0,218.5,220.5,6414787
2020-08-07,221.5,227.0,221.5,226.5,9776160
2020-08-10,227.5,229.0,224.0,226.0,5568233
2020-08-11,225.5,226.0,220.5,221.0,5814624
2020-08-12,220.5,222.0,218.5,219.0,4207298
2020-08-13,215.5,217.0,210.0,210.5,13731552
2020-08-14,208.0,209.5,203.0,206.0,12792482
2020-08-17,205.5,210.0,201.5,206.0,12179726
2020-08-18,,,,,0
2020-08-19,186.0,206.5,186.0,196.0,27957557
2020-08-20,195.0,199.5,189.0,190.5,19579774
2020-08-21,197.0,206.5,196.5,203.5,20528630
2020-08-24,205.5,213.0,204.0,212.0,9729884
2020-08-25,212.0,213.5,208.0,212.0,6371266
2020-08-26,210.5,215.5,209.0,213.0,5565517
2020-08-27,210.0,212.0,203.5,204.0,12112615
2020-08-28,204.5,209.0,203.5,207.5,4662117
2020-08-31,206.0,208.5,200.0,200.5,9904402
2020-09-01,203.5,205.0,201.5,203.5,6250926
2020-09-02,202.5,205.0,202.5,204.0,8048114
2020-09-03,196.0,197.0,193.5,194.5,10888659
2020-09-04,190.5,195.0,187.5,194.5,5165030
2020-09-07,194.5,196.0,188.5,189.5,4850751
2020-09-08,190.5,192.5,189.0,191.0,3607843
2020-09-09,188.5,189.5,187.0,188.0,4122452
2020-09-10,190.0,190.5,185.0,185.0,5810326
2020-09-11,185.5,189.5,185.0,188.5,3795278
2020-09-14,191.0,193.0,190.0,190.0,3505623
2020-09-15,190.5,192.0,189.0,190.0,3291799
2020-09-16,191.0,191.5,187.0,187.5,3942057
2020-09-17,187.0,189.5,185.5,186.0,3322194
2020-09-18,187.0,188.0,185.0,185.0,4272879
2020-09-21,185.5,186.0,179.0,179.5,6913800
2020-09-22,179.0,181.5,174.0,180.0,7479038
2020-09-23,181.0,182.0,177.0,178.0,5408388
2020-09-24,175.5,179.0,174.5,175.5,4809949
2020-09-25,180.0,180.0,175.0,176.0,4004679
2020-09-28,176.5,179.0,176.5,176.5,2956692
2020-09-29,179.0,179.0,175.0,175.5,4067413
2020-09-30,178.0,182.5,177.0,181.5,13937726
2020-10-05,183.0,184.5,178.5,180.0,7109743
2020-10-06,181.0,182.0,176.5,177.5,5657207
2020-10-07,177.5,181.0,177.0,179.5,3644599
2020-10-08,180.5,181.0,178.0,178.0,3570499
2020-10-12,179.0,180.0,178.0,180.0,2819975
2020-10-13,180.5,181.0,178.5,180.0,2426924
2020-10-14,180.0,180.5,178.0,178.0,2437359
2020-10-15,178.5,179.5,177.0,177.5,2205950
2020-10-16,178.5,185.0,178.5,181.0,9293577
2020-10-19,183.5,183.5,181.0,181.5,2677698
2020-10-20,182.0,182.0,179.0,180.0,2409327
2020-10-21,180.0,180.5,177.0,177.0,3312632
2020-10-22,177.0,181.5,177.0,181.5,4348937
2020-10-23,189.0,190.5,186.0,187.0,14519400
2020-10-26,186.0,187.0,182.5,182.5,5605678
2020-10-27,181.5,184.0,180.5,183.5,2892609
2020-10-28,181.0,183.5,180.0,181.0,7048918
2020-10-29,179.0,185.0,178.0,184.0,6294924
2020-10-30,183.0,185.0,180.5,180.5,3381228
2020-11-02,180.5,181.5,178.0,179.0,3464861
2020-11-03,184.0,186.0,181.5,185.5,6920573
2020-11-04,186.0,186.5,183.5,183.5,3332019
2020-11-05,185.0,186.0,183.5,185.0,2167621
2020-11-06,187.5,187.5,184.5,186.0,2750285
2020-11-09,187.0,187.5,184.5,185.5,2767904
2020-11-10,187.0,187.5,184.5,187.5,3599943
2020-11-11,187.0,188.5,186.0,187.5,4676551
2020-11-12,189.0,192.5,188.0,190.5,7192502
2020-11-13,190.5,191.5,188.5,191.0,2744821
2020-11-16,192.0,192.5,189.0,189.0,4143069
2020-11-17,190.0,190.5,187.5,188.0,2889307
2020-11-18,190.5,195.0,189.0,191.5,5324934
2020-11-19,193.0,193.0,190.5,192.0,2172962
2020-11-20,192.5,193.0,191.0,193.0,3148303
2020-11-23,192.0,194.0,192.0,192.0,2587095
2020-11-24,193.0,193.5,191.0,191.5,2232254
2020-11-25,193.0,195.0,192.5,193.0,4017697
2020-11-26,195.0,195.0,193.0,194.5,1599864
2020-11-27,195.0,195.0,193.5,194.5,2876548
2020-11-30,195.5,196.5,188.0,188.0,10962909
2020-12-01,189.5,192.0,189.0,191.5,4194381
2020-12-02,191.5,195.0,191.5,194.0,4133834
2020-12-03,195.0,196.0,193.0,195.5,4373135
2020-12-04,195.5,198.0,195.0,197.5,4079147
2020-12-07,198.0,198.5,194.5,196.0,4956334
2020-12-08,195.5,197.0,195.0,196.5,1973971
2020-12-09,198.0,209.5,197.5,207.5,12453618
2020-12-10,207.5,207.5,200.5,202.5,5745012
2020-12-11,201.0,203.5,197.5,201.5,6911390
2020-12-14,202.0,203.0,200.5,201.5,2019286
2020-12-15,203.0,204.5,197.0,197.5,5791790
2020-12-16,200.0,203.0,200.0,202.0,2848403
2020-12-17,202.0,203.5,200.5,202.0,1457571
2020-12-18,202.5,204.0,200.5,203.5,2880942
2020-12-21,203.0,203.0,199.0,200.5,36061549
2020-12-22,202.0,202.5,198.0,198.0,2932595
2020-12-23,198.5,200.5,198.0,199.5,1898537
2020-12-24,201.0,203.0,200.0,201.5,1723295
2020-12-25,203.0,203.5,201.5,202.5,1181541
2020-12-28,202.5,203.0,200.5,202.0,2386673
2020-12-29,204.5,206.5,203.5,204.5,4540839
2020-12-30,206.0,206.0,204.0,206.0,2417881
2020-12-31,207.0,207.0,204.5,206.0,1839491
2021-01-04,208.0,212.0,205.5,207.5,6379006
2021-01-05,207.0,207.0,203.5,203.5,5124070
2021-01-06,206.5,211.0,205.0,208.0,8368865
2021-01-07,209.0,210.5,208.0,210.0,3972928
2021-01-08,211.5,212.0,207.5,210.5,4760286
2021-01-11,210.5,210.5,206.5,208.0,3720091
2021-01-12,208.0,209.0,205.0,206.0,3768155
2021-01-13,207.5,209.0,206.5,208.0,3457327
2021-01-14,207.5,218.0,207.5,215.5,11614771
2021-01-15,215.5,217.0,210.5,210.5,6575147
2021-01-18,210.5,212.0,206.5,208.0,3286992
2021-01-19,208.5,210.0,208.0,208.0,1692569
2021-01-20,208.0,209.0,200.0,200.0,8699290
2021-01-21,202.0,204.5,200.0,202.0,3440730
2021-01-22,201.5,204.0,201.0,204.0,2593221
2021-01-25,205.0,206.5,202.5,205.0,2599720
2021-01-26,203.5,204.5,199.0,199.0,6866013
2021-01-27,200.5,205.0,200.0,205.0,6087171
2021-01-28,202.5,207.5,201.5,205.0,4691475
2021-01-29,205.5,207.0,198.0,198.0,5712352
2021-02-01,198.5,199.5,193.0,194.5,3136314
2021-02-02,194.5,197.5,194.0,197.0,2359654
2021-02-03,200.0,200.0,195.0,195.0,4243432
2021-02-04,195.0,196.0,190.5,191.5,3633152
2021-02-05,191.0,192.0,189.0,191.5,4190323
2021-02-17,193.5,195.0,191.5,193.5,4052998
2021-02-18,193.0,195.0,191.5,194.0,2066964
2021-02-19,193.0,193.5,190.0,193.0,4034631
2021-02-22,195.0,196.5,193.5,194.0,4290776
2021-02-23,193.0,198.0,193.0,196.5,3793719
2021-02-24,196.5,198.0,194.0,195.0,2545916
2021-02-25,196.0,197.5,195.5,197.5,1888304
2021-02-26,195.0,195.0,191.5,192.0,6639594
2021-03-02,193.5,195.0,193.0,193.0,2985809
2021-03-03,195.0,198.0,194.5,197.5,3688734
2021-03-04,197.5,199.0,194.0,194.5,2817632
2021-03-05,196.5,196.5,193.0,193.5,2847358
2021-03-08,195.0,195.5,191.5,192.0,2049925
2021-03-09,192.5,194.5,191.0,194.0,2278009
2021-03-10,195.5,195.5,192.5,193.0,1368029
2021-03-11,195.5,201.0,195.5,197.0,6858285
2021-03-12,199.0,202.0,198.0,201.5,5348759
2021-03-15,204.0,204.0,202.0,203.5,2820932
2021-03-16,205.0,205.5,202.5,203.0,2984164
2021-03-17,203.5,204.0,200.5,201.0,2527477
2021-03-18,201.5,204.5,201.5,203.0,2816822
2021-03-19,202.5,204.0,200.5,204.0,3292867
2021-03-22,205.0,208.0,203.0,205.0,2866039
2021-03-23,207.5,207.5,205.0,206.0,2744975
2021-03-24,206.5,207.0,205.5,206.5,1934728
2021-03-25,206.5,207.5,203.0,203.5,4203044
2021-03-26,205.0,205.0,203.5,204.0,2152296
2021-03-29,205.5,210.0,204.5,207.5,5342704
2021-03-30,210.0,212.5,208.0,212.0,5257776
2021-03-31,212.5,213.0,209.5,211.5,3512741
2021-04-01,213.0,214.0,210.0,211.0,2801055
2021-04-06,212.5,212.5,207.0,207.5,3081805
2021-04-07,207.5,208.0,204.5,206.0,2749736
2021-04-08,205.5,209.5,205.0,209.0,2230733
2021-04-09,208.5,208.5,205.5,206.0,2245977
2021-04-12,205.5,205.5,200.0,200.5,4106310
2021-04-13,200.5,203.0,199.0,200.0,3019910
2021-04-14,199.5,200.5,196.5,198.0,2819731
2021-04-15,198.0,200.5,197.0,200.0,2345525
2021-04-16,200.0,209.0,200.0,207.5,5681952
2021-04-19,208.0,209.0,206.5,207.5,2395704
2021-04-20,208.0,208.5,206.5,207.5,1979184
2021-04-21,209.5,211.5,205.5,207.0,8856129
2021-04-22,208.0,208.5,201.0,201.0,6672767
2021-04-23,201.0,202.5,199.0,201.5,4650665
2021-04-26,202.0,203.0,200.0,200.5,3209317
2021-04-27,200.5,201.0,199.0,199.0,3867470
2021-04-28,199.5,200.0,197.0,197.5,3515499
2021-04-29,197.5,199.0,197.0,197.5,4600041
2021-05-03,197.5,198.0,191.5,191.5,5274860
2021-05-04,191.5,192.0,185.0,189.0,5772011
2021-05-05,190.5,193.5,190.5,191.5,3325107
2021-05-06,191.5,191.5,187.0,188.0,5573863
2021-05-07,188.0,191.0,188.0,190.5,3186985
2021-05-10,190.5,191.5,188.0,191.0,2382646
2021-05-11,187.5,189.0,185.0,186.0,4377131
2021-05-12,185.5,185.5,170.5,177.5,8963887
2021-05-13,175.0,179.0,171.0,175.0,6875008
2021-05-14,177.0,180.0,177.0,178.0,3100269
2021-05-17,171.0,175.5,169.5,171.5,6585097
2021-05-18,175.0,177.5,173.0,176.5,5020301
2021-05-19,176.0,180.0,175.0,178.0,3433532
2021-05-20,178.0,180.0,175.5,177.5,3536168
2021-05-21,195.0,195.0,181.0,181.5,6557672
2021-05-24,179.0,182.5,178.5,182.0,1589344
2021-05-25,181.0,183.5,181.0,182.0,3294664
2021-05-26,182.5,183.0,181.5,182.5,1931766
2021-05-27,182.5,183.5,180.0,180.0,7308991
2021-05-28,182.0,185.5,181.5,183.0,3245387
2021-05-31,183.5,185.0,183.0,184.0,1570946
2021-06-01,187.0,187.0,184.5,185.0,2122108
2021-06-02,185.5,185.5,182.0,183.0,1946679
2021-06-03,183.0,185.0,183.0,183.0,1387940
2021-06-04,182.0,183.0,181.0,182.0,1578618
2021-06-07,181.5,182.0,178.5,180.5,2469415
2021-06-08,181.5,181.5,179.0,179.0,1689847
2021-06-09,179.5,179.5,177.0,178.0,2533543
2021-06-10,178.0,180.0,176.5,179.0,2858479
2021-06-11,178.0,181.0,178.0,179.5,2880172
2021-06-15,181.0,181.0,179.0,179.0,1824031
2021-06-16,179.5,182.0,179.5,181.5,4139333
2021-06-17,180.0,182.5,180.0,182.0,3310713
2021-06-18,182.0,182.5,178.5,178.5,8182247
2021-06-21,178.5,180.0,177.5,178.0,2259547
2021-06-22,180.0,180.0,178.0,178.5,1458927
2021-06-23,179.0,182.5,178.0,182.5,2653336
2021-06-24,183.5,184.5,181.0,181.5,2602150
2021-06-25,182.5,183.5,182.0,183.0,1831044
2021-06-28,183.5,184.0,181.5,183.0,1417156
2021-06-29,183.0,183.5,180.5,181.0,2710262
2021-06-30,181.0,182.5,181.0,182.0,2424659
2021-07-01,181.5,182.0,181.0,181.0,1433225
2021-07-02,181.5,183.0,180.5,181.0,2075496
2021-07-05,181.5,183.0,181.5,182.5,1619633
2021-07-06,183.0,184.0,182.5,183.0,1071955
2021-07-07,183.0,183.5,182.0,183.5,1522813
2021-07-08,183.5,184.0,182.5,183.0,1350175
2021-07-09,182.0,182.0,180.5,181.5,1862006
2021-07-12,181.5,182.0,179.5,180.0,2837537
2021-07-13,180.5,183.0,180.0,182.0,2381287
2021-07-14,183.0,183.0,181.0,181.5,2564101
2021-07-15,181.5,184.5,181.5,184.0,2422541
2021-07-16,184.0,191.0,184.0,189.0,7161416
2021-07-19,188.5,191.0,187.0,190.0,3548791
2021-07-20,188.0,191.5,188.0,190.0,3487124
2021-07-21,192.0,192.0,185.5,186.0,3634753
2021-07-22,188.0,190.0,188.0,189.0,2071482
2021-07-23,190.0,190.0,187.0,187.0,2060835
2021-07-26,187.0,188.5,186.5,187.0,1769189
2021-07-27,188.0,189.5,188.0,189.0,1460757
2021-07-28,190.0,190.0,185.5,188.0,2968672
2021-07-29,188.0,189.0,186.5,186.5,1900622
2021-07-30,187.0,187.0,185.0,185.0,2507087
2021-08-02,186.5,188.5,185.5,188.0,1515935
2021-08-03,186.5,188.0,186.5,188.0,1096925
2021-08-04,188.0,188.5,186.5,188.0,1752109
2021-08-05,187.0,188.0,186.0,187.5,2047885
2021-08-06,187.5,187.5,186.0,186.0,1324411
2021-08-09,184.0,184.0,178.5,179.0,5556577
2021-08-10,178.5,178.5,172.5,173.5,7023115
2021-08-11,172.5,178.0,172.5,177.5,3293045
2021-08-12,178.5,181.5,178.0,181.5,2975069
2021-08-13,181.5,182.0,177.5,179.5,2061654
2021-08-16,179.5,180.0,176.0,178.0,1958494
2021-08-17,180.0,180.0,178.0,179.5,2397244
2021-08-18,178.0,178.5,176.0,178.0,3462357
2021-08-19,178.0,178.0,175.0,175.5,2257225
2021-08-20,175.5,176.5,173.5,173.5,2808518
2021-08-23,174.5,175.5,174.0,174.5,2323251
2021-08-24,176.5,177.0,175.0,176.5,3238790
2021-08-25,177.0,178.0,176.0,177.5,2898959
2021-08-26,178.0,178.5,175.0,176.0,4903808
2021-08-27,177.0,178.5,176.0,177.5,5184146
2021-08-30,178.0,180.5,177.5,179.0,7143172
2021-08-31,168.0,168.5,165.0,167.0,13149993
2021-09-01,168.0,168.0,166.5,166.5,3121148
2021-09-02,167.0,167.5,164.5,164.5,2701391
2021-09-03,165.0,165.5,163.5,164.0,2246876
2021-09-06,164.5,165.0,162.0,162.0,1452951
2021-09-07,162.0,162.0,158.0,159.0,3376939
2021-09-08,159.0,159.0,154.0,154.5,4650476
2021-09-09,154.0,156.5,153.5,156.0,2720319
2021-09-10,157.0,160.5,157.0,160.5,2488537
2021-09-13,159.5,161.0,157.0,159.0,2959704
2021-09-14,160.0,160.0,158.0,158.5,1976907
2021-09-15,158.5,159.0,155.0,155.0,3301300
2021-09-16,155.0,157.0,154.5,156.0,1652703
2021-09-17,164.5,168.0,162.5,166.0,8353940
2021-09-22,163.0,166.0,162.5,163.0,2607836
2021-09-23,165.0,170.0,164.5,170.0,5134770
2021-09-24,170.0,172.5,168.0,168.0,3713012
2021-09-27,167.0,169.5,167.0,169.5,2175215
2021-09-28,168.5,171.5,167.5,169.0,2169368
2021-09-29,168.0,168.5,165.5,166.0,2302877
2021-09-30,166.5,169.0,166.5,167.5,2922785
2021-10-01,166.0,167.0,163.0,163.0,2423719
2021-10-04,164.5,165.5,163.0,163.5,1405102
2021-10-05,163.0,165.0,162.5,164.0,1530215
2021-10-06,164.5,165.0,160.0,160.5,3295409
2021-10-07,162.0,164.0,161.5,163.0,2201160
2021-10-08,164.5,166.0,163.0,164.0,2387652
2021-10-12,161.5,164.5,161.0,162.5,1749807
2021-10-13,162.5,164.0,161.0,161.0,1817752
2021-10-14,162.0,164.0,161.0,161.5,1822494
2021-10-15,162.5,163.5,160.0,160.5,4058458
2021-10-18,161.5,163.5,161.0,161.0,1558715
2021-10-19,161.5,163.0,161.0,162.5,2629441
2021-10-20,162.5,163.5,162.0,163.0,2278683
2021-10-21,164.5,166.5,163.5,164.5,2928154
2021-10-22,165.5,165.5,163.5,164.5,1668951
2021-10-25,165.0,166.5,164.0,164.5,1384458
2021-10-26,164.5,166.0,164.5,166.0,1218549
2021-10-27,166.0,166.5,164.0,164.0,1558905
2021-10-28,165.0,165.0,163.0,163.5,2147763
2021-10-29,163.5,164.0,160.5,161.0,5129572
2021-11-01,162.0,163.0,161.0,163.0,1347889
2021-11-02,163.0,165.0,162.0,162.5,1402144
2021-11-03,162.5,164.5,162.0,163.0,1149901
2021-11-04,164.0,164.5,162.0,162.0,840482
2021-11-05,162.5,162.5,160.5,162.0,1988655
2021-11-08,163.0,164.5,162.0,163.0,1786407
2021-11-09,164.5,166.0,163.0,165.0,2876656
2021-11-10,165.5,165.5,162.0,163.0,2760189
2021-11-11,163.5,163.5,162.0,162.5,1248006
2021-11-12,163.5,164.0,162.5,163.0,1760308
2021-11-15,163.5,164.5,162.0,164.0,2262559
2021-11-16,164.0,166.0,163.0,164.0,3464482
2021-11-17,165.0,165.0,162.0,162.0,3020256
2021-11-18,161.5,163.0,161.5,162.5,1602465
2021-11-19,164.0,164.0,161.0,161.0,1941557
2021-11-22,161.0,161.5,160.0,160.0,2465966
2021-11-23,160.0,160.0,156.0,156.0,4690308
2021-11-24,156.0,156.5,155.0,155.5,2568732
2021-11-25,156.5,157.0,155.0,155.0,2035118
2021-11-26,155.0,155.5,151.0,151.5,5484885
2021-11-29,150.5,151.0,147.0,149.0,6416381
2021-11-30,150.0,155.0,148.5,155.0,8108199
2021-12-01,152.5,153.0,150.5,151.5,4533955
2021-12-02,150.5,151.5,148.5,149.0,2840620
2021-12-03,150.0,150.5,148.0,149.5,2535743
2021-12-06,149.0,152.5,148.0,152.0,2345076
2021-12-07,152.0,154.0,150.5,153.5,2076784
2021-12-08,153.5,154.0,152.0,152.5,1905389
2021-12-09,156.0,157.5,155.5,157.0,3828059
2021-12-10,157.0,157.0,155.5,156.0,1907818
2021-12-13,157.0,157.5,155.0,155.0,1935259
2021-12-14,154.5,155.5,153.0,155.0,2008934
2021-12-15,154.5,155.0,153.0,153.5,1861379
2021-12-16,154.5,156.0,154.0,154.0,2132940
2021-12-17,154.0,155.5,153.5,154.0,3047538
2021-12-20,155.0,155.5,152.5,153.0,3868904
2021-12-21,154.0,158.0,154.0,157.0,4247056
2021-12-22,156.5,156.5,155.0,156.0,1312216
2021-12-23,156.0,157.0,155.0,155.0,1602230
2021-12-24,155.0,156.0,155.0,156.0,1218888
2021-12-27,156.5,156.5,155.0,155.5,1473452
2021-12-28,156.0,159.5,155.5,157.5,2926014
2021-12-29,157.5,158.0,156.0,157.0,1029172
2021-12-30,157.0,158.0,156.0,156.5,1328551
2022-01-03,156.5,158.0,156.5,157.5,1490634
2022-01-04,157.5,159.0,157.0,158.5,2052732
2022-01-05,159.0,164.0,159.0,161.0,6237103
2022-01-06,161.5,163.0,160.0,162.5,2238018
2022-01-07,163.0,163.5,160.0,162.0,2650207
2022-01-10,161.0,161.5,159.0,160.5,2268885
2022-01-11,159.5,159.5,157.0,158.0,3070972
2022-01-12,158.0,160.5,157.0,159.5,1948781
2022-01-13,160.0,161.0,159.0,160.5,1574204
2022-01-14,160.5,160.5,157.5,158.0,2080940
2022-01-17,158.0,160.0,157.5,159.5,1688987
2022-01-18,160.5,162.0,160.0,161.0,2396759
2022-01-19,160.0,162.5,160.0,161.5,2631089
2022-01-20,161.5,162.5,161.0,161.5,1782937
2022-01-21,160.0,160.5,158.0,158.5,2937264
2022-01-24,158.0,158.5,156.5,157.5,2131444
2022-01-25,156.0,157.0,155.0,155.5,2801666
2022-01-26,154.5,156.0,154.5,154.5,1915360
2022-02-07,153.5,156.5,153.0,155.5,2643998
2022-02-08,155.5,158.0,155.5,156.5,2765566
2022-02-09,156.5,158.0,156.0,157.5,1102925
2022-02-10,157.5,159.5,156.5,157.0,1224191
2022-02-11,157.0,157.5,155.5,156.0,1209156
2022-02-14,155.5,155.5,153.0,153.5,1964712
2022-02-15,154.0,154.0,152.0,152.0,2039232
2022-02-16,153.5,155.0,152.5,153.5,2085546
2022-02-17,154.0,154.5,153.0,154.0,1201926
2022-02-18,154.0,154.5,153.0,154.0,1894785
2022-02-21,153.5,154.5,152.5,153.5,999751
2022-02-22,153.5,154.0,150.0,152.0,3058003
2022-02-23,151.5,152.0,150.5,151.0,2250725
2022-02-24,151.0,152.0,148.5,149.0,3837816
2022-02-25,149.0,149.0,143.0,143.0,12075936
2022-03-01,144.0,147.0,144.0,146.0,4267809
2022-03-02,147.0,150.5,146.0,150.0,3529951
2022-03-03,151.0,151.0,148.0,149.0,2517764
2022-03-04,147.0,148.0,146.0,147.0,1761109
2022-03-07,145.5,146.0,142.0,142.5,3950134
2022-03-08,141.5,144.0,140.5,142.0,2612521
2022-03-09,143.5,145.5,143.0,144.0,1984425
2022-03-10,145.5,147.5,145.5,146.0,1582445
2022-03-11,145.5,147.0,145.0,146.0,2254631
2022-03-14,145.0,146.0,144.0,144.5,1913004
2022-03-15,144.0,144.5,142.5,143.5,2000665
2022-03-16,146.0,146.5,143.0,144.0,2419373
2022-03-17,147.0,148.0,145.5,147.0,3313054
2022-03-18,147.5,151.0,146.0,151.0,5090232
2022-03-21,150.0,151.0,147.0,147.5,2253160
2022-03-22,147.0,148.0,146.5,147.5,1135568
2022-03-23,147.5,148.5,147.5,147.5,1128647
2022-03-24,146.0,149.5,146.0,148.0,1475296
2022-03-25,147.0,148.5,146.5,147.5,858336
2022-03-28,146.0,147.5,144.5,146.0,1473917
2022-03-29,146.5,147.0,145.0,145.5,817372
2022-03-30,145.0,145.5,143.5,144.5,3515296
2022-03-31,144.5,146.0,144.0,144.5,1829758
2022-04-01,144.0,146.0,143.5,146.0,1620306
2022-04-06,145.0,146.0,144.0,146.0,1614772
2022-04-07,147.5,148.0,145.5,146.0,3926628
2022-04-08,147.0,148.5,146.0,148.5,2576737
2022-04-11,147.5,148.0,144.0,144.5,5082704
2022-04-12,143.5,145.0,143.0,143.5,2354655
2022-04-13,144.0,146.5,143.5,146.5,1698294
2022-04-14,145.5,147.0,145.0,146.0,1301717
2022-04-15,146.5,147.0,145.5,146.5,1168638
2022-04-18,145.0,146.0,145.0,145.0,1179353
2022-04-19,146.5,148.0,146.0,146.5,2097476
2022-04-20,147.0,148.0,146.5,148.0,1728561
2022-04-21,148.5,148.5,147.0,147.5,1257508
2022-04-22,146.0,148.5,146.0,147.5,2170553
2022-04-25,145.0,146.5,145.0,145.5,1848536
2022-04-26,146.0,146.5,144.5,144.5,1198730
2022-04-27,143.0,143.5,142.0,142.0,2313009
2022-04-28,142.0,144.0,142.0,143.5,1662178
2022-04-29,143.5,145.0,143.5,145.0,1090072
2022-05-03,145.0,147.0,144.5,146.5,1189107
2022-05-04,146.0,148.5,146.0,148.0,1610246
2022-05-05,149.0,151.0,149.0,151.0,2926413
2022-05-06,148.5,152.0,148.5,151.0,2212506
2022-05-09,150.0,151.0,149.0,150.0,2307261
2022-05-10,150.0,156.0,149.5,155.5,4385124
2022-05-11,145.0,150.0,144.5,148.5,5293230
2022-05-12,147.0,149.5,147.0,148.5,2116063
2022-05-13,150.0,150.5,149.0,150.5,1766150
2022-05-16,153.0,156.5,152.5,156.0,4399595
2022-05-17,157.5,158.0,155.0,155.5,2486705
2022-05-18,155.0,157.0,155.0,157.0,2058037
2022-05-19,155.5,159.5,155.0,159.0,3753134
2022-05-20,160.0,162.0,159.0,159.5,4259844
2022-05-23,161.0,161.5,160.0,160.5,4101324
2022-05-24,161.0,165.0,161.0,162.5,6864285
2022-05-25,162.5,166.0,161.5,161.5,8178342
2022-05-26,163.0,165.0,163.0,163.5,5649156
2022-05-27,164.5,166.0,164.0,165.0,6057107
2022-05-30,166.0,168.0,165.5,166.0,7945085
2022-05-31,167.0,168.0,164.0,164.0,10537357
2022-06-01,165.0,172.0,164.5,170.5,8452855
2022-06-02,170.0,174.0,169.0,171.0,6486809
2022-06-06,172.0,174.5,169.0,173.5,5890809
2022-06-07,172.0,174.0,171.5,173.5,4359976
2022-06-08,173.5,176.5,172.0,173.0,4656560
2022-06-09,174.0,174.5,171.5,173.0,2655500
2022-06-10,171.5,172.5,167.5,168.0,3595477
2022-06-13,165.0,169.0,164.0,167.0,3546320
2022-06-14,168.0,169.0,166.0,168.0,2265185
2022-06-15,169.0,171.0,166.5,166.5,1905113
2022-06-16,168.0,169.0,164.0,164.5,2113305
2022-06-17,162.0,165.5,161.5,165.0,2908191
2022-06-20,166.0,166.0,162.0,162.5,1525838
2022-06-21,161.0,165.5,161.0,164.5,3020845
2022-06-22,165.0,165.5,162.0,163.5,1641709
2022-06-23,165.0,167.0,162.5,165.5,3022842
2022-06-24,167.0,168.5,164.5,166.0,2088963
2022-06-27,169.5,171.0,168.5,169.0,2887752
2022-06-28,168.5,169.5,166.5,168.0,1732696
2022-06-29,166.5,168.0,165.0,167.5,1832528
2022-06-30,167.0,167.0,164.0,165.5,1938284
2022-07-01,165.5,167.0,162.0,162.0,1715981
2022-07-04,162.5,165.0,162.0,163.0,1470523
2022-07-05,165.0,165.0,158.0,160.0,2403881
2022-07-06,160.0,160.5,157.0,157.5,1529753
2022-07-07,157.5,160.5,154.5,159.0,1760069
2022-07-08,160.0,161.5,158.5,160.5,1105403
2022-07-11,161.5,162.0,160.0,161.0,764254
2022-07-12,159.5,162.0,159.0,161.0,1480742
2022-07-13,162.5,166.0,162.5,163.5,3122094
2022-07-14,163.5,168.5,163.5,168.5,3082055
2022-07-15,169.0,170.0,166.5,168.0,2040453
2022-07-18,168.0,170.0,166.0,170.0,2416833
2022-07-19,169.0,170.0,167.0,167.0,3329218
2022-07-20,168.0,169.0,165.5,166.0,4212819
2022-07-21,167.0,169.5,165.5,169.0,2640036
2022-07-22,168.0,169.0,167.0,168.0,2144998
2022-07-25,167.5,169.0,166.5,168.0,693979
2022-07-26,166.5,167.5,165.0,166.0,1610591
2022-07-27,167.0,173.0,167.0,172.0,3967393
2022-07-28,173.0,173.0,169.0,170.5,1850060
2022-07-29,171.0,171.5,168.5,170.5,2006429
2022-08-01,169.5,171.0,169.0,170.5,1051043
2022-08-02,169.0,170.0,166.0,168.0,2101392
2022-08-03,168.0,169.0,167.0,169.0,1369798
2022-08-04,169.5,170.0,167.0,169.5,1196222
2022-08-05,171.0,171.5,170.0,170.5,1221903
2022-08-08,170.0,171.0,169.5,171.0,939449
2022-08-09,172.0,180.0,171.5,179.5,7824953
2022-08-10,177.5,181.0,174.5,175.5,4450101
2022-08-11,177.0,178.0,175.5,176.0,2203975
2022-08-12,176.0,177.0,173.0,176.0,3230981
2022-08-15,176.5,176.5,173.0,175.0,2149768
2022-08-16,175.0,178.5,174.5,177.5,3410680
2022-08-17,178.5,178.5,175.0,176.5,4458015
2022-08-18,175.5,178.0,175.0,178.0,1973207
2022-08-19,177.0,179.5,177.0,178.0,2567359
2022-08-22,178.0,179.5,176.5,178.0,2600434
2022-08-23,177.5,179.5,177.0,178.5,2737284
2022-08-24,178.5,181.5,178.5,180.5,4240890
2022-08-25,181.5,183.0,179.5,180.5,2582537
2022-08-26,181.5,183.0,181.0,183.0,2711118
2022-08-29,179.5,182.5,178.0,181.0,3995448
2022-08-30,183.0,186.5,181.5,183.0,6267357
2022-08-31,180.0,185.5,179.5,185.5,9133915
2022-09-01,183.5,185.0,181.5,183.5,5446985
2022-09-02,182.0,183.5,181.0,181.0,6285700
2022-09-05,173.0,173.0,169.0,169.5,7550899
2022-09-06,171.0,171.5,162.0,164.5,4389243
2022-09-07,165.0,168.0,163.0,166.0,2624654
2022-09-08,166.0,169.0,166.0,169.0,2019624
2022-09-12,171.0,172.0,169.0,171.5,1787215
2022-09-13,172.0,172.5,171.0,171.5,1234617
2022-09-14,169.0,172.0,168.0,171.0,1368270
2022-09-15,172.5,175.0,171.5,173.0,1809694
2022-09-16,171.5,174.0,171.0,172.5,4580941
2022-09-19,173.0,174.5,172.0,173.5,1018996
2022-09-20,173.5,176.5,173.5,176.0,1978067
2022-09-21,175.0,176.0,170.5,172.0,3760333
2022-09-22,169.5,172.5,166.0,171.0,4057900
2022-09-23,171.5,173.0,169.0,171.5,1726095
2022-09-26,170.5,172.0,168.0,170.0,2571941
2022-09-27,171.0,172.0,169.0,171.0,1956642
2022-09-28,171.0,172.0,168.0,170.0,1803963
2022-09-29,171.5,172.0,169.5,171.0,1967965
2022-09-30,170.0,173.0,169.0,172.5,2511224
2022-10-03,172.0,172.0,169.0,169.0,1778515
2022-10-04,171.0,172.0,169.5,172.0,1977440
2022-10-05,172.5,172.5,169.5,170.0,1850802
2022-10-06,171.0,174.0,171.0,174.0,2485452
2022-10-07,173.5,174.0,171.5,172.5,1009447
2022-10-11,170.0,172.5,168.5,169.5,2884738
2022-10-12,170.0,171.0,167.0,168.0,2059342
2022-10-13,169.5,170.5,167.5,168.5,2947593
2022-10-14,170.5,173.5,170.0,172.0,3415054
2022-10-17,171.0,171.0,167.5,170.5,2353404
2022-10-18,171.0,172.0,170.0,171.0,1681837
2022-10-19,172.0,172.5,170.5,170.5,3161388
2022-10-20,170.0,172.0,168.5,172.0,3847038
2022-10-21,172.0,172.5,168.0,169.0,2150085
2022-10-24,171.0,171.0,164.0,164.5,4913144
2022-10-25,164.0,164.0,160.5,162.5,3233073
2022-10-26,161.5,165.0,160.0,164.5,2932099
2022-10-27,164.0,167.5,163.5,167.5,2769540
2022-10-28,167.5,168.5,166.0,167.0,2048400
2022-10-31,168.5,169.5,167.0,169.5,2247703
2022-11-01,169.5,172.0,169.0,171.0,2069891
2022-11-02,171.0,172.0,170.5,172.0,1622447
2022-11-03,170.5,173.0,170.5,172.5,3402535
2022-11-04,173.5,173.5,170.0,171.0,1766759
2022-11-07,173.0,173.5,172.0,173.5,1665349
2022-11-08,174.5,175.0,173.0,174.5,3117507
2022-11-09,175.0,176.5,174.5,176.5,4354247
2022-11-10,176.5,180.5,175.5,180.0,5120982
2022-11-11,182.5,183.0,177.5,180.0,5549103
2022-11-14,182.0,185.0,181.0,184.5,5409375
2022-11-15,183.0,188.0,183.0,187.5,4981862
2022-11-16,187.5,189.0,184.5,186.0,4859183
2022-11-17,187.5,188.0,185.5,187.5,1971345
2022-11-18,187.0,187.0,183.0,184.0,3149365
2022-11-21,182.0,184.0,179.0,182.0,4812845
2022-11-22,182.0,182.0,176.5,179.5,3761265
2022-11-23,182.0,182.0,178.0,180.0,4336041
2022-11-24,181.5,181.5,176.5,180.5,4714072
2022-11-25,179.5,180.0,176.5,180.0,5029660
2022-11-28,178.5,180.0,176.0,180.0,5400489
2022-11-29,178.0,181.0,177.5,181.0,6177739
2022-11-30,184.0,185.5,181.5,183.0,12175221
2022-12-01,183.5,184.5,177.0,177.0,9643779
2022-12-02,176.0,178.0,175.0,176.5,7322253
2022-12-05,176.5,177.5,175.0,176.0,5103402
2022-12-06,176.5,178.0,175.0,175.0,5374524
2022-12-07,176.5,178.0,174.0,176.5,5353114
2022-12-08,175.5,176.0,174.0,174.0,3158916
2022-12-09,174.5,175.0,172.5,173.5,2271876
2022-12-12,172.0,174.5,170.5,174.5,3665599
2022-12-13,174.0,175.5,172.5,173.0,3490165
2022-12-14,174.0,175.5,173.0,175.5,4503809
2022-12-15,174.0,175.5,173.0,174.0,2816468
2022-12-16,172.5,174.5,171.5,172.0,9471349
2022-12-19,172.0,173.0,168.0,169.0,9136491
2022-12-20,168.5,171.0,167.0,168.5,6906865
2022-12-21,168.5,168.5,165.0,167.0,7784560
2022-12-22,168.0,172.0,166.0,172.0,6197076
2022-12-23,169.0,170.5,167.0,169.0,2650824
2022-12-26,169.0,170.0,168.5,169.5,739445
2022-12-27,169.5,170.5,169.0,169.0,622814
2022-12-28,169.0,170.0,168.0,169.0,1513911
2022-12-29,168.0,170.0,167.5,169.0,1337423
2022-12-30,169.5,170.0,168.5,169.0,804097
2023-01-03,168.0,171.5,168.0,170.5,1193736
2023-01-04,170.5,172.0,170.5,171.5,1647470
2023-01-05,171.5,173.0,171.5,171.5,926582
2023-01-06,171.5,172.5,171.0,171.5,682845
2023-01-09,173.5,175.5,173.5,175.5,1844187
2023-01-10,174.5,177.5,174.0,177.5,2548560
2023-01-11,176.0,177.0,175.5,176.0,1115307
2023-01-12,176.0,176.5,173.0,173.5,1727239
2023-01-13,175.0,177.0,174.5,176.0,1882608
2023-01-16,177.0,177.5,175.5,175.5,1331221
2023-01-17,175.5,176.5,174.0,175.0,1486798
2023-01-30,178.0,179.0,177.0,178.0,3922907
2023-01-31,178.5,179.0,176.5,178.0,1935562
2023-02-01,183.0,186.0,182.5,185.5,6281665
2023-02-02,185.5,186.5,184.5,185.0,3480803
2023-02-03,184.5,186.5,184.0,185.5,2714699
2023-02-06,186.0,187.5,185.5,186.5,2813782
2023-02-07,186.5,187.5,185.0,186.5,2234996
2023-02-08,186.0,187.0,184.0,185.0,4032797
2023-02-09,184.5,186.0,184.5,186.0,1612287
2023-02-10,185.0,189.0,185.0,188.0,3610541
2023-02-13,189.0,189.0,186.0,187.5,1859685
2023-02-14,188.0,189.0,187.5,188.5,1515900
2023-02-15,188.5,189.0,187.5,188.0,1380359
2023-02-16,188.0,190.0,188.0,189.0,2576974
2023-02-17,189.0,190.0,188.0,189.0,1130603
2023-02-20,188.0,190.0,188.0,190.0,1024278
2023-02-21,189.0,190.0,188.5,189.0,637485
2023-02-22,189.5,190.0,188.0,189.0,1846713
2023-02-23,189.0,191.0,189.0,191.0,1733005
2023-02-24,190.0,190.0,183.0,184.5,9212393
2023-03-01,183.5,188.0,183.5,186.0,3593854
2023-03-02,186.0,189.0,186.0,189.0,3339143
2023-03-03,189.0,190.0,187.5,188.0,1770324
2023-03-06,188.5,189.0,187.5,187.5,1818077
2023-03-07,188.0,188.5,187.0,187.0,2383498
2023-03-08,186.0,187.5,185.5,187.5,1920054
2023-03-09,187.0,188.0,185.5,185.5,2894510
2023-03-10,183.5,185.0,183.5,184.5,3049015
2023-03-13,183.5,187.5,183.5,186.0,3577605
2023-03-14,185.0,187.5,185.0,185.5,2986259
2023-03-15,185.5,187.5,185.5,186.0,4114170
2023-03-16,186.0,186.0,184.0,185.5,3977042
2023-03-17,185.0,188.5,185.0,187.5,5955016
2023-03-20,187.5,187.5,186.5,187.0,1196164
2023-03-21,187.0,189.0,187.0,188.0,3007828
2023-03-22,188.0,189.5,188.0,189.0,2076911
2023-03-23,189.0,189.5,188.5,189.5,1134162
2023-03-24,189.0,189.5,188.0,189.5,1704616
2023-03-27,189.5,191.5,189.0,190.0,1401591
2023-03-28,190.0,190.0,188.5,189.0,852264
2023-03-29,189.0,189.5,188.5,189.0,967341
2023-03-30,190.0,190.5,188.0,189.5,1533829
2023-03-31,189.5,191.0,189.5,190.0,2364671
2023-04-06,190.0,190.0,185.5,186.5,1092526
2023-04-07,186.0,187.0,185.0,185.0,463993
2023-04-10,185.5,186.5,185.0,186.0,403707
2023-04-11,186.0,186.5,185.0,185.5,985513
2023-04-12,186.5,186.5,184.0,184.0,1907661
2023-04-13,185.0,187.0,184.0,184.5,911068
2023-04-14,185.0,185.5,183.5,184.5,1090850
2023-04-17,185.0,185.5,184.0,184.5,660002
2023-04-18,185.5,185.5,181.5,183.0,1960811
2023-04-19,183.0,184.0,181.5,182.5,1684823
2023-04-20,181.0,182.5,180.5,181.5,1131467
2023-04-21,181.5,183.0,181.0,181.0,897977
2023-04-24,180.0,181.0,179.0,181.0,481043
2023-04-25,181.5,181.5,178.0,179.0,1248815
2023-04-26,179.0,181.0,178.5,180.0,1123492
2023-04-27,180.0,181.0,178.5,180.0,891995
2023-04-28,180.0,181.5,179.5,181.0,1038322
2023-05-02,181.0,183.5,180.5,182.5,973759
2023-05-03,182.5,182.5,180.0,182.0,1374508
2023-05-04,180.5,182.0,180.0,181.0,1060015
2023-05-05,182.0,182.5,181.0,182.0,744616
2023-05-08,182.0,185.0,181.5,184.5,1405385
2023-05-09,185.5,185.5,181.5,185.0,1048226
2023-05-10,184.5,186.0,183.5,185.5,1270338
2023-05-11,186.0,186.0,184.0,185.5,1246212
2023-05-12,184.5,185.5,184.0,184.5,1132653
2023-05-15,185.0,187.0,184.0,187.0,1815188
2023-05-16,187.0,187.5,185.5,186.0,947070
2023-05-17,188.0,188.0,185.5,186.5,2175135
2023-05-18,186.0,188.5,186.0,188.5,1360732
2023-05-19,189.0,190.0,188.0,189.5,1548892
2023-05-22,189.5,190.0,188.5,190.0,1736080
2023-05-23,190.0,190.0,187.5,188.0,1438261
2023-05-24,187.0,187.0,184.5,185.0,2037126
2023-05-25,184.0,187.0,184.0,185.5,1536918
2023-05-26,185.0,187.0,184.5,185.0,1351811
2023-05-29,186.5,190.0,186.5,189.0,2025554
2023-05-30,189.5,191.0,188.5,188.5,1834697
2023-05-31,187.5,189.0,185.5,185.5,4020259
2023-06-01,186.5,188.0,185.5,186.5,685359
2023-06-02,188.0,190.0,187.0,189.5,1504901
2023-06-05,190.0,190.0,188.0,188.5,1019380
2023-06-06,188.5,189.0,187.0,188.0,863720
2023-06-07,188.0,190.0,187.5,190.0,1375482
2023-06-08,189.0,190.5,188.0,189.0,1340592
2023-06-09,191.0,192.0,190.0,190.5,1472057
2023-06-12,192.0,192.5,190.5,191.5,864848
2023-06-13,192.0,195.0,192.0,194.0,2462886
2023-06-14,193.0,194.0,190.0,190.0,1518776
2023-06-15,190.0,192.5,188.5,192.0,1442203
2023-06-16,192.0,192.0,186.5,186.5,5853832
2023-06-19,187.0,189.0,186.5,187.5,2572093
2023-06-20,189.0,191.0,188.0,190.5,2742678
2023-06-21,191.0,192.0,189.0,190.0,3249471
2023-06-26,187.5,192.0,187.5,189.5,3579634
2023-06-27,191.0,191.5,189.0,189.5,2904703
2023-06-28,190.5,191.5,189.5,190.0,3447847
2023-06-29,182.0,183.5,179.0,179.5,4597573
2023-06-30,179.0,180.5,175.5,175.5,2614338
2023-07-03,176.0,177.0,173.5,174.0,2063921
2023-07-04,174.5,177.0,174.0,176.0,1766507
2023-07-05,176.0,177.5,175.5,176.5,912230
2023-07-06,174.5,175.0,173.0,173.0,2599639
2023-07-07,172.0,173.0,170.5,172.5,1335549
2023-07-10,172.0,173.0,171.0,171.5,1082079
2023-07-11,172.0,173.5,172.0,173.0,892655
2023-07-12,173.0,174.5,172.5,174.0,1137873
2023-07-13,176.0,177.5,174.5,175.5,2633610
2023-07-14,176.5,176.5,174.0,176.0,1078069
2023-07-17,176.0,176.5,173.5,174.0,1218618
2023-07-18,174.5,181.0,174.0,181.0,4067169
2023-07-19,180.0,181.0,176.0,177.5,4170484
2023-07-20,176.5,179.5,176.0,177.5,3145192
2023-07-21,176.0,178.5,174.0,174.5,4118644
2023-07-24,174.0,178.5,172.5,176.0,4018205
2023-07-25,176.5,177.5,175.0,176.0,1094829
2023-07-26,177.0,178.0,175.5,176.5,900759
2023-07-27,178.0,179.0,176.5,178.0,1984842
2023-07-28,177.0,178.0,174.0,175.0,1864708
2023-07-31,176.5,176.5,173.0,173.5,1829456
2023-08-01,174.0,175.5,174.0,175.0,1004060
2023-08-02,174.0,175.0,173.0,174.0,2010613
2023-08-04,174.0,175.0,172.5,174.0,1527017
2023-08-07,174.0,176.5,174.0,176.5,873712
2023-08-08,177.5,178.0,175.0,176.0,2016834
2023-08-09,176.5,177.0,175.5,177.0,2349499
2023-08-10,176.0,176.5,174.0,176.5,1698799
2023-08-11,173.5,174.5,172.0,172.5,3257724
2023-08-14,172.0,173.0,170.5,172.5,2068603
2023-08-15,172.5,173.5,171.5,171.5,1399910
2023-08-16,171.0,172.0,169.0,170.0,2083998
2023-08-17,168.5,168.5,165.5,167.5,2516876
2023-08-18,166.0,168.0,166.0,166.5,2321161
2023-08-21,167.0,169.5,167.0,169.0,1288864
2023-08-22,168.5,168.5,165.5,167.5,2809737
2023-08-23,167.0,169.0,166.5,169.0,1345113
2023-08-24,168.5,169.0,167.0,168.0,1467997
2023-08-25,168.0,168.5,166.5,167.5,2017422
2023-08-28,168.0,171.0,168.0,171.0,1810594
2023-08-29,171.0,172.0,169.5,171.0,1356661
2023-08-30,172.0,177.5,171.5,177.0,3828528
2023-08-31,177.5,180.5,177.0,180.5,9190169
2023-09-01,180.5,181.0,179.0,180.0,2079385
2023-09-04,180.0,181.0,179.0,180.5,1765775
2023-09-05,180.0,181.0,180.0,180.0,1701855
2023-09-06,180.0,183.0,178.0,182.5,3677340
2023-09-07,181.5,183.0,180.0,180.5,3778026
2023-09-08,180.5,181.0,179.5,179.5,2198282
2023-09-11,179.5,181.0,179.5,179.5,2635001
2023-09-12,180.0,184.0,180.0,183.5,2526200
2023-09-13,182.5,183.0,180.5,180.5,2343057
2023-09-14,182.5,183.0,181.0,182.5,1805189
2023-09-15,183.5,184.0,182.0,182.0,5463480
2023-09-18,182.0,184.5,182.0,183.5,2134703
2023-09-19,183.5,184.5,183.0,183.5,1989914
2023-09-20,183.5,184.5,181.5,181.5,2430479
2023-09-21,180.0,182.5,178.5,179.0,2636377
2023-09-22,179.0,182.0,178.5,180.5,2387268
2023-09-25,181.0,183.5,181.0,182.5,1222025
2023-09-26,182.5,184.0,182.0,183.5,1723351
2023-09-27,183.5,183.5,181.0,181.5,1282221
2023-09-28,182.0,183.5,181.5,182.5,2242102
2023-10-02,182.5,184.5,182.5,183.5,1021185
2023-10-03,183.5,184.5,183.0,183.5,958959
2023-10-04,183.5,184.0,181.0,182.5,1645964
2023-10-05,182.0,184.0,182.0,184.0,991465
2023-10-06,183.0,183.5,182.0,182.5,980401
2023-10-11,182.0,183.5,182.0,182.0,2520815
2023-10-12,182.0,184.5,181.0,184.5,2337092
2023-10-13,184.0,186.0,183.0,185.5,2311072
2023-10-16,184.0,185.0,181.0,181.0,3084655
2023-10-17,182.0,185.0,182.0,183.5,1980234
2023-10-18,184.0,185.0,183.0,184.5,3709205
2023-10-19,184.0,186.0,183.5,185.0,1545319
2023-10-20,184.0,184.0,181.5,182.5,2460713
2023-10-23,182.0,183.0,181.0,181.5,1251159
2023-10-24,181.5,183.0,180.5,181.5,1182969
2023-10-25,182.5,183.0,181.5,182.0,928807
2023-10-26,181.0,183.0,180.5,181.5,1453110
2023-10-27,181.0,184.0,181.0,182.5,1134116
2023-10-30,183.0,184.5,182.0,183.5,1358390
2023-10-31,183.0,183.5,181.0,181.5,1318024
2023-11-01,181.5,182.5,181.0,181.0,1269427
2023-11-02,183.0,184.0,182.5,183.5,945373
2023-11-03,184.0,184.0,182.5,183.5,891851
2023-11-06,184.5,185.0,183.5,184.0,1297211
2023-11-07,184.0,184.0,182.5,182.5,874507
2023-11-08,183.0,183.5,182.0,182.0,858389
2023-11-09,183.0,184.5,182.0,183.5,1274627
2023-11-10,183.5,188.5,183.0,187.5,3255960
2023-11-13,189.0,189.0,186.0,187.5,1956962
2023-11-14,187.5,188.0,184.0,185.0,1971992
2023-11-15,186.5,187.5,185.5,186.5,2771282
2023-11-16,187.5,189.5,186.5,189.5,1940371
2023-11-17,190.0,192.0,189.5,191.5,2651161
2023-11-20,193.0,195.0,191.0,194.0,3638455
2023-11-21,195.0,197.5,194.0,196.0,4064571
2023-11-22,197.5,197.5,195.5,196.0,3663078
2023-11-23,196.5,200.0,196.0,198.5,3716505
2023-11-24,199.5,204.0,197.5,197.5,5672789
2023-11-27,198.0,199.5,196.0,196.0,5409922
2023-11-28,197.0,199.0,194.5,194.5,6965707
2023-11-29,195.0,198.5,194.5,196.5,4117837
2023-11-30,197.5,201.0,194.5,194.5,10200493
2023-12-01,196.5,197.0,194.5,195.5,3663096
2023-12-04,196.0,198.0,195.0,195.0,2723504
2023-12-05,195.0,195.5,192.0,193.5,2984400
2023-12-06,195.0,196.5,192.5,192.5,2538595
2023-12-07,187.0,188.0,183.0,183.5,3653029
2023-12-08,186.0,187.0,184.5,184.5,1509143
2023-12-11,185.0,186.0,184.0,185.0,1256108
2023-12-12,187.0,187.0,184.0,185.0,1862412
2023-12-13,185.5,187.0,185.0,187.0,1465227
2023-12-14,188.0,188.5,186.5,187.0,1987006
2023-12-15,188.0,188.0,184.5,185.0,4527798
2023-12-18,185.0,191.0,185.0,189.5,6025784
2023-12-19,189.0,191.0,186.5,190.0,5744340
2023-12-20,190.5,193.0,188.5,191.0,6722772
2023-12-21,189.5,190.0,185.5,189.0,7615086
2023-12-22,189.5,191.5,188.5,191.0,4109645
2023-12-25,192.0,193.0,190.5,193.0,1522838
2023-12-26,193.0,194.5,192.0,194.5,1267195
2023-12-27,194.5,195.5,193.0,194.0,1936175
2023-12-28,194.5,196.0,194.0,195.5,1371887
2023-12-29,196.0,196.0,193.5,194.0,990955
2024-01-02,194.0,196.0,192.0,196.0,1556893
2024-01-03,193.5,194.5,192.5,193.5,1706442
2024-01-04,193.5,195.5,192.0,194.0,1212668
2024-01-05,198.0,198.0,195.0,197.0,2036016
2024-01-08,196.5,199.5,196.0,199.0,2352130
2024-01-09,199.0,199.5,197.0,197.5,1568930
2024-01-10,197.5,198.5,197.0,197.0,1425758
2024-01-11,197.0,199.0,196.5,198.0,1521008
2024-01-12,197.5,199.0,196.5,198.0,1718280
2024-01-15,198.0,200.5,198.0,200.0,1515490
2024-01-16,197.5,201.5,197.5,200.5,2108703
2024-01-17,198.0,200.5,196.5,196.5,3680596
2024-01-18,197.0,198.0,195.0,196.5,2241681
2024-01-19,197.5,199.5,197.5,199.5,894570
2024-01-22,199.5,200.0,198.5,199.0,831899
2024-01-23,199.5,199.5,193.5,193.5,2253766
2024-01-24,194.0,196.5,193.5,195.5,1172907
2024-01-25,196.0,196.5,194.5,196.0,912631
2024-01-26,196.5,196.5,193.5,195.5,1113670
2024-01-29,195.5,197.0,194.0,196.5,949591
2024-01-30,196.5,196.5,194.0,195.0,1449073
2024-01-31,196.5,196.5,193.5,194.5,1347600
2024-02-01,195.5,196.0,193.5,196.0,1012558
2024-02-02,196.0,196.0,194.0,195.5,704220
2024-02-05,193.5,194.0,191.5,193.5,890268
2024-02-15,194.0,196.0,191.5,196.0,1835646
2024-02-16,194.0,197.0,194.0,196.0,1204237
2024-02-19,197.0,200.0,196.0,199.5,1180681
2024-02-20,199.5,200.5,198.5,200.0,1036157
2024-02-21,200.0,201.0,198.5,199.0,1783603
2024-02-22,199.5,201.0,199.0,200.5,1641716
2024-02-23,200.0,200.5,196.5,196.5,2189167
2024-02-26,195.5,198.5,195.5,195.5,1852354
2024-02-27,195.5,198.0,195.5,195.5,1761913
2024-02-29,196.0,198.0,195.5,197.0,2250216
2024-03-01,196.5,198.0,196.0,197.0,1337634
2024-03-04,196.0,198.5,196.0,198.5,1766925
2024-03-05,197.0,200.0,196.5,199.0,1692379
2024-03-06,198.5,200.0,198.0,200.0,1782966
2024-03-07,198.0,200.5,198.0,199.5,1485687
2024-03-08,199.0,200.0,196.5,197.5,3102666
2024-03-11,198.5,199.5,197.0,199.0,1539965
2024-03-12,199.5,206.5,198.5,206.0,3877959
2024-03-13,208.0,212.5,206.5,208.5,3003958
2024-03-14,208.5,209.0,204.5,209.0,1933588
2024-03-15,209.5,217.5,209.5,215.0,5825529
2024-03-18,213.0,217.0,210.5,214.5,2691626
2024-03-19,214.5,217.5,212.5,215.0,4507756
2024-03-20,218.0,221.5,216.0,216.5,4732573
2024-03-21,219.5,225.5,218.0,224.0,4549912
2024-03-22,222.5,224.0,209.0,214.0,5437541
2024-03-25,213.0,214.0,208.0,211.5,3193334
2024-03-26,210.0,212.0,206.5,210.0,2929490
2024-03-27,210.0,214.0,209.5,213.5,3495165
2024-03-28,213.5,220.5,213.5,217.5,4221846
2024-03-29,218.0,219.5,214.0,219.0,7251726
2024-04-01,219.0,219.0,211.0,212.0,2810765
2024-04-02,212.0,214.5,212.0,213.0,1635030
2024-04-03,213.0,214.5,210.0,211.5,2104535
2024-04-08,210.5,211.5,209.5,211.0,2029132
2024-04-09,210.5,212.0,209.5,210.0,1594012
2024-04-10,210.0,211.0,208.5,209.5,1377234
2024-04-11,208.0,209.5,205.5,208.0,1594306
2024-04-12,207.5,209.0,206.5,207.5,1464854
2024-04-15,207.5,209.5,206.5,207.0,2506894
2024-04-16,206.5,208.5,205.0,205.0,3538175
2024-04-17,205.5,208.0,205.0,205.5,2228058
2024-04-18,207.0,209.0,205.5,208.0,2600485
2024-04-19,206.0,209.5,205.0,207.0,4064584
2024-04-22,207.5,214.5,207.0,212.0,3484921
2024-04-23,214.0,216.5,212.0,214.5,3383591
2024-04-24,214.5,214.5,211.0,214.0,2243799
2024-04-25,214.0,216.5,212.5,216.0,1797735
2024-04-26,215.5,217.0,213.0,213.5,2420324
2024-04-29,216.0,217.0,213.0,216.0,2141178
2024-04-30,214.5,219.5,214.0,218.0,2454093
2024-05-02,218.0,221.0,217.0,219.0,3171643
2024-05-03,221.5,225.0,219.5,220.5,2558711
2024-05-06,221.5,222.5,219.0,220.5,2039202
2024-05-07,221.0,224.0,220.5,224.0,2169122
2024-05-08,224.0,224.0,220.5,221.0,2086851
2024-05-09,221.0,221.5,218.5,218.5,2708429
2024-05-10,218.5,223.0,217.0,222.0,3550550
2024-05-13,224.5,237.0,224.5,229.5,5444646
2024-05-14,230.5,233.5,228.0,230.0,3252996
2024-05-15,232.0,234.5,231.0,233.5,2818004
2024-05-16,235.0,235.0,231.5,232.5,3424845
2024-05-17,233.0,233.0,220.0,220.0,7364926
2024-05-20,216.0,223.5,214.0,218.5,6785708
2024-05-21,219.0,222.0,217.5,222.0,4933160
2024-05-22,225.0,230.5,223.5,230.5,6112110
2024-05-23,229.5,230.0,225.5,228.0,4483849
2024-05-24,225.5,227.5,224.0,225.5,3003244
2024-05-27,224.0,228.0,224.0,226.0,2406456
2024-05-28,226.0,229.5,225.0,228.5,2130512
2024-05-29,228.5,231.0,227.5,227.5,2102809
2024-05-30,226.0,228.5,222.5,226.0,2584511
2024-05-31,229.0,230.0,224.5,224.5,7618555
2024-06-03,226.5,229.5,224.0,224.5,2703283
2024-06-04,223.5,227.5,223.5,225.5,1952894
2024-06-05,227.0,227.0,221.5,222.0,2343396
2024-06-06,221.5,225.0,221.0,225.0,2004623
2024-06-07,224.5,225.5,222.0,222.5,1666230
2024-06-11,221.0,227.0,221.0,226.5,2214952
2024-06-12,226.0,227.5,222.5,226.0,2945362
2024-06-13,228.5,229.0,226.0,228.0,1763299
2024-06-14,232.0,232.0,228.0,230.5,2331411
2024-06-17,228.5,230.0,225.5,228.0,1597266
2024-06-18,229.5,230.5,227.5,229.5,1283926
2024-06-19,230.5,231.0,228.0,230.5,2415265
2024-06-20,230.5,232.5,229.5,232.5,1953725
2024-06-21,232.5,233.0,228.5,230.5,2731357
2024-06-24,231.0,231.5,226.5,231.0,2008424
2024-06-25,231.5,231.5,226.0,227.5,2174239
2024-06-26,227.0,228.0,224.5,227.0,2111775
2024-06-27,224.5,229.5,223.0,228.0,2184716
2024-06-28,229.5,232.0,227.0,232.0,2943877
2024-07-01,232.0,232.0,227.5,227.5,3552112
2024-07-02,226.0,240.0,226.0,240.0,7883523
2024-07-03,238.5,238.5,227.0,233.5,8083473
2024-07-04,225.0,227.5,221.5,227.0,3678891
2024-07-05,228.5,231.5,227.5,230.0,1235528
2024-07-08,228.0,229.5,226.5,227.5,1626381
2024-07-09,228.5,228.5,214.0,214.5,7675840
2024-07-10,217.5,219.0,215.0,219.0,1403085
2024-07-11,219.0,223.0,217.5,221.5,1612224
2024-07-12,220.0,224.5,219.5,224.5,2092656
2024-07-15,223.0,224.0,220.0,222.0,1904344
2024-07-16,222.0,227.0,221.0,225.5,2305157
2024-07-17,225.0,226.0,217.5,218.0,3653411
2024-07-18,219.0,220.5,216.0,220.0,3610272
2024-07-19,210.0,210.0,198.0,202.0,12297522
2024-07-22,200.0,209.0,200.0,207.0,6080370
2024-07-23,208.0,210.5,207.0,209.5,2861605
2024-07-26,206.0,209.5,205.0,209.0,2020813
2024-07-29,210.0,211.5,208.5,211.0,1503678
2024-07-30,210.0,215.5,207.5,214.0,3008160
2024-07-31,213.5,215.5,211.0,213.0,1243840
2024-08-01,214.5,218.5,213.0,218.5,1611813
2024-08-02,215.0,220.5,214.0,219.0,3026644
2024-08-05,213.5,216.5,206.0,212.5,4834679
2024-08-06,216.5,219.5,210.5,217.0,4082001
2024-08-07,215.0,222.0,214.5,222.0,2595871
2024-08-08,217.0,221.5,216.0,219.0,2590847
2024-08-09,223.0,228.0,220.0,227.5,3230977
2024-08-12,227.5,227.5,220.0,224.0,2251374
2024-08-13,224.0,229.0,223.5,229.0,1983283
2024-08-14,231.5,231.5,227.5,229.0,1694066
2024-08-15,231.0,231.0,227.0,228.0,1139170
2024-08-16,231.5,231.5,228.0,230.5,2690664
2024-08-19,231.5,234.5,230.0,234.0,1792448
2024-08-20,234.0,235.0,232.0,233.0,1023092
2024-08-21,231.0,234.0,229.0,230.5,2378291
2024-08-22,231.0,233.0,230.5,233.0,1116308
2024-08-23,232.5,235.5,230.0,235.5,1465163
2024-08-26,236.0,238.0,234.0,235.5,1097696
2024-08-27,233.5,237.5,232.5,237.5,1112747
2024-08-28,237.5,238.0,235.0,236.0,1278975
2024-08-29,233.5,238.0,233.5,237.0,1302842
2024-08-30,237.0,237.0,234.0,236.0,1734777
2024-09-02,237.0,237.0,234.5,236.0,1143739
2024-09-03,235.0,236.5,233.5,235.0,1397193
2024-09-04,226.5,235.0,225.5,225.5,4044948
2024-09-05,233.0,238.0,231.0,236.5,2683007
2024-09-06,236.0,240.5,234.0,240.5,2488051
2024-09-09,235.5,243.0,235.0,241.0,3039126
2024-09-10,242.0,243.0,236.5,237.0,1587235
2024-09-11,235.0,238.0,233.0,236.0,2061108
2024-09-12,239.5,240.0,237.0,238.0,1297879
2024-09-13,238.0,239.0,235.0,237.5,1607760
2024-09-16,237.5,237.5,233.0,236.0,1286665
2024-09-18,236.0,240.0,235.0,236.5,2576308
2024-09-19,236.5,240.5,234.5,235.5,3175668
2024-09-20,236.0,239.0,234.5,235.5,4276945
2024-09-23,238.0,239.0,232.5,234.5,2875497
2024-09-24,234.5,236.5,233.0,234.5,2482512
2024-09-25,236.0,238.5,235.0,236.0,3150885
2024-09-26,238.0,240.0,235.0,237.5,3256584
2024-09-27,239.5,240.0,235.0,235.0,1998588
2024-09-30,236.5,240.0,235.0,236.5,1425037
2024-10-01,238.0,239.5,235.5,239.5,1482348
2024-10-04,236.0,238.0,232.0,233.5,2044666
2024-10-07,233.0,236.5,232.0,236.5,1208135
2024-10-08,233.0,238.0,233.0,238.0,1944411
2024-10-09,238.5,238.5,236.0,238.0,675301
2024-10-11,237.5,238.0,235.5,237.5,895962
2024-10-14,236.0,239.5,235.5,239.5,1614052
2024-10-15,240.0,243.0,239.0,243.0,1895762
2024-10-16,240.0,244.5,236.5,237.5,2256335
2024-10-17,239.5,242.5,239.5,240.5,1052622
2024-10-18,242.0,246.5,241.0,244.5,1887973
2024-10-21,246.0,246.0,240.0,240.0,1149505
2024-10-22,240.0,241.5,237.5,239.5,1170406
2024-10-23,240.0,240.0,234.0,234.0,1961500
2024-10-24,234.0,238.0,234.0,236.5,1674371
2024-10-25,238.0,238.0,235.5,237.0,931221
2024-10-28,238.0,239.5,236.0,236.0,1299488
2024-10-29,237.0,237.5,234.5,236.5,1518190
2024-10-30,239.0,239.5,234.5,236.0,2132798
2024-11-01,232.0,237.0,231.5,231.5,2555817
2024-11-04,232.0,236.0,231.5,234.0,1138368
2024-11-05,234.0,237.0,233.0,236.5,1418758
2024-11-06,232.5,233.0,225.0,225.0,2247104
2024-11-07,223.0,224.5,218.5,220.0,1859216
2024-11-08,220.5,223.5,215.5,215.5,1940554
2024-11-11,217.0,222.0,215.5,220.0,1314902
2024-11-12,217.0,224.5,217.0,218.0,3335723
2024-11-13,217.0,221.5,217.0,217.5,1902440
2024-11-14,218.5,221.0,214.0,214.0,2709732
2024-11-15,212.0,213.5,201.0,201.0,7334241
2024-11-18,201.0,205.0,200.0,203.5,9802422
2024-11-19,203.5,206.5,198.5,205.0,11607235
2024-11-20,205.0,207.0,200.5,203.5,12128435
2024-11-21,202.0,203.0,198.0,200.0,13411819
2024-11-22,200.5,202.0,198.5,198.5,15248869
2024-11-25,200.0,200.5,195.5,199.5,19841641
2024-11-26,198.5,199.5,196.0,196.0,14218129
2024-11-27,197.0,198.5,195.5,197.0,13564935
2024-11-28,197.5,197.5,194.0,196.0,8404000
2024-11-29,196.5,200.0,195.0,196.5,5168432
2024-12-02,198.0,202.5,197.5,202.5,5443973
2024-12-03,203.5,204.5,200.5,201.0,5734601
2024-12-04,201.0,202.0,197.5,199.5,6353114
2024-12-05,199.5,199.5,197.0,197.5,4482539
2024-12-06,198.5,200.0,196.0,196.5,5547000
2024-12-09,196.5,196.5,194.0,196.0,6748365
2024-12-10,189.0,189.0,185.0,186.5,5942159
2024-12-11,186.0,187.0,184.5,186.5,3012721
2024-12-12,186.5,186.5,183.0,184.0,3833656
2024-12-13,183.0,183.5,180.5,180.5,3110800
2024-12-16,181.0,181.0,176.0,177.5,5024295
2024-12-17,177.5,179.5,176.5,176.5,7831319
2024-12-18,177.5,182.5,177.0,180.0,7493277
2024-12-19,178.0,182.0,178.0,180.5,6157596
2024-12-20,180.0,182.5,179.5,180.0,5879017
2024-12-23,187.0,188.0,185.0,185.5,7494696
2024-12-24,187.0,190.5,186.5,187.0,6271555
2024-12-25,189.0,192.0,188.5,190.0,6321180
2024-12-26,191.0,192.0,189.5,190.0,4336204
2024-12-27,190.0,191.5,190.0,191.5,1931583
2024-12-30,191.5,195.5,191.5,193.0,5090501
2024-12-31,192.0,194.5,192.0,194.0,3202693
2025-01-02,194.0,196.0,193.0,196.0,5665026
2025-01-03,196.0,196.5,194.0,194.5,3986784
2025-01-06,195.0,196.0,194.0,195.5,2209249
2025-01-07,195.5,199.5,195.5,198.5,3675269
2025-01-08,198.5,199.0,196.0,198.0,3530634
2025-01-09,197.0,198.5,196.0,196.0,3034810
2025-01-10,195.0,198.0,195.0,197.5,3054180
2025-01-13,198.0,199.0,196.0,197.0,4112682
2025-01-14,196.5,199.0,196.5,199.0,3506513
2025-01-15,198.5,200.0,197.0,198.5,2831387
2025-01-16,199.0,199.5,198.0,198.5,1806193
2025-01-17,199.0,199.5,198.0,199.5,2678426
2025-01-20,199.0,199.5,198.0,198.5,1272539
2025-01-21,198.5,199.0,197.5,198.5,1278221
2025-01-22,199.0,199.0,197.0,199.0,2265215
2025-02-03,195.5,197.5,193.5,197.5,4410842
2025-02-04,197.5,199.0,195.0,196.0,3052806
2025-02-05,196.0,197.0,196.0,196.5,1605045
2025-02-06,196.0,199.0,195.5,199.0,2528514
2025-02-07,199.0,200.0,198.0,199.5,1880037
2025-02-10,198.0,199.0,197.0,197.5,1923160
2025-02-11,197.5,198.5,197.0,198.0,1079500
2025-02-12,198.5,199.0,197.5,198.5,1836269
2025-02-13,198.0,199.5,197.0,199.0,2927213
2025-02-14,198.5,202.5,198.5,200.5,2715255
2025-02-17,202.0,203.0,200.0,200.0,1595701
2025-02-18,200.0,201.5,199.0,201.0,1633816
2025-02-19,201.0,202.0,199.5,201.0,2238071
2025-02-20,201.0,205.5,200.5,204.5,3343441
2025-02-21,205.5,207.5,202.0,204.0,2811577
2025-02-24,203.0,207.0,203.0,206.5,2401306
2025-02-25,209.0,212.0,207.0,207.5,3755112
2025-02-26,207.0,210.0,205.0,209.0,3585005
2025-02-27,209.5,211.0,206.0,206.5,4222847
2025-03-03,205.5,209.5,205.5,208.5,3688253
2025-03-04,206.0,208.5,204.5,208.0,3173452
2025-03-05,207.0,207.5,205.0,206.5,1574937
2025-03-06,206.0,206.5,204.5,205.0,1313828
2025-03-07,205.5,205.5,203.5,205.0,1957913
2025-03-10,206.0,207.0,203.5,206.5,1579955
2025-03-11,204.0,206.0,203.5,205.5,2090885
2025-03-12,205.0,208.0,205.0,207.5,1850993
2025-03-13,208.5,208.5,203.5,204.5,1929676
2025-03-14,205.5,207.0,204.5,206.5,2115040
2025-03-17,207.0,207.5,204.0,206.0,2257150
2025-03-18,207.0,209.5,205.5,209.5,2300641
2025-03-19,209.5,211.0,206.5,208.0,2950135
2025-03-20,208.0,210.5,207.5,209.5,2213517
2025-03-21,210.0,210.5,208.5,210.5,3316782
2025-03-24,210.5,211.5,209.0,211.5,2500622
2025-03-25,212.0,212.0,207.5,211.0,2692932
2025-03-26,210.5,212.5,210.0,212.5,2664265
2025-03-27,210.5,216.0,210.5,216.0,3193079
2025-03-28,215.0,216.5,212.0,213.5,2257948
2025-03-31,208.0,211.0,208.0,209.5,2740331
2025-04-01,211.0,215.0,210.0,213.5,2161665
2025-04-02,214.5,222.5,213.5,220.0,4599507
2025-04-07,198.0,198.0,198.0,198.0,1176143
2025-04-08,198.0,202.5,193.5,196.5,6455174
2025-04-09,192.5,193.0,177.0,177.0,7933132
2025-04-10,194.5,194.5,194.5,194.5,871088
2025-04-11,191.5,195.0,186.0,193.0,4065565
2025-04-14,193.0,197.5,192.0,192.5,2245739
2025-04-15,193.0,197.5,193.0,193.0,2243399
2025-04-16,193.0,197.0,193.0,196.5,2136740
2025-04-17,204.0,216.0,202.0,213.5,9087043
2025-04-18,216.0,216.0,211.5,212.5,5265161
2025-04-21,212.0,219.0,212.0,213.5,4953968
2025-04-22,212.0,215.0,208.5,208.5,3017666
2025-04-23,211.0,216.0,210.5,213.0,5214048
2025-04-24,214.0,219.0,214.0,218.0,4212873
2025-04-25,222.5,222.5,214.5,216.0,3050071
2025-04-28,216.0,219.0,215.5,219.0,1387628
2025-04-29,219.0,221.0,217.0,217.0,2174890
2025-04-30,216.5,219.5,216.5,217.0,1683463
2025-05-02,218.0,221.0,217.5,221.0,2692403
2025-05-05,219.0,219.0,213.0,216.5,4188340
2025-05-06,218.0,218.5,215.0,216.0,3441884
2025-05-07,217.5,218.5,214.0,214.5,2690797
2025-05-08,213.5,217.0,211.5,213.0,3551295
2025-05-09,216.0,218.5,214.5,217.5,3391206
2025-05-12,217.5,219.5,216.0,219.5,3462914
2025-05-13,221.0,224.5,220.0,221.0,3686869
2025-05-14,224.0,227.0,222.5,223.5,4517667
2025-05-15,225.0,228.5,222.0,222.0,4303557
2025-05-16,224.5,228.5,222.5,222.5,4056857
2025-05-19,220.0,223.5,212.5,212.5,4115545
2025-05-20,215.0,217.5,212.5,213.0,2809568
2025-05-21,215.0,219.5,213.5,216.5,4272423
2025-05-22,215.0,218.5,213.5,215.0,4908182
2025-05-23,216.5,221.0,214.5,216.0,5892372
2025-05-26,215.0,219.0,208.0,208.0,9229525
