Date,Open,High,Low,Close,Volume
2015-01-05,63.7,63.8,63.3,63.6,1335637
2015-01-06,63.2,63.3,62.8,62.9,2368230
2015-01-07,63.0,63.3,62.6,63.0,2854789
2015-01-08,63.5,64.4,63.2,63.5,2545983
2015-01-09,64.1,64.1,63.5,63.6,1553112
2015-01-12,63.8,65.2,63.8,65.2,5200353
2015-01-13,65.6,65.7,64.4,64.9,2277722
2015-01-14,65.2,65.7,64.8,65.5,3166804
2015-01-15,65.5,65.5,64.5,65.0,1736182
2015-01-16,65.0,65.0,64.0,64.4,2046450
2015-01-19,64.9,65.0,64.2,64.4,1102988
2015-01-20,65.0,65.2,64.4,65.0,1698970
2015-01-21,65.0,65.3,64.8,65.1,1255047
2015-01-22,65.5,66.5,65.4,65.7,3624670
2015-01-23,66.3,66.3,65.5,65.6,2472681
2015-01-26,65.6,65.6,64.7,65.3,1623742
2015-01-27,65.7,65.8,65.2,65.7,1097108
2015-01-28,65.2,65.5,65.0,65.0,1354667
2015-01-29,64.9,65.3,64.7,64.7,1388255
2015-01-30,65.3,65.9,64.3,64.3,3326482
2015-02-02,64.3,65.7,64.3,65.4,1876264
2015-02-03,65.7,65.9,64.8,65.5,873417
2015-02-04,65.5,65.8,65.2,65.5,1218166
2015-02-05,65.5,65.6,65.1,65.6,935243
2015-02-06,65.8,65.9,65.3,65.4,1740738
2015-02-09,65.5,65.7,65.1,65.1,774170
2015-02-10,65.4,65.5,64.8,64.9,1284499
2015-02-11,65.5,65.6,64.8,65.1,1189259
2015-02-12,65.4,65.4,64.6,64.9,1612868
2015-02-13,65.6,67.5,65.5,66.6,11309660
2015-02-24,67.6,68.0,66.8,66.8,4848135
2015-02-25,67.5,67.5,66.5,67.3,2848409
2015-02-26,66.9,67.1,66.5,66.9,2418589
2015-03-02,66.9,67.4,66.5,66.6,2652393
2015-03-03,66.5,66.8,65.7,65.7,2617676
2015-03-04,65.2,65.6,65.1,65.4,2510606
2015-03-05,65.4,65.7,65.0,65.3,1827655
2015-03-06,65.4,65.8,65.3,65.6,1420778
2015-03-09,65.6,66.0,65.4,65.8,1345428
2015-03-10,65.9,66.9,65.7,66.5,3792415
2015-03-11,66.3,67.7,66.0,66.0,2839241
2015-03-12,66.3,67.2,66.1,67.1,3213722
2015-03-13,67.6,67.6,66.6,66.6,2602789
2015-03-16,66.6,66.9,66.4,66.7,2525419
2015-03-17,66.9,68.5,66.9,67.1,5962721
2015-03-18,67.2,68.6,66.9,68.6,5981020
2015-03-19,69.5,71.0,68.9,70.5,11144619
2015-03-20,70.3,70.5,68.9,70.5,11089245
2015-03-23,71.0,71.5,70.1,70.7,6043323
2015-03-24,70.8,71.4,70.3,71.2,5784862
2015-03-25,70.8,71.1,70.2,70.3,3755370
2015-03-26,69.9,71.0,69.7,70.9,3828278
2015-03-27,71.2,71.3,70.9,71.1,3037467
2015-03-30,71.8,72.5,71.4,72.1,5067134
2015-03-31,72.9,74.0,72.5,74.0,7316933
2015-04-01,74.0,74.3,73.5,74.2,3473829
2015-04-02,74.3,76.0,74.2,76.0,4864282
2015-04-07,76.4,80.0,76.1,79.9,6201268
2015-04-08,79.9,83.0,79.9,82.0,8231382
2015-04-09,82.0,82.0,78.8,81.0,5838217
2015-04-10,81.0,81.3,78.0,78.5,4790955
2015-04-13,78.5,80.5,77.7,79.8,6035407
2015-04-14,80.2,80.2,78.9,79.8,2800366
2015-04-15,80.0,80.0,78.8,79.3,2062127
2015-04-16,79.6,80.0,79.0,79.7,2516237
2015-04-17,80.0,80.1,79.5,79.5,2167034
2015-04-20,79.5,80.0,79.4,80.0,2389591
2015-04-21,80.0,81.3,79.6,80.6,2863765
2015-04-22,80.6,81.0,79.6,80.5,3232948
2015-04-23,80.5,81.2,80.2,80.7,3669192
2015-04-24,80.7,82.5,80.4,80.8,8041430
2015-04-27,80.8,82.0,80.5,80.5,3444606
2015-04-28,81.0,81.5,80.7,81.5,3734948
2015-04-29,81.5,82.0,80.7,81.4,3132086
2015-04-30,81.4,81.5,80.2,80.2,3162822
2015-05-04,80.5,80.9,80.4,80.9,2216606
2015-05-05,81.0,81.2,80.2,80.5,2036779
2015-05-06,80.5,80.6,79.6,80.1,2414521
2015-05-07,79.6,79.9,78.6,78.7,2199425
2015-05-08,79.0,79.3,78.6,78.9,2216678
2015-05-11,80.0,80.2,79.1,79.7,2370576
2015-05-12,79.8,79.8,78.8,79.3,2053403
2015-05-13,79.5,79.5,78.3,78.5,2598905
2015-05-14,78.0,78.5,77.1,77.5,3428710
2015-05-15,78.5,78.5,73.8,74.0,4392574
2015-05-18,74.1,75.5,73.5,75.2,2572705
2015-05-19,75.9,77.5,75.2,77.2,2280404
2015-05-20,77.5,78.5,77.2,78.0,1931717
2015-05-21,77.0,77.3,75.2,76.5,2163217
2015-05-22,76.5,77.3,76.5,76.9,1506532
2015-05-25,76.9,76.9,75.5,75.6,1574971
2015-05-26,75.9,76.2,74.4,75.2,2165778
2015-05-27,75.2,75.9,74.8,75.9,1605110
2015-05-28,75.9,76.7,75.9,76.0,1987471
2015-05-29,76.5,77.6,76.0,77.0,3497527
2015-06-01,77.0,77.0,76.0,76.0,1173687
2015-06-02,75.6,76.0,74.7,74.7,1566087
2015-06-03,74.6,75.0,73.0,73.0,3005879
2015-06-04,73.0,75.0,73.0,73.5,2570241
2015-06-05,73.4,74.5,73.3,73.6,1336022
2015-06-08,73.6,76.6,73.6,75.4,2863824
2015-06-09,75.4,75.4,73.8,73.8,1362003
2015-06-10,73.8,74.8,73.8,74.1,1564906
2015-06-11,75.0,75.0,73.2,73.4,1959264
2015-06-12,74.0,75.0,73.4,73.4,1673700
2015-06-15,73.4,73.4,72.0,72.4,1826354
2015-06-16,72.0,72.0,70.2,70.8,2911730
2015-06-17,70.6,73.3,70.0,71.7,3171833
2015-06-18,71.8,72.0,70.6,70.6,2293306
2015-06-22,71.3,71.6,70.0,70.6,1813903
2015-06-23,71.5,72.7,70.8,72.7,2798421
2015-06-24,72.5,74.0,72.0,73.6,1621564
2015-06-25,73.6,73.9,72.7,72.7,2445706
2015-06-26,72.0,73.0,72.0,72.7,1632851
2015-06-29,72.1,72.9,72.0,72.4,1192441
2015-06-30,73.0,73.6,72.3,73.6,1537693
2015-07-01,73.8,74.7,73.2,74.5,1588854
2015-07-02,74.5,74.5,73.0,73.0,1508066
2015-07-03,72.6,72.9,71.7,72.7,1466113
2015-07-06,72.5,72.5,71.0,71.0,1626278
2015-07-07,71.0,72.2,71.0,72.0,1296493
2015-07-08,71.3,71.5,70.1,70.1,2342367
2015-07-09,68.1,69.8,67.9,69.0,2688734
2015-07-13,69.3,70.8,69.2,70.0,2470396
2015-07-14,70.8,71.0,70.2,70.9,1861077
2015-07-15,71.0,71.1,70.1,70.4,1454443
2015-07-16,71.0,71.0,70.1,70.7,1086576
2015-07-17,70.9,71.1,70.7,70.7,750890
2015-07-20,71.7,71.8,70.7,71.0,1079729
2015-07-21,71.0,71.0,70.5,70.9,787759
2015-07-22,70.7,70.7,69.7,69.7,1511284
2015-07-23,69.1,69.9,69.0,69.6,1209113
2015-07-24,70.3,70.4,69.6,69.8,651481
2015-07-27,69.6,70.0,67.3,67.7,1069992
2015-07-28,67.2,68.3,66.2,67.2,2031605
2015-07-29,66.9,66.9,65.0,65.0,2444434
2015-07-30,65.1,66.8,65.1,66.4,1541400
2015-07-31,66.9,66.9,65.0,65.0,1938985
2015-08-03,65.0,65.0,63.5,64.9,1905320
2015-08-04,65.3,65.4,64.0,64.4,1502630
2015-08-05,64.4,64.6,63.9,64.3,1740915
2015-08-06,64.7,65.1,64.2,64.4,1052612
2015-08-07,64.1,64.8,63.7,64.7,915376
2015-08-10,64.0,64.3,63.2,63.7,1860550
2015-08-11,64.0,64.2,61.9,61.9,2704403
2015-08-12,61.0,61.5,58.0,58.8,3882535
2015-08-13,58.5,60.1,57.5,57.6,2900457
2015-08-14,59.8,61.3,58.5,61.3,2918841
2015-08-17,61.2,61.2,58.5,58.6,2157173
2015-08-18,58.1,58.3,55.4,55.9,3223179
2015-08-19,54.9,55.0,50.4,50.7,7566415
2015-08-20,50.2,52.4,49.35,51.2,4490926
2015-08-21,49.5,49.7,48.05,48.25,4239552
2015-08-24,47.05,47.3,43.65,45.8,4959906
2015-08-25,43.65,48.35,43.6,48.35,4239928
2015-08-26,49.4,49.45,46.6,47.3,4583690
2015-08-27,48.2,51.8,47.5,50.2,6041834
2015-08-28,50.5,51.2,49.8,50.9,5139552
2015-08-31,50.8,50.8,49.5,50.3,2827639
2015-09-01,50.3,50.8,49.6,50.2,2020787
2015-09-02,49.0,49.5,48.7,49.1,2004849
2015-09-03,49.15,51.3,49.15,51.3,2748079
2015-09-04,53.4,56.2,53.0,55.4,7134697
2015-09-07,56.0,58.7,55.4,58.7,6758871
2015-09-08,59.0,61.8,58.8,61.7,7537374
2015-09-09,62.5,63.6,60.0,61.4,7383082
2015-09-10,60.5,61.8,60.0,61.8,4393259
2015-09-11,61.8,61.8,60.5,60.9,2999484
2015-09-14,60.9,61.3,60.3,60.8,2821593
2015-09-15,61.0,61.4,60.5,60.6,3303920
2015-09-16,60.8,61.6,60.7,61.4,5826828
2015-09-17,62.5,63.5,60.4,60.5,9387069
2015-09-18,61.0,61.5,60.8,60.9,10272358
2015-09-21,44.85,47.95,44.85,47.95,13125289
2015-09-22,49.5,50.8,48.35,48.5,12418735
2015-09-23,48.45,48.45,45.85,45.9,9339989
2015-09-24,46.5,46.95,45.2,45.8,4476895
2015-09-25,47.0,47.9,45.6,46.95,7071333
2015-09-30,46.15,46.4,45.4,46.4,5272053
2015-10-01,46.7,46.7,45.8,46.45,3696308
2015-10-02,46.4,46.4,45.6,46.15,3001955
2015-10-05,46.2,46.45,45.75,46.45,3216924
2015-10-06,46.55,46.95,46.4,46.4,3632440
2015-10-07,46.5,46.7,45.85,46.7,2870540
2015-10-08,46.1,46.4,45.9,46.0,3071783
2015-10-12,46.0,46.7,46.0,46.0,2743377
2015-10-13,46.35,47.35,46.05,47.2,5162026
2015-10-14,47.5,48.95,47.35,48.0,6807040
2015-10-15,48.5,48.7,47.5,47.5,3503659
2015-10-16,47.6,48.75,47.6,48.75,4114340
2015-10-19,48.85,48.85,47.7,48.2,2351731
2015-10-20,48.2,48.45,47.85,48.2,2306141
2015-10-21,48.8,48.9,48.25,48.65,3198312
2015-10-22,48.65,48.65,47.9,47.9,2129362
2015-10-23,48.0,48.35,47.8,47.9,2724006
2015-10-26,47.85,47.85,46.5,47.2,5480726
2015-10-27,46.95,47.1,46.6,47.05,2826522
2015-10-28,47.0,47.05,46.7,47.05,1985962
2015-10-29,47.0,47.45,46.85,47.05,2959096
2015-10-30,48.0,48.5,47.6,48.0,4422158
2015-11-02,47.6,47.7,47.0,47.0,1994377
2015-11-03,46.9,47.55,46.9,47.2,1671104
2015-11-04,47.45,47.95,47.05,47.2,2723424
2015-11-05,47.2,47.7,47.2,47.55,1804788
2015-11-06,47.15,47.7,46.7,46.75,3425579
2015-11-09,46.7,46.85,46.05,46.05,2135767
2015-11-10,45.6,45.8,44.65,44.65,4375011
2015-11-11,44.5,44.5,40.9,41.0,7846156
2015-11-12,40.0,40.9,39.9,40.55,4867045
2015-11-13,40.55,41.4,40.0,40.7,2970168
2015-11-16,39.7,39.7,38.9,39.15,10400296
2015-11-17,39.5,40.15,39.0,39.0,5254354
2015-11-18,39.05,40.0,38.05,39.3,5275409
2015-11-19,39.3,39.7,38.6,39.0,3570800
2015-11-20,38.9,38.9,38.1,38.15,4099958
2015-11-23,38.55,38.9,38.05,38.3,2626209
2015-11-24,38.1,38.15,37.05,37.1,4725211
2015-11-25,37.0,37.8,35.8,36.0,7264343
2015-11-26,37.0,39.1,36.2,39.1,7641384
2015-11-27,38.5,39.35,38.4,39.1,5333416
2015-11-30,38.7,39.95,37.55,39.95,7401906
2015-12-01,39.55,39.6,38.85,39.2,5225418
2015-12-02,39.2,39.45,38.3,38.55,3311981
2015-12-03,38.3,39.0,38.05,38.2,2933129
2015-12-04,38.7,39.65,38.4,38.4,7848695
2015-12-07,38.7,39.25,38.7,38.7,3960207
2015-12-08,38.9,39.0,37.5,37.8,3938251
2015-12-09,37.5,37.75,36.9,37.0,6232084
2015-12-10,37.2,37.6,36.5,36.6,7172831
2015-12-11,36.7,36.9,36.05,36.05,5617184
2015-12-14,35.05,35.5,34.15,35.0,5060816
2015-12-15,35.0,35.25,34.5,34.55,2853929
2015-12-16,35.0,37.6,34.85,37.0,6729751
2015-12-17,36.95,36.95,36.1,36.5,4289849
2015-12-18,37.4,37.8,36.0,36.0,6325836
2015-12-21,35.9,36.1,35.4,35.75,2187491
2015-12-22,36.0,36.3,35.7,35.8,2053095
2015-12-23,35.8,36.6,35.3,36.05,1913898
2015-12-24,36.5,37.4,36.3,37.0,3305831
2015-12-25,37.0,37.65,36.65,36.85,3408405
2015-12-28,37.0,37.4,36.5,36.5,2750006
2015-12-29,37.0,37.05,36.55,36.6,1633332
2015-12-30,38.5,39.9,38.45,39.0,16593543
2015-12-31,38.8,38.8,37.6,37.9,6610682
2016-01-04,38.0,38.05,36.05,36.05,5855274
2016-01-05,36.05,37.3,36.05,37.0,9398195
2016-01-06,37.5,37.55,35.7,36.3,6527062
2016-01-07,35.9,36.2,34.8,35.35,5826514
2016-01-08,35.05,36.05,35.0,35.65,4036779
2016-01-11,36.7,36.9,35.6,35.6,4666314
2016-01-12,36.0,36.0,34.55,34.6,4028985
2016-01-13,34.75,35.25,34.7,35.05,2959968
2016-01-14,34.8,34.95,33.65,34.95,4136375
2016-01-15,35.5,35.5,34.3,34.45,4843137
2016-01-18,33.75,34.4,33.35,34.4,3920029
2016-01-19,34.4,34.4,33.8,34.05,2144145
2016-01-20,33.8,33.95,31.85,31.85,6718504
2016-01-21,31.0,31.9,29.1,29.3,12292466
2016-01-22,29.8,30.55,28.65,29.8,10728976
2016-01-25,30.05,30.05,28.95,29.45,6873388
2016-01-26,29.25,29.85,28.9,29.45,6118176
2016-01-27,30.15,30.2,29.75,29.8,5744764
2016-01-28,29.8,30.45,29.65,30.1,5067340
2016-01-29,30.3,31.3,29.85,30.75,6440633
2016-01-30,31.2,33.6,31.2,33.05,5782233
2016-02-01,33.4,34.05,33.15,33.3,5939170
2016-02-02,32.95,33.15,32.3,32.65,4281013
2016-02-03,32.5,34.4,32.2,34.0,7196686
2016-02-15,33.2,34.0,33.1,33.65,5346867
2016-02-16,33.65,34.5,32.9,34.45,6847255
2016-02-17,34.45,34.45,33.1,33.15,5793594
2016-02-18,33.35,33.85,33.1,33.5,4841222
2016-02-19,33.1,33.3,32.6,32.7,6486912
2016-02-22,32.7,33.7,32.7,33.6,3869384
2016-02-23,33.7,33.7,33.05,33.1,3709870
2016-02-24,33.4,33.4,32.7,32.9,5735085
2016-02-25,33.3,33.3,32.7,32.7,3590540
2016-02-26,32.8,33.45,32.8,32.9,3266079
2016-03-01,33.0,33.75,32.7,33.3,4720142
2016-03-02,34.0,34.0,33.45,33.8,5722182
2016-03-03,34.25,37.0,34.05,36.6,15438580
2016-03-04,37.4,38.45,37.15,38.0,15879317
2016-03-07,38.9,40.5,38.75,39.6,16797178
2016-03-08,39.9,40.25,38.85,39.5,13383125
2016-03-09,39.2,40.3,39.2,39.9,9298693
2016-03-10,40.0,40.1,39.6,39.85,5748881
2016-03-11,40.0,40.05,39.65,39.85,5970105
2016-03-14,40.0,40.05,39.25,39.5,5592121
2016-03-15,39.3,39.5,36.1,36.75,13803274
2016-03-16,37.35,39.65,37.2,39.0,10882526
2016-03-17,39.85,40.5,38.25,39.0,9564541
2016-03-18,39.4,40.3,39.2,39.95,23857502
2016-03-21,40.15,40.15,39.3,39.9,7779292
2016-03-22,39.9,40.2,39.65,39.9,6695840
2016-03-23,40.0,42.5,39.85,41.1,17795152
2016-03-24,41.15,41.5,40.6,40.9,8729316
2016-03-25,44.95,44.95,44.25,44.95,17462845
2016-03-28,49.0,49.0,47.0,47.2,31147627
2016-03-29,47.2,47.95,45.6,47.2,16679295
2016-03-30,47.6,48.05,47.3,47.5,11708244
2016-03-31,47.9,47.9,47.0,47.0,8542198
2016-04-01,47.15,49.1,47.1,47.7,13170528
2016-04-06,47.8,48.75,47.45,48.5,12110683
2016-04-07,48.5,48.95,48.3,48.95,8420226
2016-04-08,49.0,49.25,47.6,47.6,9005211
2016-04-11,48.0,48.8,47.7,48.3,5227429
2016-04-12,48.75,48.75,47.6,47.85,4335749
2016-04-13,47.9,47.95,47.1,47.85,8006522
2016-04-14,48.6,49.2,48.35,48.35,7688629
2016-04-15,48.5,48.75,47.8,48.5,3783381
2016-04-18,48.7,48.8,48.2,48.6,2484488
2016-04-19,49.0,50.7,48.95,50.3,14361944
2016-04-20,50.6,50.8,48.85,49.05,9966140
2016-04-21,49.3,49.4,48.3,48.75,5466875
2016-04-22,49.0,50.4,48.9,49.6,9006997
2016-04-25,49.9,49.9,49.1,49.35,2672056
2016-04-26,49.35,50.2,49.3,49.65,3796791
2016-04-27,49.7,49.9,49.3,49.45,2887535
2016-04-28,49.7,49.95,49.0,49.0,4747747
2016-04-29,48.6,48.65,48.0,48.5,5512923
2016-05-03,48.2,48.3,46.65,46.8,8002227
2016-05-04,46.2,47.7,46.2,47.0,6111295
2016-05-05,47.2,47.7,47.0,47.3,4395456
2016-05-06,47.35,47.35,46.7,46.7,3795502
2016-05-09,46.8,47.05,45.3,45.3,5749472
2016-05-10,46.0,46.95,45.7,46.55,5892050
2016-05-11,47.1,47.4,46.6,47.1,4419386
2016-05-12,47.1,47.5,46.3,46.3,3665991
2016-05-13,46.8,47.25,46.35,46.9,4665926
2016-05-16,46.9,47.0,46.05,46.25,3050044
2016-05-17,46.7,46.7,46.2,46.55,3347562
2016-05-18,46.55,47.25,46.3,47.15,4269580
2016-05-19,47.15,47.15,46.5,46.6,3677815
2016-05-20,46.4,46.95,46.4,46.9,2106191
2016-05-23,46.95,48.3,46.6,48.05,4205446
2016-05-24,48.05,48.1,47.65,47.75,2917801
2016-05-25,48.25,48.3,47.9,48.2,4235069
2016-05-26,48.6,48.65,48.1,48.35,2867394
2016-05-27,48.7,49.7,48.7,49.3,5397376
2016-05-30,49.85,49.85,49.25,49.7,3700999
2016-05-31,49.7,49.95,49.15,49.15,5847554
2016-06-01,49.35,50.5,49.2,49.85,4898925
2016-06-02,50.3,54.0,49.9,51.6,21411056
2016-06-03,52.0,52.5,50.8,51.7,6377597
2016-06-04,51.7,52.4,51.3,52.0,2587430
2016-06-06,52.4,52.7,51.6,51.7,2743845
2016-06-07,52.2,52.3,51.8,52.1,4795427
2016-06-08,52.3,53.1,52.2,53.0,8904358
2016-06-13,52.8,53.0,52.1,52.7,7053087
2016-06-14,52.3,52.8,52.1,52.2,5146991
2016-06-15,52.1,52.2,51.5,51.7,4073793
2016-06-16,52.0,52.1,51.3,51.3,4208004
2016-06-17,51.8,52.2,50.5,51.2,9339610
2016-06-20,51.7,51.9,51.5,51.8,4091108
2016-06-21,52.0,52.8,51.9,52.5,4940660
2016-06-22,52.8,52.8,51.8,52.5,3037716
2016-06-23,52.2,52.4,52.0,52.0,1751227
2016-06-24,52.2,52.4,50.3,50.8,7668230
2016-06-27,49.9,51.7,49.9,51.3,2732007
2016-06-28,51.3,51.8,50.7,51.6,4840044
2016-06-29,52.4,53.8,52.3,52.9,11022158
2016-06-30,53.7,53.7,52.8,53.0,6484070
2016-07-01,53.2,53.4,52.7,53.1,6654659
2016-07-04,53.5,54.2,53.5,54.0,8264587
2016-07-05,54.1,54.4,53.6,53.8,5902584
2016-07-06,53.6,53.6,53.1,53.3,5709883
2016-07-07,53.4,53.7,53.0,53.1,4720057
2016-07-11,53.5,53.6,53.1,53.2,13273014
2016-07-12,53.5,53.5,52.8,53.3,18889239
2016-07-13,48.0,48.05,47.5,47.8,18396071
2016-07-14,48.2,48.25,47.05,47.2,7030124
2016-07-15,47.2,48.0,47.2,47.85,6399278
2016-07-18,48.35,48.35,47.7,47.85,4687366
2016-07-19,48.0,48.0,47.55,47.8,2772888
2016-07-20,47.55,48.0,47.5,48.0,4194587
2016-07-21,48.0,48.2,47.9,47.95,3679049
2016-07-22,48.0,48.45,47.95,48.45,6337177
2016-07-25,48.55,49.2,48.5,49.15,4477805
2016-07-26,49.45,50.2,49.1,50.2,7627245
2016-07-27,50.5,50.7,49.15,49.3,4851116
2016-07-28,49.0,49.6,48.4,49.15,3236875
2016-07-29,49.15,49.15,48.5,48.65,2318017
2016-08-01,48.8,49.2,48.4,48.85,2390184
2016-08-02,49.0,49.7,48.55,49.7,3813054
2016-08-03,49.6,49.7,49.1,49.25,4088033
2016-08-04,49.25,49.45,48.9,49.4,2766366
2016-08-05,49.7,49.7,49.4,49.5,3246279
2016-08-08,49.55,49.8,49.0,49.6,2438542
2016-08-09,49.7,49.8,49.3,49.7,2353526
2016-08-10,49.75,50.5,49.6,50.4,5002911
2016-08-11,50.5,51.7,50.5,51.4,7568166
2016-08-12,51.5,51.8,50.6,51.1,3332417
2016-08-15,51.2,51.3,50.3,50.4,2845741
2016-08-16,50.9,50.9,49.55,49.95,3656239
2016-08-17,49.95,50.0,49.15,49.25,3546255
2016-08-18,49.4,50.0,49.4,50.0,2538787
2016-08-19,50.2,50.5,49.15,49.15,2873070
2016-08-22,49.0,49.35,48.3,48.45,3157343
2016-08-23,48.5,48.75,48.35,48.4,1828102
2016-08-24,48.5,48.7,48.15,48.25,2379687
2016-08-25,48.3,49.3,48.25,49.3,2420192
2016-08-26,49.5,49.6,49.0,49.25,1910414
2016-08-29,49.5,49.5,48.7,49.45,1564855
2016-08-30,49.5,49.6,49.2,49.4,1491584
2016-08-31,49.35,49.5,48.7,49.3,3245165
2016-09-01,49.0,49.2,48.7,48.85,1806037
2016-09-02,48.9,49.1,48.35,48.5,2129052
2016-09-05,49.0,49.25,48.75,48.85,1158393
2016-09-06,49.2,49.65,48.85,49.5,2012882
2016-09-07,49.45,49.7,49.05,49.4,3303927
2016-09-08,49.6,50.0,49.45,49.65,3145118
2016-09-09,49.3,49.5,48.8,49.3,2714245
2016-09-10,48.5,49.0,48.5,48.75,852609
2016-09-12,48.75,48.9,48.2,48.2,2810121
2016-09-13,48.7,48.8,47.75,47.75,3387406
2016-09-14,47.7,47.75,47.2,47.3,3496923
2016-09-19,47.3,48.85,47.25,48.65,2692780
2016-09-20,48.15,48.5,48.15,48.4,1302047
2016-09-21,48.25,49.0,48.15,49.0,1369775
2016-09-22,49.5,49.55,48.95,49.25,1807666
2016-09-23,49.3,49.45,49.15,49.35,1799589
2016-09-26,49.25,49.4,48.6,48.6,1581866
2016-09-29,49.1,49.3,48.65,48.8,2809376
2016-09-30,48.8,48.85,48.5,48.5,2381969
2016-10-03,48.55,48.65,48.2,48.2,1030348
2016-10-04,48.5,48.5,48.1,48.2,1125118
2016-10-05,48.3,48.55,48.0,48.55,1404533
2016-10-06,48.55,48.55,48.0,48.05,1721530
2016-10-07,48.05,48.35,48.0,48.15,1508182
2016-10-11,48.85,48.85,47.4,48.0,2546376
2016-10-12,47.75,48.35,47.7,48.3,1483959
2016-10-13,48.5,48.5,48.15,48.5,1903158
2016-10-14,48.5,48.55,48.05,48.3,1716651
2016-10-17,48.3,48.3,47.5,47.6,2062920
2016-10-18,47.55,48.25,47.5,48.1,2118025
2016-10-19,48.1,48.2,47.75,48.0,1356882
2016-10-20,48.0,48.15,47.6,47.8,1295842
2016-10-21,47.6,48.8,47.6,48.1,5181629
2016-10-24,48.5,48.5,47.8,47.85,1295963
2016-10-25,48.0,48.1,47.55,47.55,1497778
2016-10-26,47.55,47.85,47.3,47.3,2447806
2016-10-27,47.3,47.8,47.3,47.35,2184980
2016-10-28,47.3,47.35,46.6,46.65,2939757
2016-10-31,46.5,47.0,45.8,46.75,2613404
2016-11-01,46.3,46.3,45.45,45.45,5447450
2016-11-02,44.8,44.8,43.05,43.05,7401296
2016-11-03,42.2,43.4,42.2,43.0,4219617
2016-11-04,43.0,43.4,42.55,43.35,2315192
2016-11-07,43.55,43.65,43.1,43.3,2013711
2016-11-08,43.35,44.2,43.35,44.15,2265355
2016-11-09,44.5,44.55,42.6,42.7,4202800
2016-11-10,43.5,44.0,43.5,43.75,2406950
2016-11-11,43.9,44.5,43.5,43.7,4086857
2016-11-14,43.7,44.35,43.35,43.85,2553850
2016-11-15,44.3,46.0,44.3,45.2,5396761
2016-11-16,45.35,45.75,44.75,44.75,3548356
2016-11-17,44.7,44.85,43.85,44.4,3514898
2016-11-18,44.1,44.5,44.05,44.2,1664212
2016-11-21,44.0,44.65,43.95,44.45,1187833
2016-11-22,44.85,45.8,44.85,45.65,3404649
2016-11-23,45.85,46.0,45.45,45.5,2132054
2016-11-24,45.8,45.8,45.3,45.5,828355
2016-11-25,45.6,46.0,45.5,45.85,1634103
2016-11-28,46.05,46.95,45.9,46.55,2690929
2016-11-29,46.8,47.35,46.0,46.0,5885367
2016-11-30,46.5,47.85,46.4,47.8,9876393
2016-12-01,47.7,47.7,46.9,47.45,3160193
2016-12-02,47.1,47.35,46.85,46.95,1784108
2016-12-05,47.2,47.45,46.6,46.6,1756922
2016-12-06,46.6,47.15,46.6,46.8,1759270
2016-12-07,46.9,47.1,46.8,46.8,796601
2016-12-08,47.0,47.8,46.9,47.7,3568809
2016-12-09,47.7,47.7,47.1,47.35,1894451
2016-12-12,47.0,47.0,46.3,46.3,2279426
2016-12-13,46.05,46.75,46.05,46.55,2554171
2016-12-14,46.55,46.8,46.0,46.0,1302198
2016-12-15,46.0,46.3,45.85,46.15,1126526
2016-12-16,45.8,46.1,45.3,45.45,2731175
2016-12-19,45.7,46.1,45.6,45.65,1152618
2016-12-20,45.8,45.95,45.4,45.5,1077338
2016-12-21,46.6,46.6,45.4,45.45,1448239
2016-12-22,45.45,45.45,44.8,44.8,1966905
2016-12-23,45.1,45.1,44.7,44.7,1134944
2016-12-26,45.35,45.35,44.95,45.1,558553
2016-12-27,45.35,45.35,44.65,44.7,1104985
2016-12-28,44.75,45.0,44.65,44.9,1345199
2016-12-29,44.85,45.1,44.65,44.65,1676337
2016-12-30,45.3,45.4,44.9,45.4,1746720
2017-01-03,45.5,45.65,45.05,45.3,701409
2017-01-04,45.5,45.85,45.35,45.55,1123121
2017-01-05,45.5,45.8,45.5,45.8,1057875
2017-01-06,45.95,46.25,45.8,46.1,2466056
2017-01-09,46.2,46.25,46.0,46.05,961519
2017-01-10,46.0,46.0,45.8,45.9,1013372
2017-01-11,45.8,46.05,45.55,46.0,1220224
2017-01-12,46.15,46.85,46.1,46.85,3227277
2017-01-13,46.95,46.95,46.2,46.75,1247828
2017-01-16,46.7,46.7,46.05,46.1,554609
2017-01-17,46.1,46.5,46.1,46.4,579021
2017-01-18,46.5,46.5,46.0,46.05,1185291
2017-01-19,46.3,46.4,45.9,46.3,917429
2017-01-20,46.2,46.3,46.05,46.05,606234
2017-01-23,46.3,46.55,46.25,46.5,1240314
2017-01-24,46.5,46.75,46.3,46.65,1392758
2017-02-02,46.7,46.9,46.1,46.1,3061307
2017-02-03,46.15,46.7,46.1,46.7,1802741
2017-02-06,46.9,49.6,46.9,48.85,9126712
2017-02-07,48.8,48.8,47.8,48.45,3639552
2017-02-08,48.3,48.55,47.95,48.0,3287542
2017-02-09,47.85,48.2,47.75,48.2,2572910
2017-02-10,48.4,48.5,47.65,48.5,4709854
2017-02-13,48.4,48.45,48.0,48.25,2047233
2017-02-14,48.5,48.7,48.1,48.25,3025733
2017-02-15,49.0,49.45,48.85,49.05,6395402
2017-02-16,49.6,49.6,48.85,49.15,3489400
2017-02-17,49.15,49.35,49.0,49.2,2576010
2017-02-18,49.4,49.4,49.0,49.2,909925
2017-02-20,49.4,49.4,48.5,48.5,1874566
2017-02-21,48.6,49.3,48.5,49.1,2406039
2017-02-22,49.3,49.5,49.2,49.3,2215534
2017-02-23,49.5,49.8,49.3,49.75,3328472
2017-02-24,49.9,49.9,49.3,49.9,3408698
2017-03-01,50.2,51.6,50.1,50.8,6203123
2017-03-02,51.5,51.7,50.3,50.3,5517577
2017-03-03,50.5,51.0,50.3,50.6,3067195
2017-03-06,50.8,51.0,50.2,50.2,2054999
2017-03-07,50.3,51.7,50.3,51.2,4358432
2017-03-08,51.4,51.5,50.8,51.0,3060767
2017-03-09,51.1,51.2,50.2,50.8,3699143
2017-03-10,51.2,51.2,50.2,50.7,2769060
2017-03-13,50.5,50.6,50.0,50.4,2489796
2017-03-14,50.7,51.0,50.2,50.7,2118657
2017-03-15,50.7,50.7,50.3,50.5,1050175
2017-03-16,50.8,50.9,50.5,50.7,1647248
2017-03-17,50.9,51.5,50.7,51.1,6801543
2017-03-20,51.5,51.6,50.9,51.0,1841503
2017-03-21,51.0,51.4,50.9,51.3,3322213
2017-03-22,51.3,52.6,50.7,52.5,6283195
2017-03-23,52.8,54.6,52.8,53.9,8936888
2017-03-24,54.6,55.0,53.7,53.9,5168002
2017-03-27,53.9,54.0,52.0,52.5,6853411
2017-03-28,52.9,53.4,52.0,52.9,3810197
2017-03-29,53.1,53.3,52.5,53.0,3717843
2017-03-30,53.0,53.2,52.6,52.6,3037293
2017-03-31,52.9,53.6,52.6,53.3,4274469
2017-04-05,53.5,53.5,52.6,52.6,5051110
2017-04-06,52.8,53.0,52.5,52.6,4043573
2017-04-07,52.6,52.7,52.0,52.1,3709752
2017-04-10,52.2,52.4,52.0,52.1,1855337
2017-04-11,52.0,52.2,51.0,51.4,2735874
2017-04-12,51.2,51.2,50.6,50.7,3826818
2017-04-13,50.7,51.7,50.7,51.7,2068318
2017-04-14,51.2,51.3,50.8,50.8,1749282
2017-04-17,50.8,51.3,50.7,50.8,1319406
2017-04-18,50.9,51.4,50.9,51.3,1434764
2017-04-19,50.7,50.9,50.1,50.1,3672476
2017-04-20,50.0,50.7,50.0,50.2,2226169
2017-04-21,50.3,50.9,50.0,50.0,2529102
2017-04-24,50.2,50.3,50.0,50.2,893302
2017-04-25,50.1,50.6,50.0,50.4,3478123
2017-04-26,50.6,50.7,50.2,50.4,3373840
2017-04-27,50.4,50.6,50.3,50.4,1523436
2017-04-28,50.5,50.9,50.4,50.9,1902258
2017-05-02,50.9,51.0,50.6,51.0,1644195
2017-05-03,51.0,51.0,50.7,51.0,1126750
2017-05-04,50.8,51.0,50.6,50.9,1300243
2017-05-05,50.9,50.9,50.5,50.7,1176190
2017-05-08,51.0,51.0,50.3,50.4,1430725
2017-05-09,50.4,50.5,50.0,50.3,2759464
2017-05-10,50.3,50.3,50.0,50.3,2337444
2017-05-11,50.3,50.9,50.2,50.9,1782045
2017-05-12,51.0,51.0,50.3,50.6,1787050
2017-05-15,50.4,50.5,50.1,50.2,1961371
2017-05-16,50.2,50.4,50.0,50.1,2683139
2017-05-17,50.3,50.3,50.0,50.2,3079824
2017-05-18,50.1,50.1,49.95,50.0,3609209
2017-05-19,50.0,50.3,50.0,50.1,2132703
2017-05-22,50.5,51.0,50.2,50.6,2104556
2017-05-23,50.4,50.6,50.2,50.3,1283472
2017-05-24,50.1,50.2,50.0,50.0,3588471
2017-05-25,50.0,50.4,50.0,50.4,3106521
2017-05-26,50.4,50.4,50.0,50.1,3653490
2017-05-31,50.1,50.2,49.5,49.65,4313660
2017-06-01,49.65,49.9,49.6,49.9,1755795
2017-06-02,50.0,50.1,49.6,50.1,2318184
2017-06-03,50.0,50.3,49.9,50.3,669799
2017-06-05,50.4,50.5,50.2,50.4,2875005
2017-06-06,50.4,50.5,50.1,50.3,2599073
2017-06-07,50.3,50.5,50.0,50.3,2465406
2017-06-08,50.3,50.6,50.1,50.6,2999392
2017-06-09,50.4,50.6,50.1,50.1,2797155
2017-06-12,49.95,50.2,49.85,49.95,1758162
2017-06-13,50.1,50.4,50.0,50.3,1422254
2017-06-14,50.3,50.4,49.8,49.95,2871644
2017-06-15,49.95,50.1,49.75,49.95,1981189
2017-06-16,50.0,50.5,49.95,50.5,2758308
2017-06-19,50.5,50.5,50.1,50.4,2448159
2017-06-20,50.4,50.4,50.1,50.2,1693350
2017-06-21,50.2,50.7,50.1,50.7,3811663
2017-06-22,50.7,50.7,50.3,50.5,1182501
2017-06-23,50.5,50.5,50.1,50.1,1346053
2017-06-26,50.5,50.5,50.1,50.4,2501876
2017-06-27,50.5,50.7,50.1,50.6,2588552
2017-06-28,50.3,50.8,50.3,50.5,2908346
2017-06-29,50.7,50.7,50.5,50.6,1570795
2017-06-30,50.6,50.6,50.3,50.4,1425211
2017-07-03,50.4,50.7,50.2,50.6,2305328
2017-07-04,50.6,51.6,50.5,51.0,2845591
2017-07-05,51.3,51.4,50.6,51.3,2506133
2017-07-06,51.3,51.3,50.7,50.7,3034286
2017-07-07,50.6,50.6,50.4,50.4,1552796
2017-07-10,50.5,50.6,50.2,50.3,1882924
2017-07-11,50.2,50.5,50.2,50.4,2557620
2017-07-12,50.5,50.6,50.2,50.4,6671942
2017-07-13,50.5,50.7,50.4,50.5,3407863
2017-07-14,50.6,50.8,50.4,50.6,2929714
2017-07-17,50.7,50.9,50.7,50.8,1243832
2017-07-18,50.8,50.9,50.7,50.7,1812000
2017-07-19,50.7,50.8,50.6,50.7,1982276
2017-07-20,50.7,50.8,50.5,50.5,1762472
2017-07-21,50.5,50.6,50.4,50.5,1126084
2017-07-24,50.5,50.5,50.3,50.5,1875767
2017-07-25,50.4,50.6,50.3,50.5,2313568
2017-07-26,50.5,50.5,50.2,50.2,3437059
2017-07-27,50.2,50.5,50.2,50.4,2284998
2017-07-28,50.3,50.4,50.1,50.2,1704540
2017-07-31,50.4,50.4,50.0,50.0,2672728
2017-08-01,50.0,50.1,49.65,49.65,3608713
2017-08-02,49.7,49.8,48.8,49.0,5116572
2017-08-03,49.0,49.0,48.5,48.5,3242072
2017-08-04,48.1,48.3,47.1,47.6,5558297
2017-08-07,47.55,47.6,47.25,47.6,3519185
2017-08-08,47.85,48.65,47.65,48.55,6066608
2017-08-09,48.5,48.5,47.5,47.55,4613909
2017-08-10,47.55,47.65,46.7,47.0,3748392
2017-08-11,46.55,47.0,46.5,46.9,1582673
2017-08-14,47.0,47.0,46.35,46.35,2339562
2017-08-15,46.45,46.95,46.25,46.8,2243459
2017-08-16,46.9,47.0,46.8,47.0,2336769
2017-08-17,47.3,47.8,47.25,47.65,3373034
2017-08-18,47.55,47.55,47.1,47.2,2588980
2017-08-21,47.2,47.4,47.05,47.2,1552745
2017-08-22,47.25,47.75,46.95,47.3,2203040
2017-08-23,47.4,47.9,47.4,47.8,2162171
2017-08-24,47.85,47.95,47.6,47.95,1738180
2017-08-25,47.95,48.0,47.85,47.9,1590335
2017-08-28,47.9,47.9,47.5,47.9,1880318
2017-08-29,47.9,47.9,47.5,47.7,3287031
2017-08-30,47.7,48.3,47.7,48.0,3762076
2017-08-31,48.15,48.25,48.0,48.0,3673346
2017-09-01,48.1,48.3,48.1,48.3,2799062
2017-09-04,48.3,48.65,48.2,48.6,13030224
2017-09-05,48.8,49.2,48.8,49.1,16183831
2017-09-06,49.1,49.1,48.6,48.7,19691420
2017-09-07,47.5,48.5,47.5,48.2,20746189
2017-09-08,47.75,48.15,47.75,48.05,12796548
2017-09-11,43.1,44.0,42.8,43.75,18250019
2017-09-12,44.2,44.45,43.2,43.55,5300281
2017-09-13,43.55,43.75,43.2,43.75,2730842
2017-09-14,43.85,44.0,43.75,43.85,1984325
2017-09-15,43.85,43.9,43.35,43.65,2227643
2017-09-18,43.65,43.7,43.4,43.55,1516082
2017-09-19,43.55,43.55,43.05,43.1,1938088
2017-09-20,43.1,43.4,43.0,43.3,2540038
2017-09-21,43.3,43.3,43.0,43.0,2110634
2017-09-22,43.0,43.2,42.1,42.3,3331443
2017-09-25,42.2,42.25,41.0,41.15,4601345
2017-09-26,41.15,41.15,40.0,40.0,3838116
2017-09-27,40.0,40.4,40.0,40.0,2685885
2017-09-28,40.0,40.0,39.1,39.2,3329750
2017-09-29,39.2,40.4,38.6,40.25,5140889
2017-09-30,40.5,41.15,40.5,41.1,8727594
2017-10-02,41.3,41.3,40.2,40.25,2768042
2017-10-03,40.25,40.75,40.05,40.15,1499027
2017-10-05,40.15,40.5,40.15,40.25,1380610
2017-10-06,40.45,40.5,40.1,40.2,1647648
2017-10-11,40.0,40.45,39.75,40.1,3330848
2017-10-12,40.15,40.2,39.9,40.05,2688001
2017-10-13,40.1,40.65,40.1,40.65,1899066
2017-10-16,40.8,41.1,40.2,40.5,2297439
2017-10-17,40.5,40.5,40.05,40.1,1557996
2017-10-18,40.05,40.5,39.9,40.5,2705962
2017-10-19,40.5,40.5,40.0,40.2,2177789
2017-10-20,40.2,40.4,40.0,40.4,2721863
2017-10-23,40.4,40.4,40.1,40.2,1034352
2017-10-24,40.2,40.3,40.05,40.1,1144642
2017-10-25,40.2,40.4,40.05,40.1,1162909
2017-10-26,40.3,40.5,40.1,40.1,15742462
2017-10-27,40.5,40.8,40.5,40.6,2908839
2017-10-30,40.65,40.85,40.2,40.2,17009547
2017-10-31,40.3,40.65,40.25,40.3,1538267
2017-11-01,40.55,40.6,40.35,40.5,1209147
2017-11-02,40.5,41.55,40.5,40.9,3099899
2017-11-03,41.35,41.35,40.95,41.0,2357659
2017-11-06,41.0,41.2,41.0,41.0,1717518
2017-11-07,41.0,41.15,41.0,41.0,1188685
2017-11-08,41.0,41.15,40.55,40.55,1967521
2017-11-09,40.6,40.7,40.3,40.45,1733980
2017-11-10,40.2,40.45,40.2,40.2,15005689
2017-11-13,40.15,40.15,39.85,39.9,2345502
2017-11-14,40.0,40.3,39.85,40.0,1667783
2017-11-15,40.0,40.7,39.9,40.55,2588996
2017-11-16,40.4,40.4,40.05,40.05,1141112
2017-11-17,40.15,40.4,40.05,40.1,1460801
2017-11-20,40.4,40.4,40.05,40.1,1421649
2017-11-21,40.4,40.4,40.1,40.1,1429080
2017-11-22,40.1,40.25,40.05,40.1,2842776
2017-11-23,40.1,40.45,40.1,40.25,1037097
2017-11-24,40.35,40.35,40.1,40.1,1172733
2017-11-27,40.1,40.3,40.1,40.1,819325
2017-11-28,40.1,40.2,40.0,40.0,2162094
2017-11-29,40.05,40.35,39.95,39.95,1612424
2017-11-30,40.0,40.2,39.45,39.9,4979857
2017-12-01,39.9,39.95,39.55,39.65,1409647
2017-12-04,39.65,39.9,39.5,39.75,1667592
2017-12-05,39.75,39.9,39.6,39.85,1258244
2017-12-06,39.9,39.9,39.65,39.8,1354565
2017-12-07,39.8,39.85,39.4,39.55,1760159
2017-12-08,39.4,39.85,39.4,39.6,1370721
2017-12-11,39.6,40.05,39.6,39.85,1282266
2017-12-12,39.75,40.0,39.65,39.8,1343807
2017-12-13,39.6,40.6,39.6,40.55,3087575
2017-12-14,40.9,40.95,40.5,40.95,4018830
2017-12-15,40.95,42.25,40.95,41.5,10791562
2017-12-18,41.95,42.2,41.75,42.0,3378287
2017-12-19,42.2,42.25,41.35,41.4,2855397
2017-12-20,41.6,42.05,41.6,41.9,2512506
2017-12-21,41.65,41.9,41.65,41.7,1334247
2017-12-22,41.7,41.9,41.65,41.75,1157216
2017-12-25,41.85,42.3,41.8,42.0,2143479
2017-12-26,42.05,42.2,41.8,41.8,1252131
2017-12-27,41.7,41.8,41.55,41.7,930373
2017-12-28,41.75,42.15,41.75,41.9,1380019
2017-12-29,42.0,42.3,42.0,42.3,2180799
2018-01-02,42.35,43.15,42.1,43.15,3729147
2018-01-03,43.3,43.4,42.7,43.15,3457737
2018-01-04,43.15,43.2,42.5,42.65,2821472
2018-01-05,42.65,43.1,42.5,43.1,1795238
2018-01-08,43.1,43.4,43.0,43.4,2791085
2018-01-09,43.4,43.4,42.85,43.15,2719392
2018-01-10,43.15,43.15,42.75,42.75,1459764
2018-01-11,42.7,43.0,42.2,42.45,2246750
2018-01-12,42.5,42.8,42.5,42.8,1359862
2018-01-15,42.95,43.0,42.45,42.85,1471896
2018-01-16,42.85,42.85,42.6,42.6,1466306
2018-01-17,42.65,43.15,42.45,43.05,2863022
2018-01-18,43.4,43.5,42.7,42.8,2096381
2018-01-19,42.8,42.85,42.55,42.85,1538745
2018-01-22,43.0,43.2,42.85,43.05,1800964
2018-01-23,43.55,45.35,43.55,44.95,8316578
2018-01-24,45.0,45.3,44.25,45.0,4601489
2018-01-25,45.1,46.2,45.1,45.4,5916190
2018-01-26,45.5,46.5,45.45,46.45,7930703
2018-01-29,46.95,47.0,45.8,46.5,3696242
2018-01-30,46.5,46.5,45.5,45.55,3383814
2018-01-31,45.25,46.2,44.85,45.8,3788662
2018-02-01,46.0,46.3,45.55,45.55,1993281
2018-02-02,45.25,45.65,45.25,45.6,1314892
2018-02-05,44.7,44.9,44.4,44.85,2040660
2018-02-06,42.6,43.55,41.25,42.2,7439726
2018-02-07,43.0,44.9,43.0,44.2,6615754
2018-02-08,44.9,44.9,43.7,44.1,2437258
2018-02-09,42.45,43.75,42.45,43.55,2663377
2018-02-12,43.65,43.95,43.2,43.6,2250943
2018-02-21,44.0,44.95,44.0,44.7,2301044
2018-02-22,44.6,44.65,44.0,44.4,1584080
2018-02-23,44.5,44.95,44.5,44.75,1259929
2018-02-26,44.85,45.0,44.65,44.95,1348646
2018-02-27,45.1,45.2,44.1,44.15,1969401
2018-03-01,43.35,44.65,43.35,44.65,2578376
2018-03-02,44.0,44.45,43.85,44.0,2062629
2018-03-05,44.15,45.2,44.05,44.25,1861596
2018-03-06,44.55,44.65,44.2,44.35,1060508
2018-03-07,44.1,44.4,43.8,44.1,1299879
2018-03-08,44.2,44.4,44.05,44.15,890842
2018-03-09,44.3,44.4,44.15,44.4,862200
2018-03-12,44.5,45.35,44.5,44.95,3349553
2018-03-13,45.15,45.2,44.5,45.05,1768784
2018-03-14,45.05,45.5,45.05,45.5,2716671
2018-03-15,45.5,45.85,45.2,45.5,1763332
2018-03-16,45.5,45.55,44.25,44.6,5079068
2018-03-19,45.0,45.45,44.6,44.9,1667957
2018-03-20,44.65,44.9,44.35,44.9,2259260
2018-03-21,44.85,45.0,44.6,44.95,1570087
2018-03-22,44.95,45.55,44.9,45.1,2176531
2018-03-23,44.5,44.95,44.3,44.75,2729332
2018-03-26,44.6,44.95,44.5,44.85,1359196
2018-03-27,44.9,45.6,44.9,45.4,3173782
2018-03-28,45.4,45.4,45.0,45.3,1402127
2018-03-29,45.1,45.35,44.85,44.9,2257512
2018-03-30,45.3,45.3,44.9,45.0,1289865
2018-03-31,45.0,45.4,45.0,45.15,1040426
2018-04-02,45.25,45.45,45.25,45.3,1510086
2018-04-03,45.2,45.3,44.9,45.2,2104368
2018-04-09,45.2,45.3,44.5,44.8,3358742
2018-04-10,44.65,45.45,44.5,45.4,3277933
2018-04-11,45.6,46.3,45.5,45.7,3154429
2018-04-12,45.3,45.6,45.3,45.55,1812408
2018-04-13,45.6,45.7,45.05,45.15,2089462
2018-04-16,45.0,45.1,44.8,44.85,1782001
2018-04-17,44.85,44.9,44.3,44.55,2649482
2018-04-18,44.6,45.0,44.4,44.45,1998856
2018-04-19,44.55,45.15,44.55,45.1,1901568
2018-04-20,45.1,45.3,44.85,45.3,1893052
2018-04-23,45.5,45.9,45.4,45.6,3687621
2018-04-24,45.55,45.7,45.2,45.2,2404091
2018-04-25,45.0,45.4,44.9,45.2,1754659
2018-04-26,45.25,45.7,45.15,45.15,1825358
2018-04-27,45.2,45.45,45.15,45.45,1381071
2018-04-30,45.55,45.8,45.4,45.8,2229961
2018-05-02,45.95,46.7,45.95,46.0,4487323
2018-05-03,46.0,46.05,45.5,45.5,2173608
2018-05-04,45.4,45.6,45.2,45.35,1694473
2018-05-07,45.45,45.45,45.15,45.2,1464942
2018-05-08,45.1,45.6,45.1,45.4,1519630
2018-05-09,45.55,45.55,45.05,45.05,2050731
2018-05-10,45.3,45.45,45.1,45.15,1467592
2018-05-11,45.45,45.5,45.1,45.3,1368896
2018-05-14,45.55,46.3,45.35,45.75,4001303
2018-05-15,45.5,45.5,45.1,45.5,2846134
2018-05-16,45.5,45.85,45.3,45.6,1581857
2018-05-17,45.7,45.9,45.55,45.65,2279147
2018-05-18,45.8,46.0,45.8,45.9,2133110
2018-05-21,46.3,46.4,46.1,46.25,2230912
2018-05-22,46.3,46.35,46.0,46.05,1739061
2018-05-23,46.3,46.3,45.8,45.9,1636116
2018-05-24,46.2,46.3,45.9,46.3,1974806
2018-05-25,46.1,46.25,45.9,46.0,1730630
2018-05-28,46.0,46.1,45.6,45.65,2011485
2018-05-29,45.6,46.3,45.3,46.15,2864176
2018-05-30,46.15,46.15,45.5,45.5,3814746
2018-05-31,45.7,46.05,45.4,45.4,6616688
2018-06-01,45.6,46.35,45.6,46.3,3606614
2018-06-04,46.3,46.8,46.2,46.6,3598073
2018-06-05,46.6,46.8,46.25,46.8,2942163
2018-06-06,46.85,47.9,46.7,47.85,7299328
2018-06-07,48.0,48.0,47.35,47.45,3518670
2018-06-08,47.5,47.8,47.15,47.6,3061068
2018-06-11,47.75,48.5,47.6,47.6,4705277
2018-06-12,47.85,47.85,47.3,47.65,2347989
2018-06-13,47.9,47.9,47.15,47.25,2016512
2018-06-14,47.35,47.35,46.3,46.35,4300912
2018-06-15,46.35,47.0,45.85,45.9,8868315
2018-06-19,45.8,46.35,45.7,46.2,3419185
2018-06-20,46.2,46.3,45.9,46.25,1664322
2018-06-21,46.2,46.2,46.0,46.15,1318345
2018-06-22,46.05,46.15,45.5,45.7,2563595
2018-06-25,45.75,46.25,45.7,45.8,2130486
2018-06-26,45.8,45.9,45.45,45.5,1607969
2018-06-27,45.5,45.65,45.1,45.15,1927860
2018-06-28,45.2,45.2,44.35,44.6,3540543
2018-06-29,44.65,45.25,44.5,45.25,2207101
2018-07-02,45.25,45.3,44.5,44.55,2276102
2018-07-03,44.55,44.65,44.2,44.2,2590611
2018-07-04,44.0,44.65,44.0,44.45,887831
2018-07-05,44.5,44.5,44.0,44.0,1829077
2018-07-06,44.05,44.2,43.4,43.95,1706029
2018-07-09,44.1,45.0,44.0,44.8,1449875
2018-07-10,45.2,45.4,44.85,44.85,1928360
2018-07-11,44.8,45.3,44.6,45.0,1403566
2018-07-12,45.3,45.8,44.95,45.5,1397009
2018-07-13,45.6,45.8,45.3,45.6,742346
2018-07-16,45.6,45.9,45.35,45.4,870366
2018-07-17,45.4,45.8,45.2,45.4,858468
2018-07-18,45.65,46.2,45.4,46.15,2269980
2018-07-19,46.3,46.4,45.6,45.65,1534241
2018-07-20,45.75,46.1,45.7,45.85,792897
2018-07-23,45.85,46.05,45.6,45.8,996425
2018-07-24,45.7,45.9,45.65,45.7,916186
2018-07-25,45.75,45.85,45.7,45.8,975070
2018-07-26,46.0,46.05,45.8,45.95,1011042
2018-07-27,46.05,46.25,45.85,46.2,1570054
2018-07-30,46.2,46.4,46.15,46.4,1438117
2018-07-31,46.5,47.3,46.4,47.3,3580570
2018-08-01,47.5,47.6,46.9,47.2,2136315
2018-08-02,47.2,47.3,46.75,46.9,1989560
2018-08-03,47.05,47.4,47.0,47.35,1930858
2018-08-06,47.35,47.45,47.2,47.35,1191233
2018-08-07,47.5,47.7,47.5,47.65,2605378
2018-08-08,47.65,47.95,47.65,47.9,7054141
2018-08-09,48.05,48.5,48.05,48.3,3299881
2018-08-10,48.0,48.05,47.55,48.0,2420690
2018-08-13,48.0,48.0,46.9,47.5,11154175
2018-08-14,47.5,48.2,47.4,47.65,14326658
2018-08-15,47.95,48.4,47.85,48.0,4003476
2018-08-16,47.7,48.0,47.7,47.9,1731868
2018-08-17,48.05,48.2,47.75,47.8,2082415
2018-08-20,47.8,48.05,47.5,47.7,1550603
2018-08-21,47.9,48.2,47.8,48.2,2378455
2018-08-22,48.35,48.75,48.3,48.35,3063207
2018-08-23,48.5,48.5,48.25,48.4,1211456
2018-08-24,48.4,48.55,48.15,48.5,1719846
2018-08-27,48.5,48.5,48.2,48.35,1756117
2018-08-28,48.45,48.7,48.3,48.6,2774598
2018-08-29,48.7,49.0,48.6,48.95,3828877
2018-08-30,49.0,49.3,49.0,49.3,3158322
2018-08-31,49.45,49.9,49.2,49.9,5424079
2018-09-03,50.0,50.3,49.9,50.0,5065570
2018-09-04,50.1,50.3,49.6,49.95,14837254
2018-09-05,49.9,49.9,48.4,48.8,23172755
2018-09-06,49.0,49.45,48.95,49.15,43572981
2018-09-07,45.8,45.8,45.1,45.1,43194232
2018-09-10,45.15,45.35,44.5,44.6,24141712
2018-09-11,44.5,45.4,44.5,45.4,12550755
2018-09-12,45.6,47.1,45.6,46.9,5562506
2018-09-13,47.0,47.75,47.0,47.65,4509391
2018-09-14,48.05,48.1,47.0,47.5,3340041
2018-09-17,47.5,47.7,47.05,47.5,2032137
2018-09-18,47.5,47.65,47.15,47.5,1613845
2018-09-19,47.6,48.3,47.55,48.15,3382065
2018-09-20,48.25,48.4,47.7,48.2,3398326
2018-09-21,48.4,48.7,48.25,48.7,4469375
2018-09-25,48.7,49.0,48.2,48.35,2529344
2018-09-26,48.3,48.65,47.45,47.45,2457830
2018-09-27,47.5,48.0,47.5,48.0,2187490
2018-09-28,48.2,48.4,48.0,48.4,2668555
2018-10-01,48.4,48.6,48.1,48.2,2436025
2018-10-02,48.3,48.4,48.05,48.35,1964521
2018-10-03,48.35,48.45,48.1,48.15,1041793
2018-10-04,47.9,47.95,47.65,47.75,2906729
2018-10-05,47.5,47.5,46.25,46.75,3042445
2018-10-08,46.75,47.5,46.6,47.1,2765288
2018-10-09,46.8,47.05,46.35,46.65,2859900
2018-10-11,45.55,46.1,45.1,45.6,8762950
2018-10-12,45.0,46.55,44.85,46.25,3308215
2018-10-15,45.7,45.85,45.2,45.25,3736422
2018-10-16,45.25,45.95,45.15,45.9,2869234
2018-10-17,45.6,46.2,45.6,45.85,2699794
2018-10-18,45.85,46.0,45.5,45.9,1628284
2018-10-19,45.8,45.9,44.9,45.9,6018534
2018-10-22,45.8,45.9,45.2,45.5,2789864
2018-10-23,45.2,45.9,45.15,45.4,2715093
2018-10-24,45.4,45.45,45.0,45.4,1590640
2018-10-25,45.0,45.2,44.65,45.0,2873489
2018-10-26,45.1,45.4,44.05,44.4,2455147
2018-10-29,44.4,45.5,44.15,44.6,1860355
2018-10-30,44.75,44.75,44.3,44.45,1082162
2018-10-31,44.7,45.35,44.55,45.35,1900908
2018-11-01,45.2,45.4,45.0,45.3,1488555
2018-11-02,45.6,46.2,45.25,46.2,2123024
2018-11-05,45.85,46.0,45.3,45.85,2004463
2018-11-06,46.0,46.8,45.9,46.55,1708215
2018-11-07,46.7,46.9,46.15,46.4,1501892
2018-11-08,46.55,46.7,46.25,46.7,2010726
2018-11-09,46.3,46.6,46.1,46.2,772112
2018-11-12,46.6,46.6,46.05,46.6,1518552
2018-11-13,46.0,46.8,45.85,46.8,1695696
2018-11-14,46.5,46.8,46.0,46.45,1638730
2018-11-15,46.45,46.55,46.15,46.55,1157127
2018-11-16,46.75,46.75,46.35,46.55,1069226
2018-11-19,46.55,46.6,46.2,46.45,791849
2018-11-20,46.25,46.25,45.85,45.85,1311050
2018-11-21,45.85,46.3,45.6,46.25,1306132
2018-11-22,46.3,46.3,45.75,45.95,923250
2018-11-23,45.85,46.1,45.5,45.9,1125650
2018-11-26,47.05,47.9,46.05,46.2,5286080
2018-11-27,46.55,46.55,46.05,46.25,1451509
2018-11-28,46.3,46.7,46.05,46.7,1465897
2018-11-29,47.0,47.05,46.5,46.5,1811970
2018-11-30,46.75,46.95,46.5,46.9,2784538
2018-12-03,47.2,47.3,46.95,47.1,1772457
2018-12-04,47.0,47.1,46.6,46.7,2325667
2018-12-05,46.3,46.45,46.2,46.35,1459165
2018-12-06,46.35,46.35,45.6,45.65,2076018
2018-12-07,46.1,46.3,45.8,46.3,616657
2018-12-10,45.8,46.3,45.6,45.6,1417001
2018-12-11,45.75,46.4,45.65,46.0,1279435
2018-12-12,46.0,46.5,45.75,46.25,1904031
2018-12-13,46.15,46.7,46.15,46.7,1819242
2018-12-14,46.85,46.85,46.2,46.45,1870729
2018-12-17,46.75,46.75,46.1,46.1,1685943
2018-12-18,46.05,46.45,45.95,46.15,2374310
2018-12-19,46.3,46.3,45.95,46.25,1488388
2018-12-20,45.95,46.8,45.95,46.45,1905065
2018-12-21,46.5,46.5,45.4,46.15,5814606
2018-12-22,45.8,46.1,45.75,45.9,376693
2018-12-24,45.8,45.8,44.8,44.9,5417785
2018-12-25,44.45,44.5,43.9,43.9,5187838
2018-12-26,44.05,44.4,43.9,44.15,2128533
2018-12-27,44.6,44.65,44.0,44.4,3170060
2018-12-28,44.4,45.2,44.25,45.0,1954228
2019-01-02,45.35,45.4,44.5,44.5,1206000
2019-01-03,44.9,45.45,44.6,45.05,1597580
2019-01-04,44.75,45.4,44.7,45.25,1872877
2019-01-07,45.65,45.65,45.3,45.6,1730330
2019-01-08,45.6,45.65,45.15,45.15,1346416
2019-01-09,45.6,46.25,45.6,46.1,2954825
2019-01-10,46.2,46.4,45.75,46.35,2020482
2019-01-11,46.4,46.5,45.95,46.3,1199612
2019-01-14,46.3,46.4,46.05,46.25,991219
2019-01-15,46.25,46.6,46.1,46.6,1733579
2019-01-16,46.5,46.7,46.3,46.6,1129894
2019-01-17,46.6,46.7,46.3,46.5,1492807
2019-01-18,46.4,46.65,46.4,46.6,1453138
2019-01-21,46.85,46.95,46.7,46.85,1354027
2019-01-22,46.85,46.9,46.65,46.9,1302466
2019-01-23,46.7,46.9,46.65,46.9,1275273
2019-01-24,46.9,47.5,46.9,47.45,2895558
2019-01-25,47.5,47.6,47.25,47.6,2829348
2019-01-28,47.9,48.0,47.8,47.95,2809313
2019-01-29,47.9,47.9,47.3,47.8,3670169
2019-01-30,47.8,47.95,47.65,47.95,1649173
2019-02-11,48.1,48.8,47.7,48.4,3934861
2019-02-12,48.6,48.8,48.2,48.45,1730222
2019-02-13,48.45,48.45,47.65,47.65,4122806
2019-02-14,47.4,47.65,47.3,47.3,1818587
2019-02-15,47.3,47.4,46.9,47.2,1587047
2019-02-18,47.3,47.75,47.3,47.7,1415310
2019-02-19,47.8,47.95,47.75,47.9,904685
2019-02-20,48.0,48.1,47.75,48.05,2250977
2019-02-21,48.1,48.1,47.75,48.0,1378982
2019-02-22,47.8,47.95,47.55,47.95,1477277
2019-02-25,47.95,48.0,47.8,47.95,925386
2019-02-26,47.9,48.0,47.6,47.6,1676726
2019-02-27,47.6,47.75,47.35,47.75,1741237
2019-03-04,47.9,47.9,47.3,47.5,1705942
2019-03-05,47.5,47.65,47.3,47.5,1155415
2019-03-06,47.5,47.8,47.4,47.55,1160783
2019-03-07,47.65,47.8,47.5,47.5,1496805
2019-03-08,47.5,47.8,47.45,47.65,1140836
2019-03-11,47.85,48.45,47.8,47.9,3222868
2019-03-12,48.05,48.1,47.5,47.5,4036996
2019-03-13,47.5,47.65,47.3,47.4,3055740
2019-03-14,47.45,47.7,47.35,47.5,2311368
2019-03-15,47.75,48.25,47.6,48.2,19578673
2019-03-18,48.45,48.55,48.3,48.55,2861442
2019-03-19,48.8,49.4,48.8,48.9,4828713
2019-03-20,48.55,48.8,48.15,48.7,4901945
2019-03-21,48.85,49.4,48.85,49.35,4062957
2019-03-22,49.75,49.75,49.0,49.25,3557678
2019-03-25,49.0,49.45,48.75,49.25,2910850
2019-03-26,49.6,49.6,49.3,49.45,1851803
2019-03-27,49.6,49.95,49.5,49.75,3593183
2019-03-28,49.75,49.85,49.6,49.85,1973832
2019-03-29,49.95,50.8,49.8,50.8,7076271
2019-04-01,51.0,52.2,50.4,50.9,5803646
2019-04-02,51.0,51.1,50.3,50.8,2396337
2019-04-03,50.7,50.8,50.3,50.5,1835362
2019-04-08,50.5,50.7,50.3,50.6,2130979
2019-04-09,50.6,50.7,50.2,50.2,1492502
2019-04-10,50.2,50.2,49.5,49.9,3291671
2019-04-11,49.85,49.85,49.3,49.4,2177915
2019-04-12,49.3,49.4,48.9,49.1,2005362
2019-04-15,49.3,49.7,49.2,49.5,1634196
2019-04-16,49.8,49.8,49.15,49.4,2002644
2019-04-17,49.25,49.25,49.05,49.15,1638328
2019-04-18,49.2,49.2,48.45,48.6,3410348
2019-04-19,48.7,49.4,48.7,48.9,1191167
2019-04-22,48.95,49.0,48.65,48.75,994587
2019-04-23,48.75,48.95,48.5,48.95,1029721
2019-04-24,48.95,49.1,48.65,48.65,1496500
2019-04-25,48.65,49.0,48.6,49.0,998623
2019-04-26,48.95,48.95,48.6,48.8,1208063
2019-04-29,48.85,49.2,48.8,49.2,1464461
2019-04-30,49.55,49.6,49.05,49.45,1898038
2019-05-02,49.45,49.5,49.3,49.4,1351875
2019-05-03,49.4,49.5,49.15,49.25,1117575
2019-05-06,49.0,49.0,48.6,48.75,1702698
2019-05-07,48.75,49.0,48.7,48.7,1248166
2019-05-08,48.55,48.8,48.25,48.5,2192763
2019-05-09,48.2,48.25,48.0,48.0,2516639
2019-05-10,47.9,48.4,47.75,48.05,1828080
2019-05-13,48.4,48.5,47.8,47.8,1836100
2019-05-14,47.3,48.3,47.1,48.05,2121116
2019-05-15,47.8,48.0,47.7,47.8,1699383
2019-05-16,47.8,48.05,47.6,47.75,1371036
2019-05-17,47.8,48.05,47.35,47.5,1796824
2019-05-20,47.55,48.25,47.5,47.95,1380611
2019-05-21,48.2,48.4,47.95,48.1,1391256
2019-05-22,48.0,48.15,47.95,48.1,1183909
2019-05-23,48.1,48.3,47.9,48.05,1120857
2019-05-24,48.25,48.4,48.05,48.15,1182065
2019-05-27,48.4,49.2,48.25,49.2,2539215
2019-05-28,49.45,49.6,48.6,48.6,5896397
2019-05-29,48.7,49.0,48.35,48.35,1538781
2019-05-30,48.4,48.7,48.15,48.15,1890255
2019-05-31,48.15,48.85,48.1,48.8,1733794
2019-06-03,48.75,49.1,48.5,48.9,1734921
2019-06-04,48.95,49.15,48.85,49.0,1447455
2019-06-05,49.0,49.15,48.65,48.7,1244396
2019-06-06,48.6,48.9,48.5,48.5,949051
2019-06-10,48.6,48.9,48.55,48.7,2345452
2019-06-11,48.7,49.05,48.55,48.6,1781985
2019-06-12,48.6,48.85,48.55,48.75,1091250
2019-06-13,48.75,48.85,48.5,48.5,1299317
2019-06-14,48.5,48.75,48.4,48.5,1200209
2019-06-17,48.5,49.1,48.5,48.55,1807154
2019-06-18,48.7,49.0,48.65,49.0,1455295
2019-06-19,49.2,49.9,49.1,49.9,4014971
2019-06-20,49.9,50.1,49.7,49.9,2208481
2019-06-21,50.0,50.1,49.75,50.0,2582913
2019-06-24,50.0,50.2,49.85,50.0,2498697
2019-06-25,50.0,50.1,49.75,49.95,1974741
2019-06-26,50.0,50.0,49.55,49.75,1428856
2019-06-27,49.75,49.95,49.7,49.75,1733320
2019-06-28,49.75,49.8,49.45,49.45,1442210
2019-07-01,49.5,49.75,49.5,49.6,1086682
2019-07-02,49.55,49.65,49.3,49.65,1404737
2019-07-03,49.65,49.65,49.3,49.3,973277
2019-07-04,49.45,49.75,49.4,49.75,700612
2019-07-05,49.8,49.9,49.55,49.65,1005803
2019-07-08,49.65,49.65,49.3,49.4,1213460
2019-07-09,49.55,49.55,49.3,49.45,856710
2019-07-10,49.45,49.65,49.35,49.55,1341372
2019-07-11,49.5,49.55,49.4,49.45,1051081
2019-07-12,49.4,49.4,49.1,49.15,1503728
2019-07-15,49.15,49.25,48.9,49.25,1558305
2019-07-16,49.25,49.25,49.0,49.2,1123791
2019-07-17,49.2,49.3,49.05,49.2,1347122
2019-07-18,49.2,49.4,49.1,49.4,719580
2019-07-19,49.5,49.55,49.4,49.5,1129396
2019-07-22,49.5,49.5,49.25,49.25,1267034
2019-07-23,49.25,49.25,49.0,49.05,1752250
2019-07-24,49.0,49.15,48.9,48.9,2457285
2019-07-25,49.0,49.0,48.8,48.9,1205046
2019-07-26,48.85,49.1,48.8,49.1,1013540
2019-07-29,49.0,49.1,48.95,48.95,1287847
2019-07-30,48.95,49.1,48.95,48.95,939260
2019-07-31,48.95,49.0,48.8,48.8,2215771
2019-08-01,48.7,48.75,48.55,48.6,1745808
2019-08-02,48.5,48.5,48.35,48.4,2218602
2019-08-05,48.3,48.75,48.2,48.2,2066318
2019-08-06,48.0,48.35,47.7,48.1,2167626
2019-08-07,48.1,48.3,48.0,48.0,1617436
2019-08-08,48.4,48.45,48.1,48.2,1286402
2019-08-12,48.1,48.55,48.05,48.25,1249997
2019-08-13,48.2,48.4,48.1,48.35,1160646
2019-08-14,48.5,48.65,48.35,48.35,1883178
2019-08-15,48.35,49.15,48.2,48.95,3011714
2019-08-16,48.95,49.0,48.5,48.8,2382328
2019-08-19,48.85,48.9,48.6,48.75,2175948
2019-08-20,48.75,48.9,48.6,48.6,1777519
2019-08-21,48.6,48.75,48.5,48.65,2359235
2019-08-22,48.65,49.05,48.65,48.9,1687437
2019-08-23,48.9,49.2,48.9,49.2,2089094
2019-08-26,49.0,49.0,48.8,48.8,2119890
2019-08-27,48.85,49.0,48.4,48.4,4160275
2019-08-28,48.5,49.4,48.5,49.4,1933830
2019-08-29,49.35,49.4,49.05,49.05,1929947
2019-08-30,49.15,49.5,49.1,49.5,2582624
2019-09-02,49.45,49.5,49.4,49.5,912860
2019-09-03,49.5,49.5,49.25,49.25,1392934
2019-09-04,49.2,49.45,49.2,49.2,1513975
2019-09-05,49.2,49.5,49.2,49.25,1468122
2019-09-06,49.3,49.55,49.2,49.3,1385950
2019-09-09,49.5,49.7,49.45,49.7,1262454
2019-09-10,49.7,49.8,49.6,49.75,1686832
2019-09-11,49.6,49.65,49.35,49.5,2773450
2019-09-12,49.5,49.6,49.35,49.4,2282170
2019-09-16,49.35,50.0,49.35,50.0,4211444
2019-09-17,50.3,50.3,50.0,50.2,2463274
2019-09-18,50.2,50.2,50.0,50.0,2686821
2019-09-19,50.1,50.2,49.9,49.95,2017496
2019-09-20,50.0,50.0,49.8,49.8,3300695
2019-09-23,49.65,50.0,49.65,49.8,2295423
2019-09-24,49.7,49.85,49.65,49.65,3031219
2019-09-25,49.7,49.95,49.65,49.8,3263205
2019-09-26,49.8,49.9,49.7,49.8,5941292
2019-09-27,49.75,50.0,49.75,49.9,35755259
2019-10-01,49.95,50.0,49.8,49.95,41018231
2019-10-02,45.0,46.15,45.0,45.9,74324931
2019-10-03,45.8,46.3,45.55,46.05,12748548
2019-10-04,46.05,46.05,45.2,45.7,5932044
2019-10-07,45.7,45.85,45.65,45.75,2806312
2019-10-08,45.7,45.7,45.25,45.4,4497768
2019-10-09,45.4,45.65,45.3,45.3,3224305
2019-10-14,45.7,45.95,45.55,45.65,3589615
2019-10-15,45.8,45.95,45.75,45.95,2877153
2019-10-16,46.1,46.2,46.0,46.0,3036441
2019-10-17,46.0,46.2,45.75,45.8,3018625
2019-10-18,45.8,45.9,45.65,45.9,4241836
2019-10-21,46.2,46.8,46.1,46.75,5034748
2019-10-22,47.0,47.15,46.95,47.0,3799214
2019-10-23,47.0,47.95,47.0,47.5,4077790
2019-10-24,47.6,47.6,47.2,47.5,2568040
2019-10-25,47.5,47.55,47.1,47.25,1551797
2019-10-28,47.25,47.3,46.8,47.0,2737448
2019-10-29,47.0,47.1,46.75,46.8,1969841
2019-10-30,46.75,47.05,46.75,46.85,3008259
2019-10-31,46.85,47.2,46.75,46.75,2879731
2019-11-01,46.8,46.95,46.7,46.95,1752181
2019-11-04,47.0,47.15,46.8,47.1,2773598
2019-11-05,47.1,47.15,46.65,47.1,2601112
2019-11-06,47.1,47.55,46.95,47.45,2940778
2019-11-07,47.3,47.6,47.2,47.25,1612133
2019-11-08,47.3,47.35,47.05,47.05,1660061
2019-11-11,47.0,47.05,46.7,46.7,2813207
2019-11-12,46.9,47.0,46.55,46.9,2519468
2019-11-13,46.7,47.05,46.5,46.5,2063411
2019-11-14,46.7,46.95,46.55,46.55,2611813
2019-11-15,46.8,46.95,46.7,46.95,1499032
2019-11-18,47.0,47.05,46.8,46.85,1559351
2019-11-19,46.75,46.95,46.7,46.9,1601499
2019-11-20,46.9,47.0,46.8,46.85,1432129
2019-11-21,46.8,46.8,46.6,46.6,2108819
2019-11-22,46.6,46.65,46.55,46.55,1334462
2019-11-25,46.55,46.75,46.5,46.75,1580124
2019-11-26,46.65,46.85,46.2,46.2,5132435
2019-11-27,46.5,46.95,46.5,46.8,2027148
2019-11-28,46.85,47.0,46.5,46.5,1873790
2019-11-29,46.6,46.8,46.5,46.55,1695456
2019-12-02,46.6,46.8,46.55,46.55,1063257
2019-12-03,46.55,46.7,46.55,46.7,1236876
2019-12-04,46.55,46.7,46.45,46.6,1972495
2019-12-05,46.6,46.7,46.5,46.55,1305199
2019-12-06,46.6,46.7,46.5,46.6,1165173
2019-12-09,46.55,46.55,46.2,46.3,2006421
2019-12-10,46.2,46.25,46.0,46.05,3036269
2019-12-11,46.1,46.15,46.0,46.05,2007409
2019-12-12,46.05,46.4,46.05,46.35,1920490
2019-12-13,46.25,46.35,46.15,46.25,1385203
2019-12-16,46.25,46.4,46.2,46.25,1413140
2019-12-17,46.25,46.4,46.1,46.25,2368281
2019-12-18,46.2,46.25,46.0,46.0,3255069
2019-12-19,46.0,46.0,45.7,45.9,3773435
2019-12-20,45.9,45.95,45.45,45.45,8764059
2019-12-23,45.65,46.25,45.55,45.55,7427388
2019-12-24,45.7,46.15,45.7,46.15,7626365
2019-12-25,46.25,46.4,46.15,46.2,1513871
2019-12-26,46.25,46.3,46.1,46.2,904477
2019-12-27,46.3,46.45,46.3,46.4,1621290
2019-12-30,46.45,46.5,46.35,46.45,1170712
2019-12-31,46.4,46.55,46.3,46.3,1546219
2020-01-02,46.4,46.45,46.2,46.3,1253347
2020-01-03,46.4,46.45,46.1,46.4,1532086
2020-01-06,46.4,46.4,46.05,46.2,1701497
2020-01-07,46.2,46.25,45.9,46.0,1273805
2020-01-08,45.95,46.1,45.6,45.7,2114002
2020-01-09,45.75,46.2,45.75,46.0,1283319
2020-01-10,46.05,46.25,46.0,46.25,1414281
2020-01-13,46.25,46.35,46.15,46.3,1425008
2020-01-14,46.3,46.5,46.3,46.4,1519405
2020-01-15,46.4,46.6,46.35,46.55,1965078
2020-01-16,46.55,46.65,46.55,46.65,2140384
2020-01-17,46.7,46.9,46.65,46.85,1780911
2020-01-20,46.95,47.15,46.9,47.1,2751725
2020-01-30,46.0,46.0,45.45,45.45,7719181
2020-01-31,45.35,45.95,45.25,45.25,4377520
2020-02-03,44.6,45.15,44.05,44.9,3944108
2020-02-04,44.8,45.35,44.65,45.0,3642651
2020-02-05,45.2,45.4,45.0,45.1,2531879
2020-02-06,45.5,45.8,45.5,45.55,2536328
2020-02-07,45.55,45.6,45.25,45.25,1741687
2020-02-10,45.2,45.55,45.0,45.5,2091708
2020-02-11,45.45,45.75,45.35,45.35,1385757
2020-02-12,45.45,45.8,45.45,45.8,1916138
2020-02-13,45.95,46.0,45.8,45.9,1475391
2020-02-14,45.95,46.0,45.8,45.85,2139132
2020-02-17,45.8,45.95,45.7,45.95,930334
2020-02-18,46.0,46.05,45.75,46.05,1947281
2020-02-19,46.0,46.2,46.0,46.2,1899937
2020-02-20,46.1,46.1,45.55,45.7,2948724
2020-02-21,45.7,45.7,45.5,45.5,1760858
2020-02-24,45.3,45.35,45.1,45.1,2057955
2020-02-25,44.9,45.1,44.8,45.0,2088116
2020-02-26,44.9,45.0,44.7,44.8,1990998
2020-02-27,44.75,44.9,44.55,44.85,3919891
2020-03-02,44.4,45.2,44.0,44.5,4544729
2020-03-03,44.5,45.15,44.5,44.55,2023191
2020-03-04,44.55,45.0,44.55,45.0,1319551
2020-03-05,45.05,45.3,45.0,45.3,1614311
2020-03-06,45.25,45.25,45.0,45.25,2160668
2020-03-09,44.9,44.95,44.3,44.3,3534435
2020-03-10,44.0,44.2,43.7,43.95,3493007
2020-03-11,44.0,44.35,43.8,43.85,2252643
2020-03-12,43.5,43.55,41.8,41.8,6072359
2020-03-13,39.5,40.7,37.95,40.4,8372610
2020-03-16,40.3,40.3,39.95,40.05,4541545
2020-03-17,38.05,39.0,38.0,38.0,4915864
2020-03-18,38.0,38.0,36.3,36.45,5075638
2020-03-19,34.3,34.4,32.85,32.9,9404043
2020-03-20,33.2,35.8,33.15,35.0,5468068
2020-03-23,34.1,35.0,33.25,34.15,2967632
2020-03-24,35.65,37.3,35.65,36.85,3736876
2020-03-25,40.5,40.5,39.05,39.8,4664336
2020-03-26,40.5,40.55,39.0,39.9,2703011
2020-03-27,40.2,40.6,39.55,39.55,2887510
2020-03-30,39.2,40.0,38.35,40.0,2355452
2020-03-31,40.45,40.75,40.0,40.5,2666682
2020-04-01,40.6,40.75,39.9,39.9,1632513
2020-04-06,40.0,40.4,39.6,40.4,1990165
2020-04-07,40.9,41.15,40.4,40.45,2510596
2020-04-08,40.6,40.75,40.2,40.4,2479772
2020-04-09,40.5,40.65,40.25,40.3,1679067
2020-04-10,40.3,40.8,40.3,40.65,1241160
2020-04-13,40.65,40.65,40.3,40.3,1083305
2020-04-14,40.2,41.7,40.2,41.5,2703283
2020-04-15,41.5,41.9,41.5,41.75,2409761
2020-04-16,41.45,41.7,41.0,41.2,2724282
2020-04-17,41.95,42.25,41.3,41.3,1909718
2020-04-20,41.4,41.6,41.2,41.4,1580726
2020-04-21,41.3,41.55,40.4,40.4,2524071
2020-04-22,40.35,40.55,39.7,40.3,1986914
2020-04-23,40.45,41.15,40.3,40.6,1784329
2020-04-24,40.55,40.9,40.5,40.55,1439810
2020-04-27,41.0,42.35,41.0,42.35,3262773
2020-04-28,42.6,43.0,42.5,42.85,2236647
2020-04-29,42.95,44.0,42.85,43.7,2605692
2020-04-30,44.5,44.5,43.65,43.65,3016881
2020-05-04,42.05,43.3,42.05,43.0,2445324
2020-05-05,43.05,43.9,43.05,43.65,1216764
2020-05-06,43.9,43.9,43.05,43.7,1678409
2020-05-07,43.7,43.9,43.55,43.8,1268819
2020-05-08,43.9,44.0,43.7,43.8,3059398
2020-05-11,44.45,44.9,44.4,44.7,3378502
2020-05-12,44.6,45.0,44.2,44.9,2923629
2020-05-13,44.05,44.25,43.9,44.0,4249594
2020-05-14,43.4,43.4,43.05,43.05,4539628
2020-05-15,43.3,43.9,42.85,43.55,3437718
2020-05-18,43.0,43.7,42.9,43.1,2298030
2020-05-19,43.7,44.05,43.6,44.0,2775980
2020-05-20,44.0,44.2,43.8,43.8,2415682
2020-05-21,43.85,44.55,43.8,44.2,3770182
2020-05-22,44.0,44.4,43.8,44.1,2548063
2020-05-25,44.0,44.15,43.75,44.15,1540706
2020-05-26,44.3,44.55,44.2,44.25,1889461
2020-05-27,44.3,44.45,44.1,44.45,1521589
2020-05-28,44.5,45.15,44.4,44.75,3828417
2020-05-29,44.6,44.75,44.15,44.35,10109189
2020-06-01,44.3,45.1,44.25,44.9,4550414
2020-06-02,44.9,45.45,44.75,45.4,4504976
2020-06-03,45.5,46.35,45.5,46.25,4768127
2020-06-04,46.45,46.8,46.15,46.4,3726859
2020-06-05,46.8,47.5,46.5,47.25,6515202
2020-06-08,47.25,47.25,46.0,46.5,3832417
2020-06-09,46.7,46.8,46.3,46.5,1662369
2020-06-10,46.1,46.3,45.65,45.85,4856824
2020-06-11,45.8,45.8,44.5,44.8,4055267
2020-06-12,43.75,44.3,43.55,43.6,6694808
2020-06-15,43.7,44.35,43.65,43.7,2095639
2020-06-16,44.0,44.4,44.0,44.2,1237250
2020-06-17,44.4,44.4,44.0,44.25,1149215
2020-06-18,44.2,44.25,43.9,44.05,1422368
2020-06-19,44.0,44.0,43.5,43.5,4316775
2020-06-22,43.55,43.95,43.55,43.55,1942660
2020-06-23,44.0,44.55,43.8,43.9,2330861
2020-06-24,44.05,44.25,43.9,43.9,1616856
2020-06-29,43.7,43.8,43.4,43.6,2052542
2020-06-30,43.65,44.0,43.55,43.55,1721961
2020-07-01,43.55,43.95,43.55,43.95,1161271
2020-07-02,44.05,44.2,43.8,44.2,2022226
2020-07-03,44.2,44.25,43.75,43.85,2080301
2020-07-06,44.0,44.2,43.95,44.0,2352548
2020-07-07,44.3,44.35,43.9,44.1,2525616
2020-07-08,44.15,44.4,43.9,44.4,1911899
2020-07-09,44.45,44.45,43.9,43.9,2381609
2020-07-10,43.9,43.9,43.15,43.15,3017643
2020-07-13,43.2,43.4,42.8,42.8,3381427
2020-07-14,42.8,43.0,42.6,42.6,1879789
2020-07-15,42.65,43.95,42.6,43.65,3632254
2020-07-16,43.8,43.9,43.25,43.25,1941973
2020-07-17,43.55,43.55,42.8,42.9,1925936
2020-07-20,42.9,43.0,42.6,42.65,1923173
2020-07-21,43.1,43.55,43.0,43.45,1592691
2020-07-22,43.4,43.6,43.15,43.3,1311890
2020-07-23,43.3,43.4,43.15,43.4,844089
2020-07-24,43.2,43.25,42.8,42.8,2194995
2020-07-27,42.75,43.0,42.3,42.3,2290721
2020-07-28,42.2,42.4,41.6,41.6,2986356
2020-07-29,41.6,42.45,41.55,41.9,1726551
2020-07-30,42.05,42.3,41.9,42.3,1321652
2020-07-31,42.25,43.0,42.25,42.8,1940872
2020-08-03,42.8,42.8,42.15,42.2,2642557
2020-08-04,42.3,42.5,42.3,42.3,939227
2020-08-05,42.5,42.55,42.35,42.4,1096500
2020-08-06,42.6,42.95,42.6,42.95,1731461
2020-08-07,43.0,43.25,42.6,42.85,2059931
2020-08-10,42.95,43.05,42.8,42.9,1417825
2020-08-11,43.0,43.0,42.7,42.7,1236764
2020-08-12,42.75,42.9,42.55,42.55,1193795
2020-08-13,43.0,43.9,42.85,43.75,3479351
2020-08-14,43.4,43.45,42.9,43.1,2312898
2020-08-17,43.55,44.45,43.4,44.35,4677795
2020-08-18,44.4,44.65,44.0,44.3,2457221
2020-08-19,44.4,44.85,44.3,44.45,3089245
2020-08-20,44.45,44.9,43.0,43.5,3899874
2020-08-21,43.8,44.5,43.8,44.35,2159686
2020-08-24,44.4,44.8,44.4,44.65,2038587
2020-08-25,44.7,45.15,44.65,44.95,2421194
2020-08-26,45.05,45.75,45.0,45.5,2713794
2020-08-27,45.6,45.65,45.1,45.5,2079618
2020-08-28,45.7,46.0,45.4,45.6,3620855
2020-08-31,45.7,46.5,45.7,46.4,8252017
2020-09-01,46.4,46.45,45.8,46.2,3375129
2020-09-02,46.2,46.2,45.6,45.65,3073560
2020-09-03,45.65,46.0,45.3,45.6,2952120
2020-09-04,45.25,45.9,45.05,45.8,2082735
2020-09-07,45.8,46.4,45.8,46.0,2599545
2020-09-08,46.0,46.2,45.7,45.85,1376213
2020-09-09,45.55,46.15,45.35,46.15,2028828
2020-09-10,46.35,46.45,46.15,46.3,2154934
2020-09-11,46.3,46.35,46.1,46.3,1982568
2020-09-14,46.3,46.45,46.2,46.35,2180905
2020-09-15,46.35,46.6,45.95,46.35,3979756
2020-09-16,46.45,46.5,46.3,46.35,2878280
2020-09-17,46.4,46.9,46.35,46.55,3678950
2020-09-18,46.6,46.75,46.5,46.65,3440808
2020-09-21,46.65,46.95,46.4,46.85,4982075
2020-09-22,46.8,46.8,46.3,46.6,4593753
2020-09-23,46.7,46.7,46.0,46.15,6602776
2020-09-24,41.1,41.95,41.0,41.45,9928463
2020-09-25,41.55,42.4,41.3,41.5,4960248
2020-09-28,41.6,42.7,41.5,42.65,3886065
2020-09-29,43.4,43.7,42.8,43.3,4634544
2020-09-30,43.4,43.4,42.9,43.0,1955025
2020-10-05,43.0,43.5,43.0,43.2,2842904
2020-10-06,43.25,43.8,43.25,43.7,2813936
2020-10-07,43.7,43.7,43.4,43.5,1772809
2020-10-08,43.9,44.7,43.7,44.7,4636426
2020-10-12,44.9,44.9,44.2,44.2,3078135
2020-10-13,44.2,44.25,43.7,43.85,2353100
2020-10-14,43.8,44.05,43.6,43.75,2074928
2020-10-15,43.75,43.75,42.85,42.95,3368925
2020-10-16,43.0,43.25,42.8,42.9,2141900
2020-10-19,42.7,43.4,42.65,43.2,2788319
2020-10-20,43.0,43.0,42.65,42.65,2107460
2020-10-21,42.8,42.85,42.45,42.7,2788048
2020-10-22,42.65,43.2,42.0,43.2,12843619
2020-10-23,43.15,43.15,42.55,42.55,3822214
2020-10-26,42.45,42.9,42.45,42.6,1228636
2020-10-27,42.5,42.65,42.25,42.55,1836766
2020-10-28,42.5,42.65,42.1,42.1,2457694
2020-10-29,41.75,42.05,41.65,41.85,2465622
2020-10-30,41.8,42.15,41.5,41.5,4238242
2020-11-02,41.55,42.0,41.5,41.9,2199916
2020-11-03,42.05,42.5,42.05,42.35,2245391
2020-11-04,42.4,42.4,41.75,42.0,2942975
2020-11-05,42.1,42.35,42.0,42.0,2027361
2020-11-06,42.0,42.2,41.8,41.9,2573972
2020-11-09,42.0,42.2,41.95,42.0,2460815
2020-11-10,42.45,43.3,42.45,42.95,4162709
2020-11-11,43.05,44.0,43.05,44.0,6741802
2020-11-12,44.0,44.1,43.3,43.85,3802614
2020-11-13,43.4,43.7,43.0,43.4,3177710
2020-11-16,43.65,43.65,43.2,43.45,1929249
2020-11-17,43.65,43.65,43.2,43.4,1539482
2020-11-18,42.9,43.35,42.85,43.35,2347374
2020-11-19,43.35,43.35,43.05,43.15,1395126
2020-11-20,43.15,43.25,43.05,43.25,1347188
2020-11-23,43.5,43.6,43.3,43.45,2237939
2020-11-24,43.5,43.6,43.35,43.5,2266380
2020-11-25,43.65,43.9,43.5,43.9,4193345
2020-11-26,44.0,44.0,43.65,43.85,1993000
2020-11-27,43.85,43.85,43.65,43.85,2506046
2020-11-30,44.0,44.5,43.95,44.5,9056746
2020-12-01,44.5,44.85,44.05,44.5,3266803
2020-12-02,44.5,44.5,44.2,44.35,3236068
2020-12-03,44.25,44.25,43.6,43.8,4580437
2020-12-04,43.9,43.9,43.25,43.5,4946097
2020-12-07,45.85,45.85,44.9,45.85,18712061
2020-12-08,45.6,45.65,44.0,45.4,15022536
2020-12-09,45.25,45.3,44.25,44.5,8050227
2020-12-10,44.05,44.75,43.75,44.6,6140514
2020-12-11,44.6,44.8,44.2,44.35,4917013
2020-12-14,44.35,45.2,44.35,44.9,6595425
2020-12-15,44.9,45.35,44.85,45.25,4308724
2020-12-16,45.2,46.0,45.2,45.95,8500453
2020-12-17,46.0,46.2,45.8,46.05,5959344
2020-12-18,46.1,46.4,45.6,45.6,18543562
2020-12-21,45.8,46.0,44.95,44.95,14805747
2020-12-22,44.95,45.4,44.5,44.5,13675832
2020-12-23,44.6,45.1,44.5,45.0,11762989
2020-12-24,45.35,46.4,45.05,46.4,14145719
2020-12-25,46.45,46.85,46.0,46.45,6724059
2020-12-28,46.6,46.75,45.5,45.9,4455402
2020-12-29,46.0,46.2,45.6,45.6,3300203
2020-12-30,45.6,45.95,45.4,45.55,3008270
2020-12-31,45.65,45.9,45.45,45.85,2377048
2021-01-04,45.75,45.8,45.15,45.15,4269789
2021-01-05,45.15,45.35,45.05,45.05,3781529
2021-01-06,45.2,45.9,45.15,45.2,4738002
2021-01-07,45.7,46.0,45.35,45.6,4417653
2021-01-08,45.8,46.0,45.75,45.9,4755620
2021-01-11,45.95,46.45,45.8,46.0,3572053
2021-01-12,45.9,46.15,45.5,45.55,4333419
2021-01-13,45.75,46.0,45.6,45.8,2683267
2021-01-14,45.75,45.9,45.45,45.7,2945499
2021-01-15,45.9,45.9,45.05,45.05,3136099
2021-01-18,45.0,45.0,44.25,44.55,2807883
2021-01-19,44.5,44.8,44.4,44.4,2666708
2021-01-20,44.4,44.4,43.05,43.1,6265570
2021-01-21,43.1,43.7,43.1,43.4,2547046
2021-01-22,43.6,43.65,43.1,43.1,2585836
2021-01-25,42.85,43.95,42.8,43.95,3124121
2021-01-26,44.0,44.0,43.3,43.45,2215933
2021-01-27,43.45,43.9,43.45,43.6,2514010
2021-01-28,43.3,43.5,43.05,43.25,2535726
2021-01-29,43.25,43.4,42.6,42.6,4168987
2021-02-01,42.5,44.1,42.5,43.25,3358646
2021-02-02,43.25,44.0,43.1,43.6,1748587
2021-02-03,43.75,43.75,43.25,43.3,2164223
2021-02-04,43.1,43.8,43.1,43.45,1768621
2021-02-05,43.6,44.0,43.3,43.6,2226735
2021-02-17,43.7,44.4,43.7,43.75,5025326
2021-02-18,43.9,44.2,43.8,43.85,3058235
2021-02-19,43.85,44.15,43.65,44.1,2005210
2021-02-22,44.2,44.2,43.9,44.05,2664249
2021-02-23,44.1,44.95,44.1,44.85,4058067
2021-02-24,44.9,45.1,44.55,44.55,3131281
2021-02-25,45.0,45.0,44.8,44.95,2540574
2021-02-26,44.95,45.4,44.45,45.2,6378983
2021-03-02,45.3,45.4,44.55,44.55,3718918
2021-03-03,44.85,45.0,44.55,44.95,2962759
2021-03-04,45.0,45.3,44.6,45.05,4425395
2021-03-05,45.0,45.1,44.8,44.95,1549444
2021-03-08,45.05,45.6,45.0,45.25,2771797
2021-03-09,45.5,45.6,45.15,45.4,2393648
2021-03-10,45.6,45.9,45.45,45.45,2455753
2021-03-11,45.3,45.6,45.25,45.35,2877579
2021-03-12,45.3,45.35,44.85,44.95,2172256
2021-03-15,44.95,44.95,44.6,44.75,2465025
2021-03-16,44.7,45.1,44.65,44.9,2329651
2021-03-17,45.0,45.3,44.95,45.2,1901488
2021-03-18,45.25,45.75,45.2,45.2,2422631
2021-03-19,45.15,45.15,44.25,44.25,6558980
2021-03-22,43.8,43.85,43.1,43.6,9515710
2021-03-23,43.6,43.65,43.0,43.15,5790283
2021-03-24,43.05,43.55,43.05,43.55,3606099
2021-03-25,43.55,43.6,43.3,43.6,2067822
2021-03-26,43.7,43.75,43.2,43.5,3134470
2021-03-29,43.5,43.55,43.3,43.55,3238547
2021-03-30,43.6,43.65,43.45,43.45,3359980
2021-03-31,43.5,43.65,43.3,43.5,3520822
2021-04-01,43.8,43.8,43.5,43.55,2991998
2021-04-06,43.7,43.7,43.55,43.65,3280015
2021-04-07,43.65,43.7,43.35,43.65,3749463
2021-04-08,43.6,43.6,43.4,43.5,4415212
2021-04-09,43.5,43.85,43.5,43.75,4518620
2021-04-12,43.8,43.8,43.55,43.6,3829021
2021-04-13,43.6,43.7,43.5,43.5,3917044
2021-04-14,43.5,43.5,43.1,43.25,4862477
2021-04-15,43.25,43.45,43.1,43.3,2401207
2021-04-16,43.25,43.65,43.25,43.6,3085518
2021-04-19,43.65,44.85,43.6,44.6,6711689
2021-04-20,44.6,44.6,44.05,44.35,3675920
2021-04-21,44.35,44.5,44.05,44.35,3451667
2021-04-22,44.5,44.65,44.0,44.1,6583049
2021-04-23,44.05,45.35,43.8,45.35,9236972
2021-04-26,46.5,47.25,46.0,46.6,15693879
2021-04-27,46.5,46.5,45.9,46.2,6420953
2021-04-28,46.2,46.2,45.5,45.65,5257590
2021-04-29,45.65,45.85,45.05,45.25,4093026
2021-05-03,45.1,46.0,44.65,44.7,5862585
2021-05-04,44.9,45.35,44.0,44.35,6856500
2021-05-05,44.35,45.65,44.1,45.2,5066105
2021-05-06,45.2,45.8,45.0,45.25,5040214
2021-05-07,45.5,45.7,44.5,44.7,8467590
2021-05-10,45.25,45.95,45.05,45.7,11874953
2021-05-11,45.4,45.8,44.5,44.85,7937008
2021-05-12,44.05,44.5,41.5,42.6,17793980
2021-05-13,41.8,43.0,40.4,42.1,6978396
2021-05-14,42.35,44.0,42.35,42.8,5018626
2021-05-17,40.65,42.2,40.6,40.8,7016418
2021-05-18,41.0,42.2,41.0,41.9,4175997
2021-05-19,41.95,42.3,41.65,41.85,3102193
2021-05-20,41.85,42.2,41.8,42.15,2199304
2021-05-21,42.75,43.05,42.1,43.0,4660699
2021-05-24,42.55,43.05,42.5,42.7,3424494
2021-05-25,42.6,42.85,42.3,42.3,5473323
2021-05-26,42.35,42.55,42.1,42.2,6563871
2021-05-27,42.2,42.75,41.8,42.6,73374259
2021-05-28,43.0,43.1,42.5,42.65,4480331
2021-05-31,42.55,42.75,42.05,42.1,6307373
2021-06-01,42.1,42.55,42.05,42.2,4501636
2021-06-02,42.25,42.3,41.8,42.0,6384160
2021-06-03,42.05,42.15,41.8,41.85,3454664
2021-06-04,42.0,42.0,41.8,41.95,1863412
2021-06-07,42.1,42.1,41.3,41.55,4133553
2021-06-08,41.65,41.7,41.25,41.4,4138984
2021-06-09,41.45,42.05,41.4,41.75,3134020
2021-06-10,41.9,42.5,41.7,42.3,4541990
2021-06-11,42.35,42.65,42.3,42.4,2122535
2021-06-15,42.6,43.0,42.5,42.8,2867272
2021-06-16,42.8,42.9,42.5,42.5,2672605
2021-06-17,42.5,42.75,42.1,42.75,2238383
2021-06-18,42.8,42.8,42.2,42.2,4906015
2021-06-21,42.2,42.5,42.1,42.2,4189566
2021-06-22,42.45,43.0,42.3,42.35,3187481
2021-06-23,42.5,43.0,42.5,42.7,5176610
2021-06-24,43.0,43.85,42.95,43.85,4674522
2021-06-25,44.0,44.3,43.6,43.6,4002669
2021-06-28,43.6,44.0,43.6,43.6,2679521
2021-06-29,43.65,43.7,43.15,43.55,2019441
2021-06-30,43.55,43.8,43.5,43.65,1485576
2021-07-01,43.7,43.7,43.2,43.2,2641005
2021-07-02,43.15,43.5,43.15,43.3,1656286
2021-07-05,43.5,43.75,43.35,43.5,1453288
2021-07-06,43.5,43.8,43.4,43.65,2040714
2021-07-07,43.8,44.5,43.7,44.4,5042830
2021-07-08,44.5,44.85,44.4,44.65,3721427
2021-07-09,45.4,45.95,44.8,45.0,9603154
2021-07-12,45.7,45.7,45.05,45.2,4362913
2021-07-13,45.25,45.3,44.7,44.85,4173255
2021-07-14,44.7,45.05,44.7,44.95,1963328
2021-07-15,45.0,45.15,44.8,45.1,2101377
2021-07-16,45.25,45.75,45.15,45.75,5736751
2021-07-19,45.9,46.45,45.85,46.1,6414139
2021-07-20,45.5,45.8,45.5,45.65,2900491
2021-07-21,45.9,46.05,45.75,46.0,4847867
2021-07-22,46.35,47.15,46.3,46.85,9005062
2021-07-23,47.1,48.45,46.85,47.9,16199130
2021-07-26,48.5,48.75,47.1,48.1,9153325
2021-07-27,48.05,48.25,47.55,48.15,5745979
2021-07-28,48.15,48.6,47.65,48.35,7394511
2021-07-29,48.65,49.25,48.65,49.1,7700983
2021-07-30,49.25,49.25,48.6,49.05,3812620
2021-08-02,49.15,49.8,49.1,49.45,4689906
2021-08-03,49.5,49.8,48.8,49.3,5209787
2021-08-04,49.45,49.45,48.65,49.05,4392221
2021-08-05,49.05,49.1,48.6,48.7,3753479
2021-08-06,48.75,49.6,48.55,49.45,6816879
2021-08-09,49.45,49.45,48.8,49.0,3563170
2021-08-10,48.9,48.9,48.1,48.85,3747081
2021-08-11,48.75,48.95,48.45,48.8,4211938
2021-08-12,48.6,49.0,48.6,48.95,2908621
2021-08-13,48.95,49.4,48.65,48.9,6187281
2021-08-16,49.0,49.0,47.6,48.1,9304286
2021-08-17,48.2,49.1,48.15,48.6,7250377
2021-08-18,48.45,48.6,47.85,48.4,3751106
2021-08-19,48.45,48.5,47.45,47.55,4900222
2021-08-20,47.1,48.0,47.05,47.55,4153292
2021-08-23,47.6,48.05,47.45,47.5,3219453
2021-08-24,47.7,48.05,47.4,47.65,2665776
2021-08-25,47.7,47.8,47.2,47.6,3456229
2021-08-26,47.6,47.75,47.25,47.4,2248905
2021-08-27,47.4,47.5,47.25,47.45,2002585
2021-08-30,47.5,47.5,47.3,47.4,2207642
2021-08-31,47.4,48.2,47.4,48.2,2617103
2021-09-01,48.2,48.75,48.0,48.4,3134005
2021-09-02,48.6,48.6,48.2,48.25,1604168
2021-09-03,48.4,48.45,48.0,48.25,2137504
2021-09-06,48.35,48.45,48.15,48.15,2950188
2021-09-07,48.2,48.3,47.65,47.85,1617991
2021-09-08,47.7,47.8,47.25,47.25,3546585
2021-09-09,46.9,47.55,46.85,47.5,1381503
2021-09-10,47.5,48.3,47.5,47.95,1565527
2021-09-13,48.2,48.4,47.9,48.35,1893441
2021-09-14,48.5,48.5,47.85,47.9,2430015
2021-09-15,47.85,47.9,47.5,47.55,2015269
2021-09-16,47.7,47.85,47.55,47.8,1726249
2021-09-17,47.8,47.8,47.35,47.35,4623282
2021-09-22,47.0,47.3,46.2,46.2,11429194
2021-09-23,46.5,46.9,46.35,46.8,8782893
2021-09-24,45.25,45.65,44.9,45.1,10633141
2021-09-27,45.15,45.35,44.55,44.65,6210778
2021-09-28,44.65,45.3,44.3,45.3,3233738
2021-09-29,45.0,45.45,44.9,45.05,2967952
2021-09-30,45.05,45.3,44.95,45.1,2634622
2021-10-01,45.0,45.05,44.65,44.8,3274872
2021-10-04,44.9,45.0,44.6,44.7,2553981
2021-10-05,44.6,44.7,44.3,44.6,2630169
2021-10-06,44.75,44.75,44.15,44.25,3608243
2021-10-07,44.35,44.7,44.35,44.65,2883936
2021-10-08,44.7,44.8,44.55,44.6,2564215
2021-10-12,44.6,45.15,44.4,45.1,5320020
2021-10-13,45.0,45.15,44.9,45.05,3206184
2021-10-14,45.05,45.1,44.6,44.7,2906427
2021-10-15,44.9,45.05,44.7,44.75,2472183
2021-10-18,44.8,44.85,44.5,44.65,3458651
2021-10-19,44.7,44.75,44.4,44.55,3159739
2021-10-20,44.55,44.8,44.4,44.6,3263874
2021-10-21,44.7,45.25,44.55,45.0,11335645
2021-10-22,45.2,45.85,45.0,45.15,7599310
2021-10-25,45.3,45.35,44.8,45.2,3211883
2021-10-26,45.2,45.65,45.0,45.55,5193815
2021-10-27,45.5,45.5,45.05,45.1,2367769
2021-10-28,45.1,45.3,45.0,45.1,2020193
2021-10-29,45.1,45.1,44.85,44.95,1909674
2021-11-01,45.0,45.05,44.65,44.7,3585466
2021-11-02,44.75,44.95,44.7,44.7,2463505
2021-11-03,44.85,44.85,44.65,44.85,1903683
2021-11-04,45.0,45.0,44.65,44.65,2650791
2021-11-05,44.65,44.7,44.4,44.55,3336443
2021-11-08,44.6,45.1,44.55,45.0,2679509
2021-11-09,45.15,45.15,44.8,44.95,2113061
2021-11-10,45.0,45.6,45.0,45.45,5409294
2021-11-11,45.5,45.95,45.35,45.6,4047434
2021-11-12,46.25,48.25,46.25,47.8,16784149
2021-11-15,48.6,48.7,47.65,47.65,9495709
2021-11-16,47.65,47.65,46.7,46.8,6719367
2021-11-17,46.8,46.8,46.2,46.5,5133923
2021-11-18,46.5,47.0,46.45,46.6,3899698
2021-11-19,46.9,46.9,46.45,46.65,2576426
2021-11-22,46.65,46.9,46.3,46.55,2897170
2021-11-23,46.55,46.55,46.05,46.2,3328532
2021-11-24,46.2,46.95,46.2,46.85,3399361
2021-11-25,47.6,47.8,47.0,47.1,7414620
2021-11-26,47.1,47.1,46.65,46.8,5119357
2021-11-29,46.35,46.8,46.15,46.45,4552819
2021-11-30,46.6,46.7,46.2,46.2,3584238
2021-12-01,46.2,46.7,46.0,46.7,2508221
2021-12-02,46.65,46.65,46.25,46.3,2263257
2021-12-03,46.35,46.45,46.2,46.3,2885694
2021-12-06,46.35,46.5,46.1,46.4,2398259
2021-12-07,46.5,46.55,46.4,46.5,3340399
2021-12-08,46.6,46.7,46.4,46.5,3036261
2021-12-09,46.8,46.8,46.4,46.5,3229630
2021-12-10,46.45,46.55,46.4,46.5,3741254
2021-12-13,46.55,47.0,46.45,46.7,5211295
2021-12-14,46.7,46.75,46.4,46.5,3000560
2021-12-15,46.4,46.7,46.35,46.6,4237524
2021-12-16,46.65,47.35,46.65,47.25,7872876
2021-12-17,47.1,47.35,46.95,47.25,8059196
2021-12-20,47.35,47.75,47.25,47.6,10107261
2021-12-21,47.6,47.6,46.8,47.0,8428993
2021-12-22,47.0,47.0,46.4,46.7,8001589
2021-12-23,46.0,46.25,45.8,46.05,14841100
2021-12-24,46.05,46.2,45.9,46.2,3973821
2021-12-27,46.3,46.3,46.05,46.25,4207176
2021-12-28,46.3,46.35,46.05,46.15,3628517
2021-12-29,46.15,46.25,46.1,46.25,3296849
2021-12-30,46.4,46.65,46.2,46.25,5630352
2022-01-03,46.3,46.35,46.0,46.25,4475576
2022-01-04,46.25,46.25,46.05,46.15,3225973
2022-01-05,46.15,46.15,46.0,46.1,2856724
2022-01-06,46.1,46.3,46.0,46.3,3277118
2022-01-07,46.3,46.6,46.1,46.45,3581789
2022-01-10,46.3,46.4,46.15,46.35,2911237
2022-01-11,46.35,46.4,46.15,46.4,3942381
2022-01-12,46.4,46.65,46.2,46.25,4983443
2022-01-13,46.3,46.3,46.15,46.2,3548557
2022-01-14,46.2,46.45,46.05,46.35,4352327
2022-01-17,46.4,46.45,46.05,46.25,5333443
2022-01-18,46.25,46.25,46.1,46.1,2432025
2022-01-19,46.05,46.15,45.85,45.95,6044947
2022-01-20,46.0,46.15,45.9,46.15,3296875
2022-01-21,46.15,46.3,46.05,46.25,6428797
2022-01-24,46.2,46.3,46.0,46.3,4960394
2022-01-25,46.3,46.3,46.05,46.3,5057221
2022-01-26,46.25,46.8,46.15,46.8,8121076
2022-02-07,47.05,47.2,46.5,47.05,7482452
2022-02-08,47.1,47.45,46.95,47.25,7909841
2022-02-09,47.35,47.35,46.95,47.0,5573539
2022-02-10,47.05,47.1,46.7,46.9,4371654
2022-02-11,46.8,46.85,46.6,46.8,3282862
2022-02-14,46.85,46.9,46.65,46.85,4848093
2022-02-15,46.85,47.45,46.85,47.1,6269173
2022-02-16,47.25,47.3,47.0,47.15,5419811
2022-02-17,47.2,47.3,47.1,47.25,4348727
2022-02-18,47.15,47.3,47.1,47.2,3349024
2022-02-21,47.0,48.35,46.95,48.15,9860239
2022-02-22,48.0,49.0,47.5,48.9,16618028
2022-02-23,48.85,49.3,48.65,49.1,9309099
2022-02-24,49.05,49.45,48.0,48.35,12812172
2022-02-25,48.6,49.2,48.5,48.95,8866832
2022-03-01,49.25,50.3,49.25,49.45,11560393
2022-03-02,49.45,49.95,49.05,49.9,6000526
2022-03-03,50.1,50.2,49.7,50.2,6901718
2022-03-04,50.3,50.9,50.0,50.5,9828956
2022-03-07,50.1,50.2,48.5,49.3,10646455
2022-03-08,48.6,49.2,48.25,48.5,9345968
2022-03-09,49.0,49.35,48.85,49.35,5668713
2022-03-10,49.4,49.5,49.1,49.2,5186781
2022-03-11,49.05,49.15,48.65,48.9,3535294
2022-03-14,48.9,50.3,48.9,49.6,8927696
2022-03-15,49.85,50.7,49.55,50.5,14238188
2022-03-16,50.0,50.2,46.0,46.85,39579837
2022-03-17,47.05,47.3,46.5,47.0,15336602
2022-03-18,46.95,46.95,46.45,46.6,11060072
2022-03-21,46.7,46.9,46.05,46.2,11706504
2022-03-22,46.15,46.15,45.1,45.5,19729282
2022-03-23,45.65,46.05,45.45,45.95,7551213
2022-03-24,45.9,45.9,45.6,45.75,4691113
2022-03-25,45.9,45.95,45.65,45.75,6391792
2022-03-28,45.75,45.8,45.2,45.35,6950845
2022-03-29,45.45,45.6,45.2,45.3,5800709
2022-03-30,45.25,45.5,45.15,45.4,6368794
2022-03-31,45.5,45.55,45.3,45.4,4259351
2022-04-01,45.35,45.85,45.1,45.7,8025236
2022-04-06,45.7,49.45,45.6,49.0,41910983
2022-04-07,49.4,49.85,48.5,48.9,52449790
2022-04-08,48.9,49.2,48.55,48.75,17030045
2022-04-11,48.5,48.55,47.45,47.6,18287020
2022-04-12,47.0,47.25,46.7,46.9,11450489
2022-04-13,47.0,47.5,47.0,47.45,4946837
2022-04-14,47.65,48.0,47.55,47.85,4766934
2022-04-15,47.85,48.2,47.35,48.05,6026969
2022-04-18,48.2,48.3,47.55,47.8,5516166
2022-04-19,47.85,48.1,47.55,47.8,4223083
2022-04-20,48.2,48.75,47.3,48.75,10683752
2022-04-21,48.1,48.25,47.5,47.5,9892076
2022-04-22,47.35,47.7,47.1,47.1,9083107
2022-04-25,46.7,47.0,46.4,46.45,9318162
2022-04-26,46.7,47.35,46.65,47.2,7988293
2022-04-27,46.6,46.9,46.4,46.7,4941455
2022-04-28,46.8,46.95,46.7,46.7,3751767
2022-04-29,46.9,47.05,46.7,46.95,2931323
2022-05-03,46.9,46.95,46.5,46.65,3352859
2022-05-04,46.8,47.0,46.75,46.9,2118742
2022-05-05,47.1,47.2,46.95,47.0,2880810
2022-05-06,46.5,46.95,46.5,46.9,2922891
2022-05-09,46.85,46.85,46.5,46.5,4462965
2022-05-10,46.5,46.5,45.8,46.5,4427384
2022-05-11,46.4,46.65,46.25,46.25,3381194
2022-05-12,46.2,46.2,45.35,45.4,8020566
2022-05-13,45.0,45.1,43.15,44.7,17583381
2022-05-16,44.7,45.1,44.2,44.55,5943197
2022-05-17,44.9,45.55,44.8,45.45,4402752
2022-05-18,45.8,46.05,45.7,45.9,5046801
2022-05-19,45.4,45.65,45.25,45.6,5043960
2022-05-20,45.45,45.95,45.45,45.85,4280456
2022-05-23,46.05,46.3,45.75,46.0,2083897
2022-05-24,46.05,46.15,45.75,45.8,1798349
2022-05-25,45.8,46.0,45.5,46.0,3152163
2022-05-26,46.0,46.1,45.75,46.0,2905688
2022-05-27,46.05,46.2,45.95,46.0,2372106
2022-05-30,46.2,46.6,46.05,46.55,4344869
2022-05-31,46.5,46.55,46.35,46.45,2735726
2022-06-01,46.4,46.7,46.3,46.35,3719627
2022-06-02,46.2,46.35,46.1,46.1,2757974
2022-06-06,45.1,45.5,44.75,45.0,11878073
2022-06-07,45.0,45.35,44.7,45.35,4447563
2022-06-08,45.3,45.5,45.05,45.45,2798520
2022-06-09,45.4,45.45,45.2,45.25,3641782
2022-06-10,44.8,45.05,44.65,44.9,4643203
2022-06-13,44.65,44.85,44.4,44.8,4202192
2022-06-14,44.65,45.4,44.5,45.4,3591227
2022-06-15,45.4,45.6,44.85,45.05,5750244
2022-06-16,45.1,45.2,44.5,44.55,10209036
2022-06-17,44.4,44.75,43.2,44.75,21681375
2022-06-20,44.45,44.45,43.6,43.6,18236265
2022-06-21,43.9,44.1,43.35,43.35,17097830
2022-06-22,43.5,43.6,42.75,43.25,23204411
2022-06-23,43.45,43.75,43.05,43.3,15782364
2022-06-24,43.55,44.3,43.55,44.2,4692566
2022-06-27,44.4,44.8,44.4,44.8,4092504
2022-06-28,44.8,44.95,44.5,44.8,3119655
2022-06-29,44.7,45.15,44.65,45.1,3874734
2022-06-30,45.1,45.2,44.65,45.2,6886078
2022-07-01,45.1,45.2,43.85,43.95,7673481
2022-07-04,44.15,44.6,44.0,44.4,3838452
2022-07-05,44.7,45.2,44.4,44.65,3133834
2022-07-06,44.8,44.95,44.2,44.2,3419065
2022-07-07,44.2,44.3,43.65,43.8,4472177
2022-07-08,44.0,44.1,43.7,43.85,3859871
2022-07-11,43.85,43.95,43.5,43.8,2780326
2022-07-12,43.9,43.9,43.05,43.2,5274633
2022-07-13,43.6,43.8,43.45,43.5,3662974
2022-07-14,43.5,43.6,43.3,43.5,2719960
2022-07-15,43.55,43.55,43.3,43.4,2766905
2022-07-18,43.6,45.1,43.5,45.1,9276591
2022-07-19,45.2,46.2,45.05,45.75,13264660
2022-07-20,46.0,46.15,45.1,45.35,11485559
2022-07-21,45.25,45.4,44.8,45.15,7606906
2022-07-22,45.15,45.2,44.7,45.2,6256984
2022-07-25,45.15,45.15,44.75,45.1,2057821
2022-07-26,45.15,45.15,44.75,44.8,3224509
2022-07-27,44.8,44.9,44.6,44.65,2978753
2022-07-28,45.0,45.0,44.85,44.9,1092925
2022-07-29,45.0,45.4,44.9,45.35,3858731
2022-08-01,45.4,46.0,45.4,45.9,3545575
2022-08-02,45.55,46.0,45.5,46.0,4986925
2022-08-03,45.95,45.95,45.6,45.8,2277940
2022-08-04,45.65,45.65,45.2,45.65,3715650
2022-08-05,45.75,45.9,45.6,45.85,3422715
2022-08-08,45.75,46.05,45.6,46.0,6106085
2022-08-09,45.95,46.1,45.9,46.0,2604232
2022-08-10,45.7,45.95,45.6,45.75,4210641
2022-08-11,45.8,46.05,45.8,45.9,3681351
2022-08-12,45.95,46.6,45.9,46.15,6253608
2022-08-15,46.3,46.4,46.2,46.2,4897938
2022-08-16,46.25,46.95,46.2,46.8,6834667
2022-08-17,46.95,47.25,46.9,47.2,5552130
2022-08-18,47.2,47.2,46.6,46.8,4511060
2022-08-19,46.85,47.1,46.6,47.0,2898506
2022-08-22,46.95,47.7,46.85,47.65,6767435
2022-08-23,47.5,47.65,47.25,47.65,2847212
2022-08-24,47.65,48.0,47.5,48.0,3796187
2022-08-25,48.1,48.25,47.85,48.1,4021358
2022-08-26,48.15,48.25,48.0,48.2,3437634
2022-08-29,47.65,47.9,47.5,47.85,4500070
2022-08-30,47.85,48.4,47.85,48.35,3952405
2022-08-31,48.4,48.65,48.2,48.4,4024369
2022-09-01,48.2,48.2,47.85,48.1,4320329
2022-09-02,48.1,48.3,47.9,48.0,2946857
2022-09-05,48.0,48.3,47.9,47.95,3314372
2022-09-06,48.0,48.1,47.9,48.1,3504424
2022-09-07,48.1,48.1,47.8,47.9,3025323
2022-09-08,48.1,48.35,47.95,48.35,3871384
2022-09-12,48.35,48.4,48.2,48.4,3570466
2022-09-13,48.5,48.7,48.4,48.5,4342668
2022-09-14,48.0,48.3,47.8,48.25,3811744
2022-09-15,48.25,48.45,48.1,48.25,3817417
2022-09-16,48.2,48.3,48.15,48.3,6430548
2022-09-19,48.4,48.4,47.9,48.15,6761645
2022-09-20,48.2,48.2,47.95,48.0,6168955
2022-09-21,48.0,48.1,47.8,48.0,11948823
2022-09-22,47.95,47.95,47.25,47.75,11530969
2022-09-23,47.75,47.9,47.55,47.8,14919448
2022-09-26,40.5,40.9,39.8,40.2,18263846
2022-09-27,40.05,40.2,39.2,39.65,10994270
2022-09-28,39.65,39.65,37.8,38.0,10341894
2022-09-29,38.5,38.8,38.0,38.6,5450109
2022-09-30,38.2,39.0,37.85,39.0,4364879
2022-10-03,39.2,39.95,38.9,39.85,5661292
2022-10-04,40.0,40.25,39.55,39.7,3545650
2022-10-05,39.55,39.8,39.5,39.75,2973823
2022-10-06,39.85,39.85,39.4,39.65,2108823
2022-10-07,39.55,39.55,38.85,38.9,3258201
2022-10-11,38.5,39.5,38.0,39.35,4925736
2022-10-12,39.4,39.4,38.8,38.95,2200828
2022-10-13,38.95,38.95,38.15,38.75,3629342
2022-10-14,38.75,39.3,38.7,39.2,3230864
2022-10-17,38.9,39.2,38.45,39.2,3316504
2022-10-18,39.15,39.65,39.0,39.6,3146294
2022-10-19,39.65,40.5,39.65,40.2,4531588
2022-10-20,40.0,40.35,39.8,40.35,4577999
2022-10-21,40.2,40.6,40.0,40.5,2736339
2022-10-24,40.8,40.85,40.35,40.6,2745612
2022-10-25,40.5,40.85,40.45,40.65,4783655
2022-10-26,40.6,40.7,40.4,40.6,2830277
2022-10-27,40.55,41.8,40.55,41.8,7135857
2022-10-28,41.9,42.0,41.55,41.65,2554436
2022-10-31,41.65,41.7,41.05,41.45,4484450
2022-11-01,41.45,41.5,41.2,41.45,2636409
2022-11-02,41.45,41.45,41.2,41.25,1883140
2022-11-03,40.95,41.35,40.8,41.3,3334334
2022-11-04,41.25,42.0,41.15,42.0,6019826
2022-11-07,42.0,42.1,41.7,42.05,3757570
2022-11-08,42.1,42.2,41.85,41.9,3411556
2022-11-09,41.95,42.35,41.8,42.25,5225063
2022-11-10,42.05,42.25,41.8,42.25,3601720
2022-11-11,42.45,42.65,42.2,42.4,4838080
2022-11-14,42.35,43.35,42.3,43.35,8996445
2022-11-15,43.3,43.35,42.85,42.9,5442760
2022-11-16,42.9,43.45,42.75,43.2,7375672
2022-11-17,43.1,43.7,43.0,43.55,4349679
2022-11-18,43.75,43.85,43.55,43.8,3350655
2022-11-21,43.8,44.0,43.6,43.95,2800756
2022-11-22,44.0,45.0,43.95,44.85,10968641
2022-11-23,44.9,45.0,44.7,44.9,4101854
2022-11-24,44.95,45.0,44.85,44.9,3708826
2022-11-25,44.9,44.95,44.55,44.55,3480812
2022-11-28,44.25,44.9,43.9,44.85,5178089
2022-11-29,44.85,44.9,44.55,44.8,2334943
2022-11-30,44.9,44.9,44.6,44.8,3091163
2022-12-01,44.85,45.0,44.65,44.8,3201018
2022-12-02,44.8,44.95,44.2,44.25,3912793
2022-12-05,44.45,44.85,44.35,44.4,7389602
2022-12-06,44.3,44.5,43.85,43.95,4527674
2022-12-07,43.7,44.45,43.55,44.35,6364263
2022-12-08,44.2,44.35,43.7,44.1,4230688
2022-12-09,44.2,44.25,43.7,44.0,4518071
2022-12-12,44.0,44.05,43.6,43.65,6352484
2022-12-13,43.8,43.9,42.7,42.75,7339023
2022-12-14,42.6,42.85,41.85,42.6,6704201
2022-12-15,42.35,42.65,41.7,42.4,7386974
2022-12-16,42.05,42.3,41.15,41.15,29465031
2022-12-19,41.1,41.7,40.3,40.5,28132274
2022-12-20,40.3,40.7,39.3,39.65,27971462
2022-12-21,39.6,40.0,38.7,40.0,25796883
2022-12-22,39.95,42.0,39.6,42.0,21218155
2022-12-23,40.75,40.8,40.0,40.35,8630134
2022-12-26,40.35,40.45,40.2,40.25,2051756
2022-12-27,40.25,41.7,40.1,41.45,9137333
2022-12-28,41.15,41.5,40.35,40.7,3597068
2022-12-29,40.3,40.7,40.3,40.6,2321427
2022-12-30,40.6,40.8,40.1,40.3,3263321
2023-01-03,40.15,40.6,40.1,40.35,2196980
2023-01-04,40.35,40.6,40.3,40.6,2114057
2023-01-05,40.65,40.7,40.35,40.4,1835519
2023-01-06,40.5,40.6,40.25,40.45,1254336
2023-01-09,40.55,40.55,40.3,40.45,2050548
2023-01-10,40.5,40.55,40.4,40.5,1617810
2023-01-11,40.65,40.9,40.5,40.6,2484338
2023-01-12,40.6,40.75,40.6,40.7,2573768
2023-01-13,40.7,40.9,40.6,40.8,2347216
2023-01-16,40.85,41.0,40.7,40.7,1954113
2023-01-17,40.8,40.8,40.5,40.7,3207418
2023-01-30,40.95,41.2,40.65,40.65,6344393
2023-01-31,40.8,41.45,40.75,41.1,4944679
2023-02-01,41.15,41.7,41.15,41.6,2996890
2023-02-02,41.6,41.75,41.15,41.25,3292518
2023-02-03,41.3,41.8,41.1,41.8,2975303
2023-02-06,41.8,42.05,41.6,42.0,3190220
2023-02-07,42.0,42.05,41.8,41.95,2111921
2023-02-08,42.0,42.0,41.7,41.9,1569009
2023-02-09,41.8,41.9,41.75,41.75,1225387
2023-02-10,41.75,41.75,41.5,41.55,1652070
2023-02-13,41.6,41.85,41.25,41.8,1921569
2023-02-14,41.8,42.0,41.7,42.0,1991214
2023-02-15,42.0,42.0,41.8,41.85,1432271
2023-02-16,41.95,42.0,41.85,41.9,1449785
2023-02-17,42.0,42.0,41.85,41.95,1043169
2023-02-20,42.0,42.3,41.95,42.3,2616344
2023-02-21,42.35,42.35,42.1,42.25,1243069
2023-02-22,42.2,42.3,41.85,42.3,2458961
2023-02-23,42.3,42.5,42.3,42.4,2267729
2023-02-24,42.4,42.5,42.25,42.4,1946694
2023-03-01,42.3,42.5,42.2,42.35,1804040
2023-03-02,42.35,42.4,42.05,42.25,1840948
2023-03-03,42.3,42.35,41.75,41.95,3576267
2023-03-06,42.0,42.0,41.7,41.8,2817195
2023-03-07,41.75,41.8,41.5,41.8,2778293
2023-03-08,41.7,42.0,41.7,41.85,1629331
2023-03-09,41.8,42.05,41.75,41.95,1664236
2023-03-10,42.0,42.05,41.8,41.95,2265653
2023-03-13,41.8,41.8,41.2,41.8,2306888
2023-03-14,41.7,41.7,41.4,41.5,2065692
2023-03-15,41.4,41.4,40.55,40.6,6926446
2023-03-16,40.5,40.55,40.0,40.1,4618039
2023-03-17,40.3,40.8,40.25,40.4,2734074
2023-03-20,40.5,40.7,40.2,40.7,2141362
2023-03-21,40.65,41.15,40.65,41.1,1769591
2023-03-22,41.25,41.25,41.0,41.15,1056839
2023-03-23,41.15,41.3,40.95,41.0,1989121
2023-03-24,41.0,41.05,40.55,40.65,3410186
2023-03-27,40.75,40.95,40.6,40.7,1556351
2023-03-28,40.75,41.0,40.6,40.7,1639561
2023-03-29,40.9,41.15,40.8,41.05,1956369
2023-03-30,41.15,41.15,40.85,41.0,1401190
2023-03-31,41.0,41.2,40.85,41.15,2073826
2023-04-06,41.15,41.15,40.85,40.85,2731049
2023-04-07,40.95,41.75,40.9,41.7,3642305
2023-04-10,41.7,41.85,41.45,41.45,2010808
2023-04-11,41.6,41.8,41.4,41.75,1553855
2023-04-12,42.1,42.35,41.8,41.95,5986121
2023-04-13,41.95,42.2,41.85,42.1,2659522
2023-04-14,42.1,42.15,42.05,42.1,1793127
2023-04-17,42.1,42.2,42.05,42.05,2438651
2023-04-18,42.05,42.3,42.05,42.1,2350604
2023-04-19,42.15,42.2,42.0,42.0,2447121
2023-04-20,42.05,42.05,41.8,41.85,2086658
2023-04-21,41.85,41.9,41.7,41.85,1647495
2023-04-24,41.8,41.9,41.7,41.75,1444727
2023-04-25,41.85,42.25,41.6,41.65,3578262
2023-04-26,41.7,42.0,41.7,42.0,1576034
2023-04-27,42.0,42.2,41.9,42.05,1167733
2023-04-28,42.1,42.15,41.95,42.05,1319636
2023-05-02,42.05,42.2,42.05,42.2,1662541
2023-05-03,42.2,42.4,42.05,42.3,2059911
2023-05-04,42.3,42.9,42.3,42.85,3655195
2023-05-05,42.85,43.2,42.85,42.9,1932923
2023-05-08,43.0,43.3,42.95,43.3,3324860
2023-05-09,43.3,43.5,43.0,43.2,1918762
2023-05-10,43.2,43.35,43.1,43.2,2117619
2023-05-11,41.25,42.4,41.2,42.3,26841777
2023-05-12,41.9,41.95,41.55,41.95,6192593
2023-05-15,41.6,41.6,40.85,41.35,7991364
2023-05-16,41.25,41.8,41.05,41.65,3115423
2023-05-17,41.55,42.0,41.45,41.9,3910089
2023-05-18,42.0,42.15,41.8,42.0,3181908
2023-05-19,42.0,42.0,41.85,42.0,3524837
2023-05-22,41.95,42.6,41.9,42.6,3591439
2023-05-23,42.55,42.75,42.4,42.75,2806473
2023-05-24,42.75,43.15,42.6,43.05,3605388
2023-05-25,42.95,43.0,42.35,42.5,3075513
2023-05-26,42.35,42.4,42.05,42.2,3136591
2023-05-29,42.2,42.4,42.1,42.1,1899649
2023-05-30,42.05,42.25,42.05,42.15,1299476
2023-05-31,42.05,42.6,42.0,42.6,4823848
2023-06-01,42.35,42.75,42.2,42.6,2503060
2023-06-02,42.5,42.7,42.5,42.6,2012986
2023-06-05,42.5,42.7,42.45,42.5,2105677
2023-06-06,42.5,42.65,42.45,42.5,1384742
2023-06-07,42.45,42.6,42.4,42.6,1534843
2023-06-08,42.5,42.65,42.5,42.55,1289675
2023-06-09,42.6,42.6,42.4,42.5,1714342
2023-06-12,42.7,43.3,42.7,42.85,3132075
2023-06-13,42.85,43.05,42.8,42.95,2081916
2023-06-14,42.9,43.2,42.75,43.0,2491885
2023-06-15,42.95,43.05,42.7,42.7,2462339
2023-06-16,42.5,42.5,42.2,42.25,5536552
2023-06-19,42.25,42.5,42.15,42.3,2637068
2023-06-20,42.25,42.3,42.15,42.15,2166542
2023-06-21,42.15,42.5,42.1,42.25,2289446
2023-06-26,42.2,42.5,42.1,42.25,2106499
2023-06-27,42.2,42.35,42.2,42.25,1121027
2023-06-28,42.25,42.5,42.25,42.45,1080200
2023-06-29,42.5,42.9,42.5,42.75,1646706
2023-06-30,42.75,42.75,42.55,42.65,1425152
2023-07-03,42.75,42.8,42.65,42.8,1534354
2023-07-04,42.8,42.9,42.65,42.85,1817179
2023-07-05,42.85,42.95,42.7,42.7,1326067
2023-07-06,42.65,42.9,42.6,42.8,1889143
2023-07-07,42.65,42.9,42.6,42.75,2343480
2023-07-10,42.85,43.25,42.75,42.8,3810877
2023-07-11,42.9,43.0,42.65,43.0,2649032
2023-07-12,42.85,43.0,42.85,42.95,1506105
2023-07-13,42.9,42.9,42.6,42.8,3190885
2023-07-14,42.8,42.8,42.5,42.55,2973908
2023-07-17,42.7,42.75,42.15,42.25,4459416
2023-07-18,42.25,42.3,42.05,42.15,2894222
2023-07-19,42.1,42.25,42.0,42.15,2062165
2023-07-20,42.15,42.3,42.15,42.25,1394777
2023-07-21,42.3,42.5,42.1,42.15,1994039
2023-07-24,42.15,42.2,41.7,41.7,5015869
2023-07-25,41.7,41.9,41.5,41.6,2789856
2023-07-26,41.65,42.3,41.65,42.05,2235757
2023-07-27,42.1,42.4,42.1,42.4,1726124
2023-07-28,42.35,42.4,42.15,42.2,1299607
2023-07-31,42.2,42.5,42.2,42.3,1605637
2023-08-01,42.3,42.6,42.3,42.55,1795129
2023-08-02,42.55,42.65,42.35,42.55,2338915
2023-08-04,42.5,42.8,42.45,42.7,2254856
2023-08-07,42.65,42.8,42.6,42.8,1970231
2023-08-08,42.8,42.95,42.75,42.95,2081815
2023-08-09,42.8,43.0,42.6,42.65,1571036
2023-08-10,42.65,42.9,42.45,42.9,1809744
2023-08-11,42.8,43.45,42.75,43.4,6051539
2023-08-14,42.85,43.25,42.5,42.6,3959024
2023-08-15,42.7,43.05,42.65,42.65,1651656
2023-08-16,42.5,42.65,42.3,42.6,1962651
2023-08-17,42.55,42.8,42.4,42.6,1623882
2023-08-18,42.55,42.95,42.55,42.95,3068459
2023-08-21,42.9,43.1,42.7,42.75,2097710
2023-08-22,42.8,42.8,42.15,42.4,2890389
2023-08-23,42.4,42.55,42.15,42.3,1553214
2023-08-24,42.3,42.4,42.1,42.3,1609230
2023-08-25,42.35,42.6,42.3,42.4,947915
2023-08-28,42.4,43.0,42.4,42.95,2085805
2023-08-29,42.9,43.25,42.9,43.2,2338697
2023-08-30,43.1,43.25,43.05,43.25,1596458
2023-08-31,43.25,43.25,43.0,43.0,1056902
2023-09-01,42.95,43.05,42.8,42.95,1410263
2023-09-04,42.9,43.65,42.9,43.6,5244676
2023-09-05,43.55,43.8,43.35,43.45,2465531
2023-09-06,43.3,43.4,43.15,43.4,1551711
2023-09-07,43.15,43.4,43.1,43.4,1442842
2023-09-08,43.35,43.7,43.35,43.4,2697644
2023-09-11,43.4,43.55,43.35,43.5,2266366
2023-09-12,43.5,43.65,43.5,43.6,1656635
2023-09-13,43.55,43.75,43.55,43.7,2474610
2023-09-14,43.7,44.2,43.7,44.1,5534490
2023-09-15,44.05,44.05,43.25,43.25,7680407
2023-09-18,43.35,44.15,43.35,44.15,4988931
2023-09-19,44.25,44.35,44.0,44.3,3930377
2023-09-20,44.3,44.35,44.1,44.2,5115257
2023-09-21,44.05,44.25,43.75,43.95,4793010
2023-09-22,43.8,43.8,43.25,43.4,5255213
2023-09-25,43.3,43.5,42.95,43.05,8709237
2023-09-26,39.45,40.1,39.25,40.0,13048550
2023-09-27,40.0,40.0,39.5,39.55,6796795
2023-09-28,39.65,39.75,39.35,39.45,4211371
2023-10-02,39.55,39.6,39.2,39.3,4834188
2023-10-03,39.3,39.3,39.15,39.25,2500909
2023-10-04,39.2,39.2,39.0,39.1,3752226
2023-10-05,39.1,39.2,39.1,39.1,2458106
2023-10-06,39.2,39.45,39.0,39.4,2606760
2023-10-11,39.5,40.25,39.25,40.1,5475906
2023-10-12,39.95,40.2,39.7,40.2,2852584
2023-10-13,40.05,40.9,40.0,40.85,4583591
2023-10-16,40.75,41.35,40.4,41.3,4927394
2023-10-17,41.3,41.3,40.65,41.0,4306732
2023-10-18,41.0,42.05,40.65,42.05,18394725
2023-10-19,41.5,42.3,41.5,41.8,5779059
2023-10-20,41.55,41.65,41.05,41.1,2666020
2023-10-23,41.0,41.1,40.7,40.75,1797698
2023-10-24,40.8,40.95,40.6,40.8,1259968
2023-10-25,40.8,41.2,40.8,41.0,1338460
2023-10-26,41.0,41.25,40.8,40.95,1961718
2023-10-27,41.1,41.15,40.75,40.8,1266161
2023-10-30,40.85,41.0,40.6,40.9,1951800
2023-10-31,40.8,40.9,40.55,40.7,3147215
2023-11-01,40.8,40.8,40.1,40.6,2989052
2023-11-02,40.75,40.75,40.45,40.6,2119560
2023-11-03,40.75,40.95,40.55,40.6,2123994
2023-11-06,40.65,40.8,40.45,40.7,2756308
2023-11-07,40.6,40.95,40.55,40.7,1396681
2023-11-08,40.75,40.85,40.6,40.6,1715209
2023-11-09,40.6,40.75,40.6,40.6,1434554
2023-11-10,40.6,40.7,40.5,40.55,1587653
2023-11-13,40.5,40.75,40.5,40.6,2405244
2023-11-14,40.7,40.9,40.5,40.85,1772630
2023-11-15,40.6,41.0,40.5,40.9,5183037
2023-11-16,40.85,41.0,40.75,41.0,2104752
2023-11-17,41.0,41.05,40.85,40.9,1813217
2023-11-20,41.0,41.1,40.8,41.1,2292918
2023-11-21,41.05,41.1,40.85,40.85,2614793
2023-11-22,40.85,41.2,40.85,41.05,2390993
2023-11-23,41.25,41.95,41.2,41.3,3139134
2023-11-24,41.3,41.35,41.0,41.2,1550379
2023-11-27,41.15,41.2,40.95,40.95,1460622
2023-11-28,40.95,41.0,40.85,40.95,2348920
2023-11-29,40.95,41.0,40.85,40.85,1834065
2023-11-30,40.85,40.95,40.7,40.95,2607131
2023-12-01,40.95,40.95,40.7,40.8,2177326
2023-12-04,40.8,40.85,40.55,40.7,3338978
2023-12-05,40.55,40.65,40.5,40.55,2297427
2023-12-06,40.6,40.6,40.2,40.35,5386678
2023-12-07,40.35,40.45,40.2,40.2,1793709
2023-12-08,40.2,40.25,40.1,40.15,2734277
2023-12-11,40.15,40.15,40.0,40.1,3051046
2023-12-12,40.1,40.1,39.9,39.9,4990899
2023-12-13,39.95,40.1,39.9,40.05,4412240
2023-12-14,40.1,40.4,40.1,40.4,3501038
2023-12-15,40.45,40.6,40.2,40.4,4686988
2023-12-18,40.35,40.45,40.0,40.45,4163271
2023-12-19,40.4,40.4,39.9,40.15,3324988
2023-12-20,40.15,40.15,39.9,40.15,3255966
2023-12-21,40.0,40.1,39.5,39.9,9032420
2023-12-22,39.9,40.0,39.85,39.9,1915207
2023-12-25,40.05,40.05,39.85,40.0,982599
2023-12-26,40.1,40.3,40.05,40.05,1735305
2023-12-27,40.1,40.2,40.05,40.1,2163696
2023-12-28,40.1,40.2,40.0,40.15,1537127
2023-12-29,40.1,40.25,40.0,40.1,1602849
2024-01-02,40.2,40.3,40.1,40.25,1623308
2024-01-03,40.25,40.25,40.1,40.1,2268459
2024-01-04,40.1,40.2,40.05,40.1,1349284
2024-01-05,40.15,40.2,40.1,40.2,1663933
2024-01-08,40.2,40.3,40.1,40.2,1450815
2024-01-09,40.2,40.2,40.05,40.05,1527585
2024-01-10,40.05,40.1,40.0,40.0,1624970
2024-01-11,40.05,40.1,39.85,39.95,2072519
2024-01-12,39.95,40.0,39.85,39.9,1560019
2024-01-15,39.95,40.05,39.9,39.9,1587619
2024-01-16,39.9,39.9,39.55,39.7,5367602
2024-01-17,39.6,39.85,39.6,39.85,3857043
2024-01-18,39.9,39.9,39.7,39.7,1849700
2024-01-19,39.55,39.85,39.5,39.7,2102302
2024-01-22,39.75,39.8,39.55,39.55,1931403
2024-01-23,39.55,39.7,39.4,39.5,2618427
2024-01-24,39.5,39.65,39.4,39.55,2361619
2024-01-25,39.65,39.7,39.45,39.5,1266902
2024-01-26,39.45,39.65,39.4,39.6,957843
2024-01-29,39.55,39.8,39.5,39.8,1104073
2024-01-30,39.85,39.9,39.5,39.55,1772139
2024-01-31,39.55,39.65,39.55,39.6,805724
2024-02-01,39.65,39.75,39.55,39.6,1069584
2024-02-02,39.65,39.7,39.5,39.7,1895002
2024-02-05,39.75,40.0,39.55,39.8,2357609
2024-02-15,39.75,39.75,39.4,39.5,2887855
2024-02-16,39.5,39.65,39.3,39.65,3574107
2024-02-19,39.55,39.75,39.55,39.65,2390470
2024-02-20,39.65,39.7,39.5,39.65,2441769
2024-02-21,39.8,40.1,39.7,40.1,3540467
2024-02-22,40.15,40.2,39.75,39.75,2140409
2024-02-23,39.8,39.9,39.55,39.55,1628136
2024-02-26,39.7,39.95,39.7,39.9,2592322
2024-02-27,39.95,40.05,39.7,39.7,1627277
2024-02-29,39.75,39.95,39.7,39.7,1853139
2024-03-01,39.7,39.85,39.65,39.7,1440602
2024-03-04,39.7,39.75,39.55,39.65,2328602
2024-03-05,39.65,39.75,39.6,39.6,1979698
2024-03-06,39.65,39.7,39.6,39.65,2476258
2024-03-07,39.65,40.0,39.6,39.9,3670432
2024-03-08,39.85,39.9,39.6,39.75,3256448
2024-03-11,39.75,39.9,39.5,39.9,2501700
2024-03-12,39.75,40.0,39.7,39.95,4171421
2024-03-13,39.95,39.95,39.75,39.8,2953876
2024-03-14,39.8,39.95,39.7,39.85,2187543
2024-03-15,39.65,39.65,39.15,39.2,8147492
2024-03-18,39.2,39.25,38.85,39.1,4110282
2024-03-19,38.95,38.95,38.6,38.7,5423245
2024-03-20,38.6,38.9,38.3,38.5,6289357
2024-03-21,38.55,38.95,38.55,38.65,3805036
2024-03-22,38.6,38.95,38.6,38.8,2506452
2024-03-25,38.8,39.4,38.8,39.35,2440070
2024-03-26,39.3,39.3,38.95,39.0,2712378
2024-03-27,39.8,40.8,39.55,40.6,12676308
2024-03-28,40.2,40.65,40.15,40.5,4524355
2024-03-29,40.4,40.4,40.0,40.15,3124593
2024-04-01,40.15,40.45,40.15,40.25,2954546
2024-04-02,40.1,40.3,40.05,40.1,3039266
2024-04-03,40.0,40.5,40.0,40.25,3759996
2024-04-08,40.25,41.0,40.25,40.7,6056107
2024-04-09,40.75,41.3,40.45,41.2,5785963
2024-04-10,41.15,41.7,41.15,41.35,4576563
2024-04-11,41.2,41.2,40.9,41.1,2829724
2024-04-12,41.0,41.15,40.8,40.8,3044489
2024-04-15,40.7,41.25,40.65,40.8,3831297
2024-04-16,40.8,40.8,40.05,40.1,5531195
2024-04-17,40.1,41.0,40.1,40.85,3909809
2024-04-18,40.45,42.2,40.35,41.6,9139429
2024-04-19,41.3,42.15,40.9,41.45,11710110
2024-04-22,41.45,44.45,41.1,42.4,25648491
2024-04-23,42.4,42.65,41.8,42.25,8413807
2024-04-24,42.3,42.45,41.85,41.95,6203317
2024-04-25,42.0,43.0,42.0,42.7,8111576
2024-04-26,42.7,43.6,42.4,42.95,8067344
2024-04-29,43.25,44.8,42.9,44.3,14761386
2024-04-30,44.3,44.35,43.2,44.3,10851875
2024-05-02,44.0,47.5,44.0,46.6,35977708
2024-05-03,47.5,48.2,46.1,47.2,31047817
2024-05-06,47.75,48.7,47.2,48.15,27788955
2024-05-07,48.2,50.0,47.05,47.85,36687009
2024-05-08,47.9,48.8,46.5,46.85,17208081
2024-05-09,46.85,47.65,45.55,45.65,14704413
2024-05-10,45.8,45.95,45.15,45.2,8488806
2024-05-13,45.25,46.25,44.7,46.1,7195096
2024-05-14,46.1,46.2,45.15,45.25,5963807
2024-05-15,45.0,45.55,44.2,44.45,9685358
2024-05-16,44.95,46.15,44.55,45.55,13250717
2024-05-17,45.8,46.15,45.35,45.7,4692414
2024-05-20,45.75,46.15,45.1,45.2,5235823
2024-05-21,45.2,45.2,44.35,44.6,6534881
2024-05-22,44.6,45.3,44.45,45.25,5763632
2024-05-23,45.0,45.0,44.4,44.5,6636307
2024-05-24,44.3,44.6,43.75,44.35,4198975
2024-05-27,44.45,44.7,43.9,44.2,6271931
2024-05-28,44.25,45.0,44.2,44.35,4836320
2024-05-29,44.3,45.5,44.2,45.35,7793726
2024-05-30,45.2,45.5,44.75,44.8,4811578
2024-05-31,44.85,46.0,44.85,45.8,8197405
2024-06-03,46.0,46.4,45.45,46.4,9202703
2024-06-04,46.25,46.6,45.75,46.5,5783974
2024-06-05,46.5,47.3,46.3,46.55,5859803
2024-06-06,46.9,47.65,46.65,47.35,11554626
2024-06-07,47.35,49.35,47.05,48.45,20984412
2024-06-11,48.45,49.25,47.45,48.95,18848708
2024-06-12,49.1,49.7,48.3,48.3,15806816
2024-06-13,48.4,49.25,47.7,49.15,13468026
2024-06-14,49.5,52.5,49.1,51.6,38212050
2024-06-17,52.4,53.5,51.4,52.1,24282529
2024-06-18,52.3,52.5,51.3,51.6,9949423
2024-06-19,51.5,52.3,50.7,51.7,13867572
2024-06-20,51.7,52.7,51.5,52.5,10449080
2024-06-21,52.8,53.2,51.3,52.8,30058361
2024-06-24,52.3,54.7,52.0,53.2,36777440
2024-06-25,53.1,53.5,51.6,51.9,29602373
2024-06-26,52.0,53.4,51.8,52.7,27417027
2024-06-27,52.4,54.3,52.4,53.4,31457842
2024-06-28,53.8,53.8,52.0,52.1,11800657
2024-07-01,51.8,53.1,51.7,53.1,7867533
2024-07-02,53.1,53.3,52.4,53.1,5409100
2024-07-03,53.1,53.7,52.8,53.2,5459312
2024-07-04,53.7,55.8,53.5,55.2,17525178
2024-07-05,55.8,55.8,54.9,55.3,5754266
2024-07-08,55.3,57.4,55.2,55.5,11029623
2024-07-09,55.5,55.6,53.4,54.6,10248123
2024-07-10,55.0,60.0,54.9,59.4,27092483
2024-07-11,59.1,61.6,58.6,60.0,22199486
2024-07-12,59.0,61.6,59.0,60.7,11707711
2024-07-15,61.5,64.4,60.7,61.2,23802244
2024-07-16,61.5,65.4,61.2,64.4,37232299
2024-07-17,64.5,67.3,64.4,65.0,30228646
2024-07-18,64.7,66.8,63.5,65.9,25507812
2024-07-19,66.2,66.3,61.6,63.8,34051652
2024-07-22,63.6,63.7,59.9,60.6,28880081
2024-07-23,61.5,63.7,61.0,62.6,17248458
2024-07-26,60.9,63.2,60.6,61.6,11657120
2024-07-29,62.3,65.0,62.2,63.0,27257969
2024-07-30,62.8,64.8,61.3,64.1,13512381
2024-07-31,64.4,65.0,62.3,64.0,13878743
2024-08-01,63.2,64.6,62.6,64.3,15542423
2024-08-02,63.5,63.5,60.6,60.8,25026373
2024-08-05,57.9,57.9,54.8,54.8,28390889
2024-08-06,55.6,56.8,49.35,50.5,58826491
2024-08-07,52.0,54.3,51.5,53.0,20691613
2024-08-08,52.0,53.5,51.0,52.7,9643828
2024-08-09,53.4,54.1,52.6,52.9,13281973
2024-08-12,53.5,55.8,53.4,54.6,12131679
2024-08-13,55.0,55.1,53.8,54.4,6263404
2024-08-14,54.4,55.4,53.8,55.2,8895574
2024-08-15,55.5,56.0,54.8,55.0,8229301
2024-08-16,55.8,59.6,55.7,58.3,20001643
2024-08-19,59.2,61.0,58.4,59.4,14881328
2024-08-20,59.8,59.9,56.0,56.9,17879584
2024-08-21,56.9,56.9,54.4,54.8,20372838
2024-08-22,54.3,54.4,51.7,53.6,24717227
2024-08-23,53.0,53.3,52.1,52.2,10024369
2024-08-26,52.4,53.1,51.6,51.9,9626689
2024-08-27,51.5,52.8,51.5,52.6,5464510
2024-08-28,52.7,53.4,52.2,52.6,6743274
2024-08-29,52.3,53.0,52.0,52.3,4239139
2024-08-30,52.6,56.2,52.5,55.7,14494275
2024-09-02,56.1,56.6,54.2,54.5,10068479
2024-09-03,55.5,55.6,54.2,54.2,5302207
2024-09-04,51.5,53.5,50.9,52.2,9997279
2024-09-05,52.8,53.8,52.4,53.0,5839950
2024-09-06,53.5,53.9,52.5,53.2,3681209
2024-09-09,51.9,52.8,50.9,51.8,13030211
2024-09-10,52.0,53.2,50.8,51.5,9123958
2024-09-11,51.4,51.5,49.5,50.3,14353744
2024-09-12,50.9,51.2,50.2,51.0,5689275
2024-09-13,50.9,52.2,50.8,52.0,4153516
2024-09-16,52.4,52.6,51.6,52.0,3387729
2024-09-18,52.0,52.7,51.2,51.4,7807601
2024-09-19,51.8,54.6,51.8,54.2,10637479
2024-09-20,51.2,51.5,48.95,49.2,41649017
2024-09-23,47.3,49.25,47.25,49.1,23157579
2024-09-24,49.25,49.7,48.8,49.15,10114533
2024-09-25,49.7,50.5,49.6,50.3,12231662
2024-09-26,46.0,46.3,45.4,45.4,13424616
2024-09-27,45.75,45.75,45.3,45.6,4414803
2024-09-30,45.65,45.65,45.1,45.1,3922218
2024-10-01,45.2,45.45,44.5,44.6,4769009
2024-10-04,44.6,44.6,43.2,43.6,7695653
2024-10-07,43.6,44.9,43.5,44.9,5563043
2024-10-08,44.85,45.3,44.25,45.2,4304381
2024-10-09,45.3,45.35,44.05,44.05,4327044
2024-10-11,43.9,44.65,43.6,43.6,4796979
2024-10-14,43.8,43.9,42.95,43.5,4629987
2024-10-15,43.5,43.75,42.75,43.0,5966538
2024-10-16,42.7,43.4,42.6,42.95,9864994
2024-10-17,43.0,43.85,42.9,43.6,2306071
2024-10-18,43.6,43.7,42.8,43.05,4318279
2024-10-21,43.1,43.15,42.2,42.75,4605044
2024-10-22,42.6,42.6,42.0,42.25,4274671
2024-10-23,42.15,42.3,40.8,41.0,12654412
2024-10-24,40.95,40.95,40.2,40.3,11635648
2024-10-25,40.4,41.25,40.3,40.7,8081378
2024-10-28,40.75,41.85,40.75,41.4,3727498
2024-10-29,41.45,41.5,40.7,41.0,3211683
2024-10-30,41.25,41.25,40.75,40.75,3268843
2024-11-01,40.2,41.45,40.0,41.35,5370896
2024-11-04,41.55,41.75,40.5,40.85,5074203
2024-11-05,40.7,41.2,40.6,40.85,3468536
2024-11-06,40.85,41.15,40.3,40.7,3129230
2024-11-07,40.7,41.35,40.7,41.05,2534051
2024-11-08,41.2,42.5,41.2,41.45,5255336
2024-11-11,41.55,43.1,41.5,42.9,8601309
2024-11-12,42.5,42.8,42.1,42.1,6950590
2024-11-13,42.1,43.1,42.05,42.8,4831784
2024-11-14,42.95,42.95,42.2,42.55,3459090
2024-11-15,42.9,43.55,42.4,43.3,5338166
2024-11-18,43.4,43.5,42.8,43.1,3153590
2024-11-19,43.3,43.8,42.95,43.8,3195306
2024-11-20,43.8,43.8,42.5,43.0,5968557
2024-11-21,42.6,43.85,42.6,43.85,5972044
2024-11-22,43.8,44.65,43.6,44.1,5218746
2024-11-25,44.75,46.25,44.55,46.05,15686804
2024-11-26,46.0,47.0,45.55,46.55,11464894
2024-11-27,47.05,47.4,45.9,46.05,8645694
2024-11-28,46.05,46.85,45.85,46.35,8334688
2024-11-29,46.25,48.0,45.6,47.95,15373241
2024-12-02,48.1,48.25,47.45,47.8,6964463
2024-12-03,47.75,48.2,47.2,47.8,6990623
2024-12-04,47.75,48.8,47.7,48.35,7218845
2024-12-05,48.35,48.7,46.4,46.8,8885108
2024-12-06,46.8,48.5,46.45,48.5,10277901
2024-12-09,48.6,48.8,47.25,47.4,9511124
2024-12-10,47.4,47.95,46.65,46.65,7269659
2024-12-11,46.5,47.15,46.3,46.65,6514169
2024-12-12,47.0,47.35,46.6,46.65,5443762
2024-12-13,46.6,47.05,45.8,45.9,6782721
2024-12-16,46.2,47.35,46.05,46.1,6608542
2024-12-17,46.2,46.65,45.0,45.05,7332051
2024-12-18,44.95,45.65,44.7,45.05,5885727
2024-12-19,44.5,45.5,44.5,45.3,6690064
2024-12-20,46.4,46.9,43.2,43.2,25386563
2024-12-23,43.9,44.7,42.5,42.5,17421880
2024-12-24,42.8,43.85,42.5,42.5,18428921
2024-12-25,42.85,43.3,42.25,42.25,17674509
2024-12-26,42.6,43.0,42.3,42.3,12864367
2024-12-27,42.6,42.8,42.4,42.65,5948740
2024-12-30,42.85,44.4,42.85,43.7,7996955
2024-12-31,43.5,44.3,43.35,43.45,7328834
2025-01-02,43.5,44.25,43.5,43.75,3553599
2025-01-03,43.8,44.15,43.3,43.35,3983082
2025-01-06,43.35,43.75,43.2,43.55,3071483
2025-01-07,43.7,43.8,42.85,42.9,3624881
2025-01-08,42.9,43.2,42.6,42.95,2602249
2025-01-09,42.9,43.1,42.2,42.2,3801765
2025-01-10,42.2,42.4,41.65,41.9,3297887
2025-01-13,41.8,41.8,40.2,41.35,5983775
2025-01-14,41.5,42.1,41.5,41.9,2210911
2025-01-15,42.2,42.65,41.75,41.8,3126636
2025-01-16,42.25,42.5,42.0,42.05,1569758
2025-01-17,42.05,42.4,41.9,41.9,1861491
2025-01-20,42.2,43.1,42.1,43.1,2476999
2025-01-21,43.25,43.25,42.45,42.45,1997528
2025-01-22,42.85,43.0,42.55,42.65,1549820
2025-02-03,42.65,43.85,42.6,43.85,6190424
2025-02-04,43.95,44.0,43.15,43.2,2471808
2025-02-05,43.5,43.75,42.9,43.25,2839801
2025-02-06,43.25,43.8,43.2,43.8,2077943
2025-02-07,43.5,43.7,43.0,43.3,2419332
2025-02-10,43.2,43.8,43.15,43.7,3300604
2025-02-11,43.3,43.5,42.9,42.95,4424554
2025-02-12,42.8,43.15,42.8,42.8,2082778
2025-02-13,43.0,43.6,42.95,43.3,1959286
2025-02-14,43.15,43.6,43.1,43.5,1815442
2025-02-17,43.8,43.9,43.2,43.8,2846049
2025-02-18,43.9,44.0,43.4,43.7,2285438
2025-02-19,43.7,44.55,43.7,44.05,4823177
2025-02-20,44.05,45.0,44.05,44.65,4253069
2025-02-21,44.65,46.05,44.55,45.3,7326450
2025-02-24,45.55,45.95,45.4,45.85,3050321
2025-02-25,45.5,45.7,45.2,45.65,2352903
2025-02-26,45.25,45.65,44.6,44.85,3802738
2025-02-27,44.85,45.0,44.2,44.3,3131419
2025-03-03,44.3,44.85,44.3,44.75,3814177
2025-03-04,44.35,44.55,43.8,44.55,3141264
2025-03-05,44.4,44.6,44.1,44.3,2434786
2025-03-06,44.3,44.45,43.4,43.5,4866764
2025-03-07,43.5,43.55,43.0,43.15,3006130
2025-03-10,43.5,43.5,42.9,43.35,2496504
2025-03-11,42.65,43.05,42.15,42.95,4476974
2025-03-12,42.85,42.95,42.5,42.65,3669026
2025-03-13,43.45,44.15,42.9,43.0,4700575
2025-03-14,43.1,43.4,42.65,42.9,3878355
2025-03-17,43.5,43.5,42.95,43.2,1980810
2025-03-18,43.4,43.8,43.2,43.4,2290724
2025-03-19,43.35,43.5,42.85,42.95,2769212
2025-03-20,43.05,43.35,42.85,43.15,1731428
2025-03-21,43.95,45.2,43.35,45.0,9224782
2025-03-24,45.2,45.75,44.55,45.3,7041730
2025-03-25,45.35,45.35,44.55,45.2,4767663
2025-03-26,45.25,45.55,44.85,45.25,4302265
2025-03-27,45.0,45.8,44.9,45.8,7505031
2025-03-28,45.85,46.95,44.55,45.0,14127240
2025-03-31,44.1,44.35,43.45,43.45,7562553
2025-04-01,43.55,43.8,42.65,42.8,7847726
2025-04-02,43.0,43.65,42.2,43.55,4536201
2025-04-07,39.2,39.2,39.2,39.2,3141512
2025-04-08,36.8,39.05,36.8,38.9,14737556
2025-04-09,38.35,39.4,35.6,36.15,15451746
2025-04-10,39.75,39.75,39.75,39.75,1914177
2025-04-11,39.0,39.8,38.0,39.75,5259516
2025-04-14,39.75,40.75,39.55,39.8,4778608
2025-04-15,39.85,41.0,39.8,41.0,3360596
2025-04-16,40.6,41.35,40.3,40.5,3259676
2025-04-17,40.2,40.85,40.0,40.4,1749398
2025-04-18,40.45,40.6,40.0,40.0,2315487
2025-04-21,39.9,40.15,39.3,39.5,2146992
2025-04-22,39.05,39.6,39.0,39.1,1952567
2025-04-23,40.2,40.3,39.7,40.2,3657612
2025-04-24,40.3,40.55,40.1,40.1,1450215
2025-04-25,40.2,40.6,40.2,40.3,2453005
2025-04-28,40.3,40.35,39.8,40.15,2644526
2025-04-29,40.15,40.55,40.0,40.4,1998114
2025-04-30,40.4,40.9,40.2,40.8,3439758
2025-05-02,41.0,42.3,40.8,42.3,5433715
2025-05-05,43.5,44.35,42.85,43.2,11062197
2025-05-06,43.25,43.3,42.2,42.65,4034049
2025-05-07,42.65,42.65,41.5,41.6,3225465
2025-05-08,41.7,42.0,41.55,41.55,1925191
2025-05-09,41.45,42.05,41.25,42.05,2234871
2025-05-12,42.15,42.15,41.7,42.05,1812245
2025-05-13,42.15,42.4,42.05,42.4,2304820
2025-05-14,42.4,42.4,41.6,41.95,4128642
2025-05-15,41.8,41.8,41.2,41.25,4063402
2025-05-16,41.4,41.95,41.35,41.8,2644205
2025-05-19,41.95,42.35,41.65,41.95,2859901
2025-05-20,41.9,42.05,41.45,42.0,2595621
2025-05-21,42.0,42.25,41.85,42.1,1804322
2025-05-22,41.9,42.2,41.8,42.05,1284388
2025-05-23,41.75,42.0,41.65,41.8,2119158
2025-05-26,41.65,42.0,41.25,41.25,3490213
