Date,Open,High,Low,Close,Volume
2015-01-05,16.95,17.25,16.75,16.85,29876132
2015-01-06,16.85,16.95,16.55,16.65,25013432
2015-01-07,16.8,17.5,16.75,17.15,70562903
2015-01-08,17.3,17.35,16.75,16.8,42086559
2015-01-09,17.0,17.3,16.95,17.15,41361849
2015-01-12,17.2,17.25,17.0,17.0,20693782
2015-01-13,17.25,17.45,17.05,17.05,33757785
2015-01-14,17.3,17.3,16.85,17.3,26099309
2015-01-15,17.3,17.3,16.65,16.85,24076528
2015-01-16,16.9,17.15,16.45,16.9,33769842
2015-01-19,16.95,16.95,16.5,16.5,12279632
2015-01-20,16.75,16.95,16.7,16.8,13712295
2015-01-21,17.0,17.15,16.85,16.9,12690165
2015-01-22,16.95,17.0,16.65,17.0,13982274
2015-01-23,17.0,17.05,16.75,16.8,17997823
2015-01-26,17.0,17.45,16.95,17.35,38533992
2015-01-27,17.6,17.75,17.35,17.5,25602732
2015-01-28,17.25,17.4,17.2,17.3,9428044
2015-01-29,17.5,17.6,16.8,16.9,28016715
2015-01-30,16.95,17.0,16.65,16.9,10498532
2015-02-02,16.7,16.7,16.15,16.2,19824494
2015-02-03,16.2,16.35,15.95,16.3,11582703
2015-02-04,16.15,16.25,15.85,16.05,20611937
2015-02-05,16.2,16.45,16.15,16.35,16651630
2015-02-06,16.3,16.3,16.05,16.3,7845061
2015-02-09,16.3,16.35,16.1,16.25,8845936
2015-02-10,16.15,16.4,16.1,16.1,6672083
2015-02-11,16.3,16.35,16.0,16.0,8932823
2015-02-12,16.15,16.3,16.0,16.3,7402170
2015-02-13,16.3,16.4,16.15,16.25,8465325
2015-02-24,16.4,16.5,16.1,16.2,11399803
2015-02-25,16.3,16.95,16.2,16.9,24436414
2015-02-26,16.8,17.05,16.7,17.0,16992267
2015-03-02,17.25,17.65,17.25,17.5,32116003
2015-03-03,17.65,17.7,17.35,17.4,12291317
2015-03-04,17.4,17.55,17.1,17.1,13260628
2015-03-05,17.2,17.35,16.9,16.95,11454652
2015-03-06,16.95,17.2,16.95,17.2,9122499
2015-03-09,17.2,17.3,17.0,17.1,7210321
2015-03-10,17.15,17.3,17.05,17.2,16336876
2015-03-11,17.2,18.0,17.2,17.7,44285946
2015-03-12,17.7,18.3,17.7,18.25,37611985
2015-03-13,18.4,18.5,18.15,18.15,26944736
2015-03-16,18.35,18.55,18.2,18.25,19843988
2015-03-17,18.5,18.7,18.3,18.3,26902933
2015-03-18,18.5,19.25,18.4,19.05,48224070
2015-03-19,19.1,19.15,18.65,18.75,30605119
2015-03-20,18.95,19.0,18.6,18.6,18733597
2015-03-23,18.6,18.95,18.45,18.55,18713578
2015-03-24,18.65,19.05,18.45,19.0,21306917
2015-03-25,19.0,19.0,18.5,18.5,18799343
2015-03-26,17.9,18.0,17.3,17.3,48889395
2015-03-27,17.3,17.4,16.9,17.2,25140382
2015-03-30,17.5,17.6,17.3,17.45,15234665
2015-03-31,17.7,18.1,17.6,18.0,24054100
2015-04-01,18.0,18.1,17.7,17.8,13445316
2015-04-02,17.6,17.9,17.6,17.75,9361477
2015-04-07,17.7,18.35,17.65,18.15,23388242
2015-04-08,18.2,18.35,17.95,18.2,18788905
2015-04-09,18.3,18.5,18.0,18.05,16031608
2015-04-10,18.15,18.2,17.8,17.8,12310746
2015-04-13,18.0,18.3,17.95,18.25,16544692
2015-04-14,18.25,18.4,18.15,18.3,15304767
2015-04-15,18.3,18.45,17.6,17.75,22721642
2015-04-16,17.65,17.8,17.5,17.7,16383711
2015-04-17,18.0,18.0,17.4,17.45,17147523
2015-04-20,17.3,17.55,16.35,16.5,36141298
2015-04-21,16.8,16.85,16.45,16.65,13647705
2015-04-22,16.7,17.05,16.5,17.0,13171567
2015-04-23,17.1,17.15,16.5,16.9,16797177
2015-04-24,16.8,16.9,15.9,16.0,38929171
2015-04-27,16.1,16.15,15.3,15.6,37161709
2015-04-28,15.6,16.05,15.6,15.9,23068044
2015-04-29,16.0,16.15,15.9,15.9,15282057
2015-04-30,15.9,16.05,15.6,16.05,17224776
2015-05-04,16.05,16.05,15.75,15.75,11796508
2015-05-05,15.75,15.95,15.75,15.9,10317652
2015-05-06,15.6,15.6,14.9,15.0,34592438
2015-05-07,14.9,14.9,14.6,14.65,23985432
2015-05-08,15.0,15.05,14.85,14.95,18596743
2015-05-11,15.15,15.2,14.45,14.7,15751767
2015-05-12,14.6,14.8,14.5,14.75,11691784
2015-05-13,14.75,15.0,14.55,14.8,12848629
2015-05-14,14.95,15.1,14.75,14.85,11946951
2015-05-15,14.9,14.95,14.5,14.5,12031566
2015-05-18,13.85,13.85,13.5,13.5,40436772
2015-05-19,13.15,13.45,12.9,13.3,34913799
2015-05-20,13.4,13.65,13.1,13.1,21760720
2015-05-21,13.0,13.0,12.25,12.4,59859047
2015-05-22,12.35,12.6,12.25,12.45,32011348
2015-05-25,12.5,12.85,12.45,12.65,27428722
2015-05-26,12.75,12.8,12.5,12.5,18121670
2015-05-27,12.55,12.6,12.3,12.4,25761081
2015-05-28,12.55,12.55,12.35,12.4,13128687
2015-05-29,12.4,12.6,12.4,12.45,14364543
2015-06-01,12.4,12.5,12.2,12.25,12126946
2015-06-02,12.2,12.25,12.0,12.1,16036107
2015-06-03,12.1,12.15,11.85,11.9,19193594
2015-06-04,11.9,12.1,11.5,11.5,23761910
2015-06-05,11.55,11.65,11.25,11.3,21839930
2015-06-08,11.25,11.25,10.8,11.1,21826973
2015-06-09,11.0,11.0,10.2,10.2,29786110
2015-06-10,10.2,11.2,10.2,11.2,36010572
2015-06-11,11.3,11.3,10.75,11.0,33602517
2015-06-12,10.95,11.1,10.6,10.65,17641431
2015-06-15,10.65,10.7,10.35,10.35,15104938
2015-06-16,10.4,10.5,10.3,10.45,9949306
2015-06-17,10.45,10.65,10.4,10.45,12649677
2015-06-18,10.45,11.1,10.45,10.9,29244287
2015-06-22,11.0,11.05,10.75,10.85,9375126
2015-06-23,10.85,10.95,10.65,10.7,15501463
2015-06-24,10.8,10.8,10.55,10.8,8141961
2015-06-25,10.8,11.1,10.8,10.9,12680618
2015-06-26,10.95,11.05,10.8,10.85,8759902
2015-06-29,10.7,10.75,10.55,10.6,7747200
2015-06-30,10.65,10.9,10.65,10.8,9479049
2015-07-01,10.85,11.2,10.7,11.15,14450662
2015-07-02,11.2,11.3,11.0,11.0,13278008
2015-07-03,11.1,11.1,10.85,11.0,8987087
2015-07-06,11.0,11.7,10.95,11.55,26348401
2015-07-07,11.95,12.3,11.9,12.0,53289135
2015-07-08,12.05,12.1,11.35,11.5,30671356
2015-07-09,11.3,11.6,10.95,11.25,24152276
2015-07-13,11.7,11.75,11.3,11.3,17942611
2015-07-14,11.4,11.55,11.35,11.4,9540851
2015-07-15,11.55,12.4,11.55,12.05,35335569
2015-07-16,12.2,12.3,11.95,12.05,27882608
2015-07-17,12.05,12.2,11.8,11.85,14091383
2015-07-20,11.85,11.95,11.3,11.5,17057335
2015-07-21,11.55,11.8,11.5,11.7,10045995
2015-07-22,11.7,11.75,11.5,11.6,6238850
2015-07-23,11.55,11.7,11.4,11.55,10458880
2015-07-24,11.6,11.75,11.5,11.55,4962863
2015-07-27,11.45,11.55,11.05,11.05,12403588
2015-07-28,11.0,11.05,10.55,10.75,22862810
2015-07-29,10.75,10.9,10.7,10.9,9091847
2015-07-30,10.9,11.1,10.85,10.9,6081943
2015-07-31,10.9,11.0,10.75,10.85,6396257
2015-08-03,11.05,11.3,10.95,11.2,16335934
2015-08-04,11.3,11.4,10.9,10.9,13990813
2015-08-05,10.95,11.25,10.95,11.1,10914307
2015-08-06,11.2,11.25,10.9,10.9,8172503
2015-08-07,10.85,11.05,10.85,10.9,4607786
2015-08-10,11.05,11.4,11.0,11.25,11830091
2015-08-11,11.3,11.35,11.05,11.15,7164511
2015-08-12,11.05,11.15,10.9,10.95,6445304
2015-08-13,10.95,11.0,10.75,10.85,6114047
2015-08-14,10.85,11.0,10.75,10.8,5665871
2015-08-17,10.85,10.95,10.8,10.8,3840838
2015-08-18,10.85,10.95,10.7,10.7,5336351
2015-08-19,10.7,10.8,10.1,10.25,23160911
2015-08-20,10.25,10.5,10.2,10.4,10781841
2015-08-21,10.25,10.3,10.15,10.2,9765387
2015-08-24,10.0,10.05,9.18,9.2,29920215
2015-08-25,8.5,9.75,8.5,9.62,20945257
2015-08-26,9.4,9.8,9.25,9.68,9182325
2015-08-27,9.88,10.1,9.85,9.95,11876168
2015-08-28,10.1,10.9,10.05,10.9,18431465
2015-08-31,10.8,10.8,10.3,10.45,21470769
2015-09-01,10.3,10.45,10.2,10.25,7471458
2015-09-02,10.15,10.2,10.0,10.05,17376148
2015-09-03,10.15,10.15,10.0,10.1,7621998
2015-09-04,10.1,10.15,9.85,9.85,10042748
2015-09-07,9.8,9.93,9.71,9.9,3930937
2015-09-08,9.9,10.15,9.86,9.92,6449630
2015-09-09,10.15,10.35,10.05,10.25,12884961
2015-09-10,10.25,10.6,10.1,10.55,15497621
2015-09-11,10.55,10.55,10.35,10.35,8414602
2015-09-14,10.4,10.5,10.3,10.35,6146377
2015-09-15,10.35,10.45,10.25,10.3,4181767
2015-09-16,10.4,10.45,10.25,10.25,4461107
2015-09-17,10.35,10.5,10.3,10.35,8517719
2015-09-18,10.4,10.4,10.2,10.2,7101767
2015-09-21,10.2,10.25,10.0,10.1,6913704
2015-09-22,10.15,10.15,10.0,10.05,5274012
2015-09-23,10.0,10.0,9.9,9.92,7338206
2015-09-24,10.0,10.0,9.75,9.76,7502338
2015-09-25,9.76,9.79,9.51,9.59,9530371
2015-09-30,9.51,9.6,9.35,9.51,7826705
2015-10-01,9.6,9.86,9.55,9.83,10212306
2015-10-02,9.83,9.83,9.73,9.76,4297514
2015-10-05,9.83,9.87,9.76,9.78,3504315
2015-10-06,9.88,9.96,9.83,9.89,7544509
2015-10-07,9.89,9.98,9.76,9.98,5854329
2015-10-08,10.05,10.15,9.86,9.89,6821761
2015-10-12,9.93,10.1,9.92,10.0,6534810
2015-10-13,10.05,10.1,9.99,10.1,6684075
2015-10-14,10.05,10.25,10.0,10.1,7793570
2015-10-15,10.2,10.2,10.1,10.15,5919635
2015-10-16,10.2,10.25,10.1,10.1,4701816
2015-10-19,10.1,10.2,10.0,10.05,5549314
2015-10-20,10.1,10.1,10.0,10.1,5582296
2015-10-21,10.1,10.15,9.97,9.99,5668562
2015-10-22,9.95,10.15,9.95,9.99,7093570
2015-10-23,10.1,10.3,10.0,10.05,10301367
2015-10-26,10.15,10.25,10.1,10.15,5174936
2015-10-27,10.1,10.2,10.05,10.15,3995343
2015-10-28,10.15,10.2,10.0,10.05,6109012
2015-10-29,10.05,10.1,9.95,9.95,4670883
2015-10-30,10.0,10.05,9.8,9.89,5376723
2015-11-02,9.84,9.93,9.84,9.93,3498766
2015-11-03,10.0,10.05,9.9,10.0,8472264
2015-11-04,10.05,10.15,10.0,10.1,6518732
2015-11-05,10.1,10.15,10.0,10.05,4224321
2015-11-06,10.05,10.05,9.85,9.85,7566504
2015-11-09,9.85,9.88,9.69,9.69,7302790
2015-11-10,9.6,9.6,9.46,9.5,6320884
2015-11-11,9.5,9.52,9.25,9.26,10627038
2015-11-12,9.26,9.35,9.2,9.24,5232462
2015-11-13,9.06,9.24,9.05,9.05,9243682
2015-11-16,8.4,9.0,8.23,8.81,21672802
2015-11-17,8.82,9.19,8.82,9.12,10258849
2015-11-18,9.23,9.29,8.98,9.01,7150653
2015-11-19,9.04,9.14,8.96,8.96,7319121
2015-11-20,8.97,9.0,8.71,8.72,9436679
2015-11-23,8.77,8.8,8.6,8.64,6402190
2015-11-24,8.75,8.77,8.65,8.72,5182384
2015-11-25,8.75,8.8,8.54,8.54,6168412
2015-11-26,8.54,8.89,8.54,8.82,9107365
2015-11-27,8.65,8.77,8.46,8.46,23777434
2015-11-30,8.43,8.43,7.81,8.1,139951290
2015-12-01,8.14,8.3,8.11,8.12,19523790
2015-12-02,8.2,8.3,8.14,8.14,10809056
2015-12-03,8.14,8.14,8.01,8.06,13854930
2015-12-04,8.0,8.06,7.98,8.01,10182196
2015-12-07,8.06,8.13,8.0,8.03,11070765
2015-12-08,8.02,8.03,7.8,7.81,17036461
2015-12-09,7.8,8.07,7.8,8.02,17068739
2015-12-10,8.07,8.11,7.89,7.89,8759289
2015-12-11,7.93,8.0,7.84,7.84,8936000
2015-12-14,7.7,7.71,7.52,7.52,16435410
2015-12-15,7.6,7.66,7.53,7.56,10549411
2015-12-16,7.69,8.05,7.62,7.87,13649373
2015-12-17,8.05,8.35,8.01,8.24,17276862
2015-12-18,8.28,8.3,8.11,8.11,10806937
2015-12-21,8.09,8.38,8.05,8.35,11583543
2015-12-22,8.36,8.45,8.2,8.23,7703871
2015-12-23,8.29,8.3,8.17,8.17,6100785
2015-12-24,8.21,8.47,8.18,8.29,17622436
2015-12-25,8.35,8.78,8.29,8.68,22468391
2015-12-28,8.72,9.1,8.72,8.77,18861447
2015-12-29,8.88,8.88,8.55,8.55,13042228
2015-12-30,8.68,8.82,8.62,8.67,10997993
2015-12-31,8.74,8.76,8.68,8.69,7579175
2016-01-04,8.81,8.84,8.32,8.32,11513633
2016-01-05,8.31,8.41,8.2,8.25,6817325
2016-01-06,8.39,8.44,8.14,8.2,7397692
2016-01-07,8.21,8.28,7.9,7.93,10815004
2016-01-08,7.93,8.11,7.9,7.99,6397599
2016-01-11,8.0,8.0,7.7,7.81,6665591
2016-01-12,7.89,7.92,7.7,7.71,5998563
2016-01-13,7.76,7.92,7.71,7.72,9003431
2016-01-14,7.67,7.72,7.58,7.67,5964936
2016-01-15,7.8,7.8,7.61,7.61,4440932
2016-01-18,7.5,7.97,7.5,7.94,8260103
2016-01-19,8.02,8.03,7.85,7.89,4383154
2016-01-20,7.89,7.89,7.65,7.7,5219868
2016-01-21,7.73,7.8,7.67,7.69,3403362
2016-01-22,7.82,7.84,7.71,7.73,2504545
2016-01-25,7.86,7.86,7.77,7.79,2672816
2016-01-26,7.78,7.83,7.78,7.8,1922156
2016-01-27,7.83,7.85,7.77,7.77,2784300
2016-01-28,7.77,7.93,7.77,7.9,3911692
2016-01-29,8.0,8.0,7.83,7.88,4728389
2016-01-30,7.92,8.28,7.92,8.26,11846203
2016-02-01,8.25,8.26,8.08,8.11,4684415
2016-02-02,8.09,8.15,8.04,8.1,3022711
2016-02-03,8.05,8.08,8.0,8.0,4022493
2016-02-15,7.85,8.06,7.85,7.97,3359779
2016-02-16,8.0,8.15,7.99,8.15,3746726
2016-02-17,8.15,8.18,8.06,8.06,2220132
2016-02-18,8.1,8.17,8.06,8.07,2495501
2016-02-19,8.07,8.43,8.07,8.37,20062268
2016-02-22,8.43,8.55,8.3,8.41,12480690
2016-02-23,8.48,8.58,8.4,8.51,9656449
2016-02-24,8.51,8.79,8.49,8.69,15754510
2016-02-25,8.75,8.77,8.61,8.62,6373665
2016-02-26,8.63,8.8,8.55,8.8,13914486
2016-03-01,8.86,8.9,8.75,8.76,6878897
2016-03-02,8.87,9.06,8.82,8.93,19187266
2016-03-03,9.0,9.05,8.9,8.93,9515508
2016-03-04,8.99,9.07,8.96,9.03,8434202
2016-03-07,9.04,9.32,9.04,9.19,11327458
2016-03-08,9.24,9.95,9.24,9.43,28703885
2016-03-09,9.43,9.43,9.1,9.13,12136654
2016-03-10,9.14,9.22,9.06,9.1,6374575
2016-03-11,9.05,9.09,8.86,9.0,13914427
2016-03-14,9.08,9.1,8.98,9.02,7236652
2016-03-15,9.07,9.08,8.66,8.66,12063787
2016-03-16,8.68,8.86,8.68,8.83,7306572
2016-03-17,8.91,8.97,8.8,8.84,5147068
2016-03-18,8.85,8.88,8.74,8.78,5929534
2016-03-21,8.78,8.78,8.66,8.67,4999773
2016-03-22,8.67,8.75,8.52,8.6,3893522
2016-03-23,8.61,8.68,8.53,8.56,2742135
2016-03-24,8.56,8.59,8.45,8.55,3367969
2016-03-25,8.57,8.68,8.56,8.62,2959580
2016-03-28,8.6,8.73,8.5,8.68,9378291
2016-03-29,8.7,8.72,8.55,8.55,3423339
2016-03-30,8.57,8.6,8.54,8.54,2774892
2016-03-31,8.56,8.65,8.48,8.57,4498767
2016-04-01,8.57,8.57,8.43,8.47,4046777
2016-04-06,8.47,8.47,8.2,8.28,4391254
2016-04-07,8.25,8.37,8.24,8.3,2441358
2016-04-08,8.25,8.57,8.25,8.53,4684387
2016-04-11,8.6,8.6,8.47,8.6,3421651
2016-04-12,8.65,8.82,8.59,8.72,9449387
2016-04-13,8.8,8.81,8.7,8.72,4541488
2016-04-14,8.75,8.94,8.75,8.83,9849397
2016-04-15,8.87,8.87,8.75,8.76,4122116
2016-04-18,8.75,8.76,8.59,8.6,4736937
2016-04-19,8.7,8.7,8.48,8.48,3786632
2016-04-20,8.5,8.57,8.26,8.3,5051396
2016-04-21,8.33,8.41,8.26,8.29,3917939
2016-04-22,8.29,8.34,8.26,8.3,2897576
2016-04-25,8.3,8.35,8.25,8.29,2671549
2016-04-26,8.41,8.64,8.35,8.61,10129070
2016-04-27,8.75,8.92,8.68,8.89,19477829
2016-04-28,8.84,8.91,8.7,8.7,8336169
2016-04-29,8.68,8.68,8.51,8.53,5724554
2016-05-03,8.67,8.67,8.4,8.4,4833881
2016-05-04,8.4,8.41,8.2,8.2,7106776
2016-05-05,8.2,8.25,8.1,8.12,6075680
2016-05-06,8.11,8.35,8.1,8.28,5964496
2016-05-09,8.3,8.4,8.07,8.1,5130774
2016-05-10,8.1,8.18,8.01,8.05,4321871
2016-05-11,8.08,8.12,8.0,8.0,3949317
2016-05-12,8.0,8.02,7.89,7.9,5663298
2016-05-13,7.9,7.94,7.7,7.79,7898997
2016-05-16,7.77,7.98,7.67,7.89,4607139
2016-05-17,7.8,7.94,7.77,7.82,5868696
2016-05-18,7.84,7.84,7.71,7.73,6921282
2016-05-19,7.73,7.76,7.62,7.65,8634568
2016-05-20,7.65,7.71,7.61,7.65,5792370
2016-05-23,7.65,7.73,7.61,7.67,8058927
2016-05-24,7.88,7.88,7.69,7.75,6375455
2016-05-25,7.81,7.84,7.72,7.84,6885827
2016-05-26,7.88,7.89,7.72,7.72,4869626
2016-05-27,7.73,7.78,7.7,7.74,2988298
2016-05-30,7.74,7.83,7.74,7.77,3736734
2016-05-31,7.77,7.95,7.73,7.79,5807773
2016-06-01,7.78,7.92,7.78,7.9,8006348
2016-06-02,7.91,7.92,7.81,7.89,5128900
2016-06-03,7.88,7.89,7.79,7.8,5595673
2016-06-04,7.8,7.81,7.76,7.79,1417714
2016-06-06,7.8,7.82,7.74,7.76,2502300
2016-06-07,7.79,7.8,7.68,7.76,3621197
2016-06-08,7.76,7.83,7.74,7.8,5804014
2016-06-13,7.7,7.79,7.64,7.67,2994734
2016-06-14,7.67,7.72,7.62,7.64,3870016
2016-06-15,7.64,7.69,7.6,7.64,4126808
2016-06-16,7.64,7.64,7.56,7.62,4857830
2016-06-17,7.67,7.67,7.59,7.59,2955654
2016-06-20,7.66,7.66,7.61,7.65,2435882
2016-06-21,7.68,7.68,7.64,7.65,1450126
2016-06-22,7.65,7.89,7.64,7.89,8017259
2016-06-23,7.89,7.9,7.77,7.89,4344932
2016-06-24,7.82,7.88,7.62,7.75,6253510
2016-06-27,7.66,7.74,7.64,7.72,1838677
2016-06-28,7.69,7.73,7.64,7.71,1980944
2016-06-29,7.72,7.83,7.71,7.73,4240181
2016-06-30,7.82,7.95,7.75,7.85,7669806
2016-07-01,7.87,7.93,7.74,7.76,5592525
2016-07-04,7.81,7.85,7.75,7.85,5537281
2016-07-05,7.8,7.84,7.75,7.77,4721622
2016-07-06,7.75,7.75,7.67,7.67,3564345
2016-07-07,7.7,7.72,7.65,7.66,3658298
2016-07-11,7.7,7.77,7.67,7.68,4001369
2016-07-12,7.7,7.71,7.65,7.67,3968365
2016-07-13,7.67,7.7,7.63,7.65,3219803
2016-07-14,7.65,7.73,7.63,7.71,5864990
2016-07-15,7.75,7.81,7.67,7.68,7876393
2016-07-18,7.68,7.7,7.66,7.67,5981007
2016-07-19,7.67,7.69,7.64,7.67,5603376
2016-07-20,7.67,7.67,7.62,7.62,5697855
2016-07-21,7.64,7.71,7.63,7.7,8724200
2016-07-22,7.7,7.7,7.63,7.63,6571291
2016-07-25,7.63,7.67,7.58,7.59,7006646
2016-07-26,7.59,7.6,7.51,7.54,6817383
2016-07-27,7.55,7.56,7.5,7.51,6493145
2016-07-28,7.51,7.52,7.36,7.39,11788798
2016-07-29,7.4,7.42,7.29,7.31,8501758
2016-08-01,7.34,7.49,7.33,7.48,7828115
2016-08-02,7.48,7.5,7.38,7.4,5117769
2016-08-03,7.34,7.37,7.33,7.35,4042521
2016-08-04,7.35,7.37,7.32,7.33,2473877
2016-08-05,7.34,7.4,7.33,7.38,2218132
2016-08-08,7.39,7.43,7.33,7.35,2872931
2016-08-09,7.35,7.38,7.32,7.35,2505228
2016-08-10,7.35,7.39,7.33,7.38,2508346
2016-08-11,7.39,7.39,7.33,7.39,3496910
2016-08-12,7.4,7.43,7.38,7.38,3496594
2016-08-15,7.38,7.38,7.33,7.34,2685399
2016-08-16,7.3,7.36,7.3,7.33,3571426
2016-08-17,7.31,7.33,7.15,7.22,6927808
2016-08-18,7.2,7.2,7.1,7.11,8532904
2016-08-19,7.11,7.13,7.0,7.03,8818524
2016-08-22,7.0,7.07,6.99,7.06,4835324
2016-08-23,7.09,7.27,7.09,7.22,6390996
2016-08-24,7.25,7.27,7.17,7.18,2671715
2016-08-25,7.18,7.2,7.13,7.2,2132241
2016-08-26,7.2,7.22,7.16,7.21,2044926
2016-08-29,7.22,7.27,7.2,7.2,2485972
2016-08-30,7.2,7.21,7.11,7.12,2442929
2016-08-31,7.09,7.38,7.09,7.3,9372174
2016-09-01,7.36,7.92,7.34,7.87,38007902
2016-09-02,7.96,8.18,7.54,7.55,38600856
2016-09-05,7.7,7.75,7.38,7.38,19656870
2016-09-06,7.38,7.41,7.3,7.32,12267752
2016-09-07,7.47,7.54,7.29,7.29,17118014
2016-09-08,7.3,7.4,7.15,7.17,22277937
2016-09-09,7.2,7.25,7.15,7.18,12666938
2016-09-10,7.16,7.16,7.05,7.14,10873334
2016-09-12,7.16,7.16,7.06,7.07,7441519
2016-09-13,7.08,7.14,7.0,7.05,9203447
2016-09-14,7.16,7.24,7.08,7.1,9305924
2016-09-19,7.13,7.16,7.09,7.09,4853144
2016-09-20,7.11,7.18,7.11,7.14,4643237
2016-09-21,7.15,7.16,7.12,7.12,3480080
2016-09-22,7.15,7.16,7.09,7.15,4557324
2016-09-23,7.18,7.22,7.16,7.19,5236803
2016-09-26,7.2,7.22,7.13,7.13,3105839
2016-09-29,7.15,7.18,7.09,7.09,4010622
2016-09-30,7.1,7.17,7.09,7.1,4760130
2016-10-03,7.17,7.18,7.1,7.1,4381156
2016-10-04,7.1,7.15,7.07,7.1,4098474
2016-10-05,7.1,7.11,7.05,7.07,2456655
2016-10-06,7.07,7.12,7.06,7.08,2072384
2016-10-07,7.08,7.1,7.06,7.08,3079832
2016-10-11,7.05,7.06,6.99,7.0,10559743
2016-10-12,6.99,7.0,6.9,6.94,5808523
2016-10-13,6.9,6.97,6.9,6.9,5290072
2016-10-14,6.86,6.93,6.81,6.82,6002820
2016-10-17,6.83,6.83,6.67,6.68,9008280
2016-10-18,6.68,6.79,6.68,6.76,4486748
2016-10-19,6.83,6.83,6.76,6.77,3044316
2016-10-20,6.79,7.14,6.77,7.1,10980117
2016-10-21,7.15,7.16,7.03,7.03,6126524
2016-10-24,7.07,7.1,7.04,7.09,2790805
2016-10-25,7.09,7.09,7.01,7.01,2447095
2016-10-26,7.01,7.03,6.98,7.01,3096346
2016-10-27,7.01,7.05,6.99,6.99,1801998
2016-10-28,7.0,7.0,6.96,6.97,1872190
2016-10-31,6.94,7.1,6.87,7.01,4241648
2016-11-01,7.01,7.05,6.96,7.0,2594927
2016-11-02,7.0,7.0,6.93,6.94,2063271
2016-11-03,6.85,6.88,6.76,6.77,6946742
2016-11-04,6.7,6.83,6.7,6.8,4541431
2016-11-07,6.82,6.96,6.82,6.85,5853099
2016-11-08,6.17,6.17,6.17,6.17,8878088
2016-11-09,5.73,5.94,5.56,5.56,79398229
2016-11-10,5.82,5.83,5.67,5.71,18474398
2016-11-11,5.71,5.81,5.59,5.66,13432621
2016-11-14,5.64,6.11,5.63,6.06,26653810
2016-11-15,6.06,6.06,5.9,5.92,9550667
2016-11-16,6.12,6.33,6.03,6.03,18579626
2016-11-17,6.1,6.15,6.03,6.05,7335171
2016-11-18,6.11,6.24,6.1,6.11,11178236
2016-11-21,6.12,6.15,6.02,6.04,8198402
2016-11-22,6.06,6.08,5.94,5.94,10512072
2016-11-23,5.95,5.96,5.7,5.76,17304823
2016-11-24,5.76,5.84,5.7,5.7,11450143
2016-11-25,5.72,5.83,5.72,5.78,6091712
2016-11-28,5.8,5.8,5.71,5.74,8754225
2016-11-29,5.74,5.79,5.73,5.75,5123071
2016-11-30,5.76,5.79,5.66,5.75,9994854
2016-12-01,5.75,5.75,5.65,5.68,6675617
2016-12-02,5.7,5.7,5.6,5.6,11311263
2016-12-05,5.6,5.64,5.35,5.4,18498484
2016-12-06,5.36,5.39,5.05,5.09,33354381
2016-12-07,5.09,5.18,4.99,5.13,22365751
2016-12-08,5.16,5.2,5.08,5.11,11574729
2016-12-09,5.11,5.13,5.01,5.02,10377837
2016-12-12,5.05,5.08,5.02,5.02,9316700
2016-12-13,5.01,5.02,4.67,4.72,43775029
2016-12-14,4.65,4.7,4.4,4.43,50792823
2016-12-15,4.43,4.87,4.43,4.87,47330733
2016-12-16,4.93,5.22,4.92,4.95,71151356
2016-12-19,5.06,5.11,4.91,4.96,26488915
2016-12-20,4.94,4.95,4.69,4.71,23447672
2016-12-21,4.72,4.8,4.69,4.69,10870230
2016-12-22,4.75,4.76,4.63,4.66,9064704
2016-12-23,4.7,5.0,4.69,4.78,20952567
2016-12-26,4.88,4.96,4.8,4.81,10427667
2016-12-27,4.86,4.91,4.76,4.78,9245971
2016-12-28,4.78,4.82,4.61,4.67,14053434
2016-12-29,4.69,4.73,4.64,4.66,8725713
2016-12-30,4.68,4.88,4.66,4.82,17047254
2017-01-03,4.94,5.03,4.87,4.93,23059063
2017-01-04,4.95,4.98,4.86,4.89,11067608
2017-01-05,4.89,4.98,4.89,4.96,12284323
2017-01-06,4.98,5.07,4.97,5.01,17899677
2017-01-09,5.05,5.09,4.97,4.98,10985659
2017-01-10,5.0,5.06,4.99,5.01,8349308
2017-01-11,5.02,5.38,5.02,5.18,39182320
2017-01-12,5.25,5.39,5.25,5.37,26728107
2017-01-13,5.47,5.57,5.4,5.52,31663521
2017-01-16,5.6,5.6,5.31,5.31,23205418
2017-01-17,5.31,5.45,5.3,5.35,13622906
2017-01-18,5.35,5.45,5.32,5.43,9618234
2017-01-19,5.52,5.68,5.46,5.58,23960894
2017-01-20,5.6,5.65,5.53,5.55,11531236
2017-01-23,5.74,5.74,5.57,5.58,11586694
2017-01-24,5.58,5.69,5.47,5.59,17741450
2017-02-02,5.6,5.78,5.55,5.74,18494434
2017-02-03,5.79,6.31,5.79,6.28,48132884
2017-02-06,6.29,6.67,6.29,6.35,48888308
2017-02-07,6.35,6.45,6.09,6.13,27511414
2017-02-08,6.09,6.09,5.91,5.91,32967289
2017-02-09,5.91,6.09,5.73,5.81,27906342
2017-02-10,5.81,5.96,5.81,5.83,18756365
2017-02-13,5.96,5.98,5.81,5.82,16135559
2017-02-14,5.83,5.85,5.63,5.68,20387670
2017-02-15,5.72,6.12,5.72,6.02,39831031
2017-02-16,6.1,6.17,5.88,5.93,19680577
2017-02-17,6.0,6.0,5.89,5.99,10896330
2017-02-18,6.02,6.09,5.98,6.0,12493625
2017-02-20,6.25,6.6,6.25,6.6,82022057
2017-02-21,6.8,7.18,6.8,6.99,119305671
2017-02-22,7.2,7.21,6.91,6.92,49734642
2017-02-23,6.92,7.0,6.71,6.76,26876720
2017-02-24,6.82,7.05,6.76,6.94,31578675
2017-03-01,7.0,7.52,6.98,7.36,82895667
2017-03-02,7.55,7.93,7.31,7.42,95787240
2017-03-03,7.42,7.42,7.2,7.33,26274303
2017-03-06,7.4,7.5,7.37,7.4,19308980
2017-03-07,7.4,7.47,7.3,7.35,16484038
2017-03-08,7.47,7.72,7.4,7.47,30700332
2017-03-09,7.6,7.6,7.38,7.38,13583014
2017-03-10,7.42,7.45,7.03,7.19,24761740
2017-03-13,7.3,7.38,7.2,7.21,13567249
2017-03-14,7.21,7.3,7.1,7.13,14273031
2017-03-15,7.2,7.27,7.1,7.16,11479270
2017-03-16,7.33,7.33,7.18,7.19,9992820
2017-03-17,7.2,7.29,7.07,7.07,21992674
2017-03-20,7.07,7.08,6.6,7.05,28609135
2017-03-21,7.07,7.25,6.96,6.99,16323045
2017-03-22,6.96,6.96,6.81,6.88,13616006
2017-03-23,6.88,6.94,6.8,6.81,13319700
2017-03-24,6.83,6.98,6.81,6.9,15095135
2017-03-27,6.87,6.87,6.63,6.63,21086336
2017-03-28,6.63,6.77,6.5,6.57,15684044
2017-03-29,6.6,6.9,6.6,6.88,18644244
2017-03-30,7.03,7.05,6.89,6.91,19631311
2017-03-31,6.95,7.03,6.94,6.99,16179819
2017-04-05,7.13,7.13,7.0,7.07,21481980
2017-04-06,7.1,7.2,7.05,7.05,16624579
2017-04-07,7.1,7.17,7.03,7.17,19769467
2017-04-10,7.27,7.33,7.07,7.09,20235078
2017-04-11,7.09,7.1,6.8,6.86,21327174
2017-04-12,6.8,6.95,6.7,6.95,15549075
2017-04-13,6.95,6.95,6.8,6.81,6894680
2017-04-14,6.75,6.78,6.6,6.6,14333750
2017-04-17,6.5,6.55,6.16,6.25,20545968
2017-04-18,6.25,6.48,6.24,6.3,9657359
2017-04-19,6.29,6.29,6.11,6.15,14056759
2017-05-04,13.95,13.95,13.25,13.3,6802248
2017-05-05,13.4,13.4,12.7,12.8,5614445
2017-05-08,12.8,12.9,11.9,11.9,10068921
2017-05-09,11.7,11.7,11.05,11.05,11046872
2017-05-10,11.0,11.7,10.95,11.35,7368535
2017-05-11,11.5,11.9,11.45,11.7,7015570
2017-05-12,11.8,11.9,11.35,11.4,3881217
2017-05-15,11.5,11.75,11.4,11.45,2900371
2017-05-16,11.55,11.6,11.4,11.45,1809277
2017-05-17,11.45,11.5,11.4,11.5,2686836
2017-05-18,11.35,11.5,11.3,11.45,1773004
2017-05-19,11.7,11.85,11.6,11.7,5459481
2017-05-22,11.75,11.85,11.55,11.55,2391626
2017-05-23,11.8,11.8,11.5,11.6,2538367
2017-05-24,11.6,11.65,11.5,11.5,1833450
2017-05-25,11.6,12.65,11.5,12.6,17514305
2017-05-26,12.6,13.25,12.3,12.8,22675280
2017-05-31,12.75,13.5,12.7,12.95,10473829
2017-06-01,13.0,13.2,12.95,13.1,4739125
2017-06-02,13.2,13.25,12.85,12.85,4723455
2017-06-03,13.0,13.0,12.8,12.9,1993592
2017-06-05,12.9,13.0,12.7,12.85,4248074
2017-06-06,13.2,13.4,12.9,12.9,4766713
2017-06-07,12.85,13.0,12.7,12.75,2965538
2017-06-08,12.8,13.0,12.75,12.75,3691458
2017-06-09,12.85,12.9,12.6,12.75,2310839
2017-06-12,12.8,12.9,12.55,12.6,2971152
2017-06-13,13.05,13.3,12.8,12.8,8623692
2017-06-14,12.8,12.8,12.15,12.35,7820288
2017-06-15,12.45,12.6,12.3,12.45,2799341
2017-06-16,12.45,12.5,12.25,12.25,2976520
2017-06-19,12.2,12.35,12.05,12.15,4612529
2017-06-20,12.2,12.6,12.2,12.5,6304006
2017-06-21,12.5,12.6,12.35,12.55,3962780
2017-06-22,12.65,12.75,12.5,12.5,6496471
2017-06-23,12.6,12.6,12.4,12.4,2853845
2017-06-26,12.5,12.6,12.4,12.45,3357097
2017-06-27,12.45,12.6,12.35,12.4,2234151
2017-06-28,12.4,12.4,12.25,12.25,3181003
2017-06-29,12.3,12.75,12.3,12.55,6858549
2017-06-30,12.6,12.7,12.45,12.55,3088418
2017-07-03,12.65,13.2,12.65,13.15,15571690
2017-07-04,13.25,14.1,13.25,13.6,35989308
2017-07-05,13.85,13.9,13.3,13.35,12243125
2017-07-06,13.55,13.55,13.35,13.4,5294349
2017-07-07,13.35,13.4,13.15,13.2,5278696
2017-07-10,13.35,13.75,13.35,13.65,8667989
2017-07-11,13.55,13.7,13.35,13.5,5309667
2017-07-12,13.5,13.65,13.4,13.5,4524956
2017-07-13,13.65,13.9,13.55,13.9,10270652
2017-07-14,13.85,13.95,13.7,13.75,5854620
2017-07-17,13.65,13.75,13.3,13.35,8422222
2017-07-18,13.4,13.6,13.35,13.55,4658889
2017-07-19,13.5,13.7,13.4,13.4,6410359
2017-07-20,13.45,13.5,13.3,13.3,2927081
2017-07-21,13.35,13.5,13.2,13.4,2796832
2017-07-24,13.4,13.45,13.3,13.45,2526674
2017-07-25,13.45,13.45,13.25,13.35,2216333
2017-07-26,13.35,13.45,13.2,13.2,3972242
2017-07-27,13.1,13.35,13.1,13.25,4429403
2017-07-28,13.2,13.25,13.15,13.25,3915826
2017-07-31,13.3,13.5,13.15,13.45,4708759
2017-08-01,13.5,13.65,13.35,13.35,7223649
2017-08-02,13.45,13.75,13.4,13.6,7558270
2017-08-03,13.6,13.7,13.45,13.6,4888808
2017-08-04,13.7,13.8,13.6,13.7,4299243
2017-08-07,13.7,13.8,13.55,13.75,4461497
2017-08-08,13.8,14.4,13.8,14.2,16295443
2017-08-09,14.2,14.4,14.1,14.3,10682645
2017-08-10,14.3,14.3,13.7,13.7,10294404
2017-08-11,13.55,13.95,13.5,13.9,8281540
2017-08-14,14.3,14.9,14.2,14.2,36003625
2017-08-15,14.55,14.85,14.55,14.85,24723617
2017-08-16,14.9,15.9,14.9,15.65,36832162
2017-08-17,15.95,16.15,15.75,15.8,30371069
2017-08-18,15.6,16.25,15.45,16.25,22473022
2017-08-21,16.25,16.95,16.2,16.8,28306846
2017-08-22,16.8,16.9,16.5,16.65,14026601
2017-08-23,16.65,17.1,16.65,16.9,19820771
2017-08-24,16.9,17.0,16.75,17.0,8168446
2017-08-25,17.0,17.55,16.9,16.9,13659343
2017-08-28,17.0,17.0,16.3,16.3,20733701
2017-08-29,16.4,16.7,16.25,16.55,8755809
2017-08-30,16.7,17.15,16.7,17.0,15717721
2017-08-31,17.0,17.0,16.7,16.75,10565161
2017-09-01,16.75,16.85,16.4,16.45,7405727
2017-09-04,16.4,16.4,16.0,16.2,8433133
2017-09-05,16.2,16.4,16.1,16.2,5930126
2017-09-06,16.1,16.15,15.7,15.85,9197369
2017-09-07,15.9,16.0,15.7,15.9,5501294
2017-09-08,15.9,16.0,15.7,15.95,5015150
2017-09-11,16.1,16.1,15.55,15.6,6152190
2017-09-12,15.9,15.95,15.2,15.3,10958698
2017-09-13,15.3,15.3,14.9,14.9,10355926
2017-09-14,14.95,15.0,14.6,14.75,11189338
2017-09-15,14.7,14.9,14.5,14.7,9774623
2017-09-18,14.6,14.85,14.6,14.7,7244477
2017-09-19,14.85,15.35,14.85,15.15,11682503
2017-09-20,15.4,15.4,14.65,14.8,9250701
2017-09-21,14.8,15.05,14.75,14.8,5877676
2017-09-22,14.8,14.85,14.25,14.3,11058904
2017-09-25,14.1,14.15,12.95,13.05,26889611
2017-09-26,13.05,13.4,13.05,13.15,10750184
2017-09-27,13.2,13.35,13.15,13.3,5317608
2017-09-28,13.4,13.5,13.0,13.15,10723757
2017-09-29,12.7,12.85,12.5,12.6,23824026
2017-09-30,12.65,12.8,12.55,12.7,8391126
2017-10-02,12.8,12.85,12.65,12.65,7138592
2017-10-03,12.75,12.9,12.65,12.65,6442309
2017-10-05,12.7,12.8,12.65,12.7,5713092
2017-10-06,12.75,13.0,12.75,12.85,20333027
2017-10-11,12.85,12.9,12.5,12.55,7279389
2017-10-12,12.6,12.6,12.3,12.3,8445478
2017-10-13,12.35,12.6,12.35,12.5,5086003
2017-10-16,12.6,12.6,12.4,12.4,4527714
2017-10-17,12.45,12.5,12.3,12.3,4955183
2017-10-18,12.3,12.55,12.25,12.25,8315236
2017-10-19,12.35,12.4,12.25,12.25,4149230
2017-10-20,12.25,12.4,12.2,12.3,6068277
2017-10-23,12.45,12.5,12.3,12.45,6302567
2017-10-24,12.45,12.65,12.35,12.55,11829606
2017-10-25,12.65,12.75,12.45,12.45,10535289
2017-10-26,12.45,12.5,12.35,12.35,4072665
2017-10-27,12.4,12.45,12.3,12.35,5017584
2017-10-30,12.5,12.6,12.35,12.35,17589201
2017-10-31,12.45,12.45,12.3,12.35,4960840
2017-11-01,12.3,12.4,12.25,12.25,4846776
2017-11-02,12.25,12.35,12.15,12.25,11204492
2017-11-03,12.2,12.3,12.1,12.2,6843436
2017-11-06,12.2,12.2,12.05,12.15,6838948
2017-11-07,12.1,12.15,12.05,12.05,3546495
2017-11-08,12.05,12.2,12.05,12.1,4246712
2017-11-09,12.2,12.35,12.2,12.2,6704374
2017-11-10,12.4,12.45,12.2,12.2,12779018
2017-11-13,12.3,12.35,12.1,12.15,6645146
2017-11-14,12.25,12.3,12.1,12.1,5104051
2017-11-15,12.15,12.15,12.05,12.05,4694551
2017-11-16,12.1,12.1,12.0,12.05,4404661
2017-11-17,12.1,12.1,12.0,12.05,4800553
2017-11-20,12.05,12.05,11.95,12.0,4006681
2017-11-21,12.05,12.15,12.05,12.05,6036647
2017-11-22,12.15,12.25,12.1,12.15,6392700
2017-11-23,12.15,12.2,12.1,12.15,4386826
2017-11-24,12.15,12.25,12.1,12.15,4660793
2017-11-27,12.2,12.25,12.15,12.15,3707438
2017-11-28,12.25,12.75,12.25,12.55,20222818
2017-11-29,12.5,12.5,12.3,12.3,6326503
2017-11-30,12.2,12.2,12.0,12.0,28513359
2017-12-01,12.05,12.15,11.95,12.0,14298902
2017-12-04,12.0,12.05,11.7,11.95,17776745
2017-12-05,12.0,12.05,11.8,11.8,6837637
2017-12-06,11.85,11.9,11.25,11.4,11632441
2017-12-07,11.4,11.5,11.3,11.3,5668355
2017-12-08,11.35,11.4,11.15,11.2,6651061
2017-12-11,11.3,11.55,11.2,11.5,4989611
2017-12-12,11.3,11.4,11.2,11.25,3233577
2017-12-13,11.35,11.5,11.35,11.45,3473073
2017-12-14,11.55,11.65,11.4,11.4,5830876
2017-12-15,11.45,11.45,11.3,11.4,2618058
2017-12-18,11.4,11.45,11.25,11.25,2537609
2017-12-19,11.3,11.35,11.25,11.35,1726791
2017-12-20,11.35,11.35,11.25,11.25,2245136
2017-12-21,11.3,11.45,11.25,11.3,7698854
2017-12-22,11.3,11.4,11.3,11.3,2130302
2017-12-25,11.35,11.4,11.25,11.25,3085231
2017-12-26,11.3,11.45,11.15,11.2,5836354
2017-12-27,11.2,11.25,11.15,11.2,3285107
2017-12-28,11.25,11.65,11.25,11.5,17036138
2017-12-29,11.5,11.55,11.4,11.5,3143418
2018-01-02,11.6,12.55,11.55,12.4,56317862
2018-01-03,12.4,12.55,12.1,12.15,27147014
2018-01-04,12.15,12.25,12.05,12.15,10333549
2018-01-05,12.3,12.5,12.3,12.3,15735492
2018-01-08,12.35,12.4,12.2,12.35,11489186
2018-01-09,12.3,12.4,12.1,12.2,6235879
2018-01-10,12.2,12.2,12.0,12.0,7607580
2018-01-11,12.0,12.3,11.9,11.9,8109139
2018-01-12,12.0,12.1,11.95,12.0,3538566
2018-01-15,12.1,12.2,11.95,12.0,4804926
2018-01-16,12.05,12.05,11.9,11.95,3657591
2018-01-17,11.95,12.05,11.8,11.9,6683809
2018-01-18,12.0,12.05,11.85,11.9,5586301
2018-01-19,11.9,11.95,11.75,11.8,5864761
2018-01-22,11.85,11.9,11.75,11.75,7236224
2018-01-23,11.75,11.8,11.55,11.6,5550515
2018-01-24,11.65,12.0,11.6,11.9,10339194
2018-01-25,11.9,11.9,11.7,11.7,6269087
2018-01-26,11.7,11.8,11.7,11.7,2659323
2018-01-29,11.8,11.8,11.6,11.7,3130395
2018-01-30,11.7,11.75,11.55,11.6,3968769
2018-01-31,11.6,11.6,11.5,11.6,3172067
2018-02-01,11.6,11.8,11.6,11.65,3432264
2018-02-02,11.65,11.65,11.5,11.55,2412709
2018-02-05,11.4,11.4,11.25,11.4,4082727
2018-02-06,11.2,11.2,10.35,10.6,16615240
2018-02-07,10.9,10.9,10.55,10.55,9753531
2018-02-08,10.55,10.55,10.15,10.2,13427174
2018-02-09,9.5,9.85,9.45,9.8,20255434
2018-02-12,9.9,9.95,9.75,9.82,7487905
2018-02-21,10.0,10.25,9.96,10.15,5782226
2018-02-22,10.1,10.3,10.1,10.15,4149691
2018-02-23,10.25,10.25,10.1,10.15,5536538
2018-02-26,10.2,10.25,10.1,10.15,6175053
2018-02-27,10.35,10.6,10.35,10.4,13472473
2018-03-01,10.4,11.4,10.35,11.3,20557047
2018-03-02,11.2,11.35,11.05,11.05,11217039
2018-03-05,11.1,11.15,10.85,10.9,6830976
2018-03-06,11.0,11.0,10.65,10.7,4929778
2018-03-07,10.7,10.85,10.6,10.6,2622953
2018-03-08,10.65,10.8,10.65,10.65,2000586
2018-03-09,10.75,11.05,10.75,10.9,5063913
2018-03-12,11.0,11.4,10.9,11.2,9854393
2018-03-13,11.2,11.2,11.05,11.05,2591180
2018-03-14,11.05,11.15,10.9,10.95,2744060
2018-03-15,10.95,11.0,10.85,10.85,2269241
2018-03-16,10.95,10.95,10.8,10.8,2943867
2018-03-19,10.85,11.15,10.85,10.95,4757510
2018-03-20,10.95,11.0,10.9,10.9,2288075
2018-03-21,10.9,11.0,10.8,10.8,2527270
2018-03-22,10.85,10.95,10.7,10.7,3021340
2018-03-23,10.25,10.5,10.25,10.4,3973211
2018-03-26,10.45,10.5,10.35,10.35,2369754
2018-03-27,10.6,10.65,10.45,10.45,2415564
2018-03-28,10.55,10.55,10.4,10.4,2004412
2018-03-29,10.4,10.5,10.35,10.4,1753865
2018-03-30,10.45,10.55,10.4,10.45,5322367
2018-03-31,10.45,10.6,10.45,10.55,1997577
2018-04-02,10.55,10.6,10.4,10.4,2552077
2018-04-03,10.35,10.45,10.35,10.4,1894622
2018-04-09,10.4,10.45,10.3,10.35,2673965
2018-04-10,10.35,10.4,10.3,10.35,1487646
2018-04-11,10.4,10.5,10.3,10.35,3366125
2018-04-12,10.4,10.45,10.35,10.35,2073286
2018-04-13,10.4,10.65,10.4,10.6,5441921
2018-04-16,10.65,10.7,10.45,10.55,2370385
2018-04-17,10.55,10.55,10.35,10.35,1875499
2018-04-18,10.4,10.45,10.3,10.35,1958051
2018-04-19,10.4,10.55,10.35,10.45,2454100
2018-04-20,10.45,10.45,10.35,10.35,1806511
2018-04-23,10.35,10.4,10.2,10.2,2916420
2018-04-24,10.25,10.3,10.1,10.1,3025495
2018-04-25,10.05,10.15,10.0,10.05,2307289
2018-04-26,10.1,10.35,10.05,10.05,3850176
2018-04-27,10.15,10.15,9.98,10.05,4935821
2018-04-30,10.15,10.45,10.15,10.3,7139857
2018-05-02,10.35,10.45,10.3,10.3,5154819
2018-05-03,10.3,10.45,10.3,10.4,2465964
2018-05-04,10.4,10.4,10.35,10.35,2335312
2018-05-07,10.4,10.65,10.4,10.4,8033638
2018-05-08,10.4,10.5,10.35,10.4,2887532
2018-05-09,10.45,10.5,10.35,10.35,4197619
2018-05-10,10.45,10.45,10.35,10.35,1997458
2018-05-11,10.4,10.4,10.3,10.3,2808255
2018-05-14,10.0,10.0,9.48,9.61,17894369
2018-05-15,9.62,9.7,9.61,9.62,4280777
2018-05-16,9.62,9.62,9.45,9.5,6798496
2018-05-17,9.5,9.51,9.27,9.29,7299156
2018-05-18,9.28,9.28,9.13,9.17,6610734
2018-05-21,9.19,9.26,9.18,9.19,6800095
2018-05-22,9.29,9.49,9.27,9.42,6615303
2018-05-23,9.4,9.5,9.4,9.41,3902725
2018-05-24,9.38,9.43,9.31,9.37,3318757
2018-05-25,9.35,9.41,9.32,9.38,1628553
2018-05-28,9.38,9.82,9.38,9.75,9471876
2018-05-29,9.7,9.74,9.45,9.48,6308980
2018-05-30,9.49,9.49,9.32,9.42,4860368
2018-05-31,9.43,9.5,9.43,9.49,6621828
2018-06-01,9.46,9.53,9.42,9.49,4227749
2018-06-04,9.47,9.47,9.37,9.42,7530209
2018-06-05,9.43,9.45,9.38,9.42,4146936
2018-06-06,9.45,9.49,9.42,9.45,7075717
2018-06-07,9.46,9.68,9.42,9.66,6497705
2018-06-08,9.66,9.68,9.57,9.6,5663141
2018-06-11,9.6,9.61,9.52,9.61,2365281
2018-06-12,9.61,9.91,9.59,9.88,9774804
2018-06-13,9.88,10.0,9.79,9.79,7121104
2018-06-14,9.9,9.97,9.84,9.89,4479654
2018-06-15,9.94,9.94,9.76,9.76,4223646
2018-06-19,9.69,9.78,9.69,9.78,2456197
2018-06-20,9.8,9.94,9.69,9.69,3289998
2018-06-21,9.69,9.77,9.55,9.55,2583823
2018-06-22,9.55,9.55,9.45,9.47,3234784
2018-06-25,9.48,9.52,9.33,9.33,2790858
2018-06-26,9.28,9.28,9.05,9.22,5627402
2018-06-27,9.21,9.21,8.98,8.98,7115489
2018-06-28,8.85,8.87,8.75,8.8,5485893
2018-06-29,8.83,9.1,8.83,9.0,3677431
2018-07-02,9.06,9.15,9.05,9.1,2812685
2018-07-03,9.09,9.12,8.88,8.9,3323199
2018-07-04,8.88,8.97,8.88,8.9,1702899
2018-07-05,9.05,9.05,8.79,8.79,1728392
2018-07-06,8.8,8.85,8.65,8.73,3038438
2018-07-09,8.88,8.88,8.71,8.78,3364458
2018-07-10,8.8,8.94,8.8,8.93,1782405
2018-07-11,8.88,8.99,8.86,8.97,1713939
2018-07-12,8.98,9.04,8.91,8.94,1591883
2018-07-13,8.99,9.03,8.95,8.97,2097229
2018-07-16,9.0,9.02,8.96,8.97,1133121
2018-07-17,8.97,9.03,8.95,9.01,1892245
2018-07-18,9.01,9.09,9.01,9.05,2314637
2018-07-19,9.09,9.14,9.05,9.09,2135788
2018-07-20,9.09,9.26,9.09,9.14,2994165
2018-07-23,9.15,9.18,9.08,9.11,3364128
2018-07-24,9.11,9.38,9.11,9.38,3788781
2018-07-25,9.35,9.36,9.21,9.23,1766790
2018-07-26,9.26,9.33,9.23,9.28,1342455
2018-07-27,9.28,9.28,9.17,9.19,1775260
2018-07-30,9.18,9.26,9.11,9.14,1568130
2018-07-31,9.15,9.21,9.12,9.18,1658493
2018-08-01,9.23,9.34,9.18,9.28,2243837
2018-08-02,9.27,9.27,9.13,9.13,2211021
2018-08-03,9.2,9.21,9.13,9.2,881766
2018-08-06,9.25,9.36,9.21,9.27,3234777
2018-08-07,9.35,9.35,9.3,9.3,2292018
2018-08-08,9.32,9.37,9.3,9.31,2151947
2018-08-09,9.31,9.35,9.27,9.27,1354748
2018-08-10,9.32,9.32,9.07,9.08,3262389
2018-08-13,8.83,8.83,8.59,8.62,8583922
2018-08-14,8.53,8.69,8.53,8.63,3416665
2018-08-15,8.63,8.69,8.5,8.5,3429770
2018-08-16,8.4,8.52,8.35,8.41,3759594
2018-08-17,8.47,8.47,8.36,8.36,2126051
2018-08-20,8.39,8.6,8.39,8.57,3402961
2018-08-21,8.67,8.7,8.62,8.69,2170537
2018-08-22,8.82,8.82,8.72,8.79,2080333
2018-08-23,8.76,9.1,8.66,8.96,3581894
2018-08-24,8.9,8.9,8.8,8.85,999515
2018-08-27,8.85,8.88,8.82,8.82,793675
2018-08-28,8.84,8.89,8.82,8.88,1127054
2018-08-29,8.88,8.97,8.88,8.91,1667644
2018-08-30,8.95,8.95,8.84,8.85,807100
2018-08-31,8.85,8.98,8.79,8.84,1229808
2018-09-03,8.84,8.84,8.75,8.76,918663
2018-09-04,8.76,8.79,8.63,8.68,1256277
2018-09-05,8.68,8.68,8.63,8.64,828423
2018-09-06,8.64,8.64,8.56,8.56,1050010
2018-09-07,8.55,8.64,8.55,8.6,2079507
2018-09-10,8.6,8.6,8.45,8.45,2240502
2018-09-11,8.45,8.68,8.45,8.68,2672762
2018-09-12,8.68,8.68,8.52,8.55,959501
2018-09-13,8.55,8.66,8.55,8.59,1163070
2018-09-14,8.59,8.84,8.58,8.82,2127212
2018-09-17,8.8,8.8,8.7,8.75,693090
2018-09-18,8.74,8.79,8.71,8.77,1529645
2018-09-19,8.77,8.84,8.75,8.77,1968070
2018-09-20,8.77,8.78,8.68,8.69,877838
2018-09-21,8.72,8.77,8.69,8.72,1472288
2018-09-25,8.7,8.7,8.65,8.65,2178266
2018-09-26,8.65,8.73,8.62,8.65,1556994
2018-09-27,8.66,8.84,8.66,8.82,5125548
2018-09-28,8.88,8.9,8.73,8.73,2308573
2018-10-01,8.73,8.78,8.7,8.71,1302472
2018-10-02,8.71,8.72,8.61,8.62,1205809
2018-10-03,8.62,8.66,8.59,8.59,1147809
2018-10-04,8.59,8.61,8.51,8.51,1740539
2018-10-05,8.51,8.51,8.34,8.45,1967056
2018-10-08,8.4,8.43,8.35,8.41,1589526
2018-10-09,8.38,8.46,8.38,8.38,2013204
2018-10-11,8.1,8.1,7.56,7.58,5535797
2018-10-12,7.2,7.58,7.2,7.43,6284969
2018-10-15,7.43,7.6,7.4,7.56,2369329
2018-10-16,7.6,7.68,7.46,7.47,2358613
2018-10-17,7.56,7.64,7.52,7.61,2041845
2018-10-18,7.62,8.37,7.62,8.37,7910342
2018-10-19,8.36,8.95,8.1,8.72,8516226
2018-10-22,8.72,9.0,8.66,8.9,6532348
2018-10-23,8.82,8.89,8.65,8.66,3545157
2018-10-24,8.67,8.73,8.37,8.68,2520586
2018-10-25,8.41,8.5,8.3,8.38,3383355
2018-10-26,8.62,8.62,8.26,8.35,2234186
2018-10-29,8.36,8.36,8.0,8.09,2831195
2018-10-30,8.15,8.3,8.05,8.3,3657506
2018-10-31,8.31,8.72,8.31,8.54,4046860
2018-11-01,8.59,8.59,8.41,8.55,2676459
2018-11-02,8.55,8.56,8.44,8.45,2786307
2018-11-05,8.48,8.5,8.41,8.46,2232411
2018-11-06,8.46,8.46,8.28,8.38,2577428
2018-11-07,8.38,8.4,8.3,8.36,1739898
2018-11-08,8.42,8.5,8.36,8.47,3784598
2018-11-09,8.5,8.51,8.3,8.31,2640920
2018-11-12,8.31,8.42,8.29,8.3,1260283
2018-11-13,8.21,8.35,8.15,8.27,1591965
2018-11-14,8.34,8.34,8.21,8.3,2425754
2018-11-15,8.3,8.32,8.25,8.27,1062292
2018-11-16,8.31,8.43,8.31,8.4,2415310
2018-11-19,8.4,8.47,8.39,8.45,1510453
2018-11-20,8.45,8.49,8.37,8.39,846223
2018-11-21,8.4,8.58,8.39,8.56,2123684
2018-11-22,8.57,8.7,8.41,8.48,1868072
2018-11-23,8.48,8.55,8.39,8.44,1601196
2018-11-26,8.7,8.76,8.6,8.63,3857495
2018-11-27,8.7,9.1,8.6,9.0,5152318
2018-11-28,9.05,9.2,9.0,9.19,5241894
2018-11-29,9.18,9.18,8.91,8.94,4450269
2018-11-30,8.94,9.04,8.86,9.04,2969427
2018-12-03,9.14,9.18,8.76,9.0,7042216
2018-12-04,9.0,9.14,8.98,9.06,5196352
2018-12-05,8.96,9.03,8.91,9.0,1810645
2018-12-06,9.0,9.08,8.73,8.82,3536886
2018-12-07,8.88,8.96,8.83,8.89,1448898
2018-12-10,8.85,8.91,8.6,8.68,2227062
2018-12-11,8.81,9.02,8.81,8.93,2925977
2018-12-12,9.0,9.0,8.89,8.93,2630325
2018-12-13,8.95,9.12,8.92,9.0,4274798
2018-12-14,8.95,9.0,8.94,8.99,1565441
2018-12-17,9.0,9.45,8.99,9.41,8541983
2018-12-18,9.37,9.37,9.15,9.21,5951116
2018-12-19,9.27,9.31,9.2,9.3,3215475
2018-12-20,9.3,9.35,9.01,9.12,3075757
2018-12-21,9.18,9.19,8.99,9.11,3106961
2018-12-22,9.03,9.09,8.91,8.99,1504749
2018-12-24,8.97,9.07,8.92,8.98,1225254
2018-12-25,8.97,8.97,8.65,8.72,2772693
2018-12-26,8.78,8.78,8.65,8.66,1658311
2018-12-27,8.75,8.84,8.72,8.75,4015076
2018-12-28,8.75,8.85,8.75,8.8,1353409
2019-01-02,8.81,9.0,8.77,8.81,1541851
2019-01-03,8.8,8.86,8.7,8.8,1397951
2019-01-04,8.76,8.76,8.53,8.6,2274625
2019-01-07,8.68,8.74,8.65,8.7,1045729
2019-01-08,8.73,8.81,8.73,8.8,1298658
2019-01-09,8.88,8.89,8.82,8.87,1529969
2019-01-10,8.87,8.89,8.82,8.86,1228260
2019-01-11,8.82,8.93,8.82,8.87,1654189
2019-01-14,8.88,8.88,8.67,8.68,1476002
2019-01-15,8.63,8.75,8.63,8.75,1388409
2019-01-16,8.74,8.8,8.72,8.75,1301964
2019-01-17,8.8,8.8,8.73,8.75,799435
2019-01-18,8.76,8.84,8.76,8.81,1088780
2019-01-21,8.85,8.92,8.82,8.88,1628473
2019-01-22,8.86,8.9,8.85,8.89,894178
2019-01-23,8.88,8.89,8.83,8.89,854959
2019-01-24,8.9,8.95,8.9,8.95,1244488
2019-01-25,8.95,8.97,8.91,8.96,1230674
2019-01-28,8.97,9.03,8.95,8.99,1341575
2019-01-29,8.98,8.98,8.9,8.98,1185352
2019-01-30,8.98,8.98,8.9,8.94,1528944
2019-02-11,8.93,9.02,8.7,8.81,1509744
2019-02-12,8.81,8.86,8.78,8.86,815192
2019-02-13,8.86,8.89,8.81,8.83,870374
2019-02-14,8.85,8.85,8.8,8.82,976927
2019-02-15,8.85,8.86,8.81,8.82,1018635
2019-02-18,8.82,8.88,8.82,8.86,1319581
2019-02-19,8.86,8.9,8.83,8.86,841603
2019-02-20,8.86,8.87,8.82,8.85,878521
2019-02-21,8.85,8.96,8.85,8.95,1983052
2019-02-22,8.95,9.03,8.91,8.95,5003268
2019-02-25,9.0,9.12,8.95,9.12,4410042
2019-02-26,9.12,9.26,9.12,9.19,3780256
2019-02-27,9.21,9.25,9.17,9.23,3951325
2019-03-04,9.23,9.29,9.2,9.24,2086463
2019-03-05,9.2,9.23,9.15,9.15,2058340
2019-03-06,9.13,9.16,9.06,9.1,1268584
2019-03-07,8.96,9.09,8.96,8.99,1117234
2019-03-08,8.99,8.99,8.95,8.96,756633
2019-03-11,8.96,8.98,8.91,8.97,824431
2019-03-12,8.97,9.02,8.96,8.98,2084884
2019-03-13,8.98,8.99,8.9,8.92,873613
2019-03-14,8.92,8.95,8.87,8.87,1613671
2019-03-15,8.86,8.91,8.8,8.8,2129562
2019-03-18,8.81,8.83,8.77,8.82,1910251
2019-03-19,8.82,8.89,8.81,8.82,1573641
2019-03-20,8.82,8.86,8.77,8.83,1966133
2019-03-21,8.8,8.83,8.8,8.83,1313431
2019-03-22,8.9,8.9,8.83,8.84,1526157
2019-03-25,8.8,8.8,8.65,8.66,2097049
2019-03-26,8.66,8.7,8.63,8.63,1866604
2019-03-27,8.6,8.63,8.56,8.58,1600435
2019-03-28,8.58,8.61,8.54,8.61,1169479
2019-03-29,8.6,8.69,8.59,8.65,1861342
2019-04-01,8.65,8.68,8.6,8.6,1494019
2019-04-02,8.61,8.63,8.57,8.61,1966885
2019-04-03,8.61,8.65,8.6,8.64,2500172
2019-04-08,8.67,8.76,8.64,8.7,1577742
2019-04-09,8.7,8.7,8.67,8.68,1660331
2019-04-10,8.68,8.72,8.67,8.68,1119327
2019-04-11,8.69,8.85,8.69,8.75,1842948
2019-04-12,8.76,8.77,8.71,8.73,1813367
2019-04-15,8.74,8.91,8.73,8.83,3043847
2019-04-16,8.8,8.85,8.8,8.82,1728249
2019-04-17,8.82,8.93,8.79,8.9,3279010
2019-04-18,8.9,8.91,8.81,8.81,2083354
2019-04-19,8.81,8.91,8.81,8.89,2107945
2019-04-22,8.95,9.09,8.92,8.93,3564812
2019-04-23,8.95,8.95,8.81,8.9,1003609
2019-04-24,8.9,8.91,8.81,8.81,1257259
2019-04-25,8.81,8.87,8.8,8.84,1341591
2019-04-26,8.84,8.84,8.78,8.79,859351
2019-04-29,8.79,8.81,8.71,8.73,1251537
2019-04-30,8.73,8.86,8.73,8.77,1150336
2019-05-02,8.82,8.92,8.82,8.87,1183312
2019-05-03,8.95,8.99,8.9,8.9,1583733
2019-05-06,8.84,8.84,8.72,8.74,1650128
2019-05-07,8.77,8.78,8.69,8.7,2293500
2019-05-08,8.65,8.65,8.61,8.64,1270295
2019-05-09,8.65,8.67,8.52,8.52,1383943
2019-05-10,8.52,8.6,8.48,8.48,1107455
2019-05-13,8.5,8.57,8.37,8.4,1182598
2019-05-14,8.4,8.4,8.25,8.3,1289382
2019-05-15,8.33,8.38,8.26,8.3,1527236
2019-05-16,8.3,8.33,8.12,8.12,3293710
2019-05-17,8.19,8.24,7.9,7.96,5144556
2019-05-20,7.99,8.0,7.93,7.97,1140791
2019-05-21,8.0,8.2,8.0,8.2,2515770
2019-05-22,8.2,8.26,8.18,8.2,817437
2019-05-23,8.2,8.2,8.04,8.06,911732
2019-05-24,8.09,8.11,8.02,8.04,949818
2019-05-27,8.02,8.07,8.0,8.01,907336
2019-05-28,8.01,8.06,7.99,8.06,955922
2019-05-29,8.06,8.06,8.0,8.01,673380
2019-05-30,8.01,8.02,7.98,8.01,1303099
2019-05-31,8.1,8.15,8.02,8.13,1356430
2019-06-03,8.1,8.1,7.99,8.03,877311
2019-06-04,8.03,8.06,7.99,8.0,710453
2019-06-05,8.06,8.06,7.99,8.0,860889
2019-06-06,8.0,8.0,7.96,7.97,1004370
2019-06-10,7.98,8.0,7.96,7.97,776162
2019-06-11,7.98,8.04,7.97,8.0,1277274
2019-06-12,8.0,8.03,7.96,7.99,815343
2019-06-13,8.0,8.04,7.98,7.98,866829
2019-06-14,7.99,8.15,7.98,8.09,2767384
2019-06-17,8.1,8.12,8.04,8.08,1569550
2019-06-18,8.08,8.19,8.06,8.11,1815427
2019-06-19,8.12,8.23,8.12,8.17,1987431
2019-06-20,8.19,8.3,8.19,8.25,1582493
2019-06-21,8.3,8.3,8.15,8.15,1458871
2019-06-24,8.22,8.22,8.16,8.21,1204516
2019-06-25,8.19,8.19,8.13,8.15,437547
2019-06-26,8.14,8.15,8.09,8.15,704614
2019-06-27,8.15,8.2,8.13,8.14,1588109
2019-06-28,8.12,8.17,8.08,8.16,1094117
2019-07-01,8.21,8.29,8.16,8.16,2357947
2019-07-02,8.2,8.25,8.17,8.2,2126320
2019-07-03,8.23,8.25,8.16,8.17,964518
2019-07-04,8.22,8.54,8.21,8.54,7902111
2019-07-05,8.7,8.71,8.5,8.51,5705102
2019-07-08,8.53,8.55,8.36,8.45,2347558
2019-07-09,8.45,8.45,8.36,8.4,844691
2019-07-10,8.41,8.45,8.39,8.45,1500227
2019-07-11,8.7,8.77,8.6,8.72,4675114
2019-07-12,8.72,8.75,8.65,8.7,2281777
2019-07-15,8.7,8.75,8.61,8.68,2002902
2019-07-16,8.68,8.93,8.68,8.89,6454036
2019-07-17,8.87,9.03,8.77,9.0,6183212
2019-07-18,9.01,9.11,8.89,9.01,7826667
2019-07-19,9.01,9.12,9.01,9.09,9060272
2019-07-22,9.11,9.2,9.08,9.16,9586523
2019-07-23,9.18,9.22,8.97,8.98,5574021
2019-07-24,8.98,8.98,8.82,8.9,3689494
2019-07-25,8.88,8.98,8.77,8.98,2989379
2019-07-26,8.95,8.96,8.84,8.94,2264247
2019-07-29,8.94,8.95,8.85,8.88,1657370
2019-07-30,8.85,8.95,8.75,8.86,2164349
2019-07-31,8.81,8.82,8.73,8.73,2242622
2019-08-01,8.67,8.7,8.6,8.69,1715971
2019-08-02,8.57,8.6,8.45,8.48,2263284
2019-08-05,8.4,8.42,8.32,8.35,1885319
2019-08-06,8.21,8.37,8.12,8.37,1367988
2019-08-07,8.35,8.52,8.35,8.37,1249704
2019-08-08,8.35,8.47,8.35,8.45,812060
2019-08-12,8.4,8.5,8.4,8.43,857992
2019-08-13,8.29,8.38,8.17,8.17,2957638
2019-08-14,8.21,8.24,8.05,8.05,3734353
2019-08-15,8.0,8.0,7.81,7.9,3144340
2019-08-16,7.9,8.1,7.9,8.1,1465181
2019-08-19,8.1,8.1,7.96,8.04,1565285
2019-08-20,8.06,8.06,7.95,7.97,2503933
2019-08-21,7.93,8.05,7.9,8.0,2069964
2019-08-22,8.0,8.03,7.97,7.99,837051
2019-08-23,7.96,8.04,7.96,7.98,842443
2019-08-26,7.9,7.91,7.87,7.88,929447
2019-08-27,7.9,7.97,7.86,7.86,980960
2019-08-28,7.86,7.94,7.86,7.89,393024
2019-08-29,7.88,7.97,7.88,7.92,785113
2019-08-30,7.99,8.01,7.92,7.96,1222149
2019-09-02,7.96,8.04,7.96,8.03,809521
2019-09-03,8.05,8.08,8.02,8.04,682837
2019-09-04,8.04,8.07,7.97,8.05,1266759
2019-09-05,8.06,8.07,8.0,8.04,1049695
2019-09-06,8.05,8.06,8.0,8.03,1034285
2019-09-09,8.02,8.03,8.0,8.01,781652
2019-09-10,8.02,8.06,8.0,8.01,881932
2019-09-11,7.99,8.01,7.95,7.96,1262278
2019-09-12,7.97,8.03,7.96,8.02,700229
2019-09-16,8.0,8.01,7.97,7.97,721925
2019-09-17,7.97,7.97,7.88,7.88,3132551
2019-09-18,7.9,8.05,7.89,8.0,1348097
2019-09-19,8.0,8.0,7.92,7.93,666227
2019-09-20,7.92,7.95,7.9,7.9,1060137
2019-09-23,7.91,7.97,7.89,7.94,911327
2019-09-24,7.95,7.96,7.9,7.9,1260481
2019-09-25,7.87,7.91,7.87,7.87,1018192
2019-09-26,7.87,7.93,7.85,7.88,1595370
2019-09-27,7.84,7.86,7.79,7.8,1916085
2019-10-01,7.8,7.93,7.79,7.82,1238796
2019-10-02,7.82,7.82,7.77,7.77,1043702
2019-10-03,7.73,7.73,7.62,7.65,1537956
2019-10-04,7.66,7.73,7.66,7.68,695342
2019-10-07,7.68,7.7,7.65,7.65,631212
2019-10-08,7.63,7.65,7.55,7.55,1707098
2019-10-09,7.55,7.59,7.48,7.48,2224871
2019-10-14,7.48,7.65,7.48,7.6,2679135
2019-10-15,7.6,7.6,7.51,7.53,1234738
2019-10-16,7.53,7.67,7.53,7.61,1152708
2019-10-17,7.6,7.7,7.6,7.63,1088687
2019-10-18,7.61,7.67,7.61,7.64,901573
2019-10-21,7.64,7.72,7.62,7.68,912330
2019-10-22,7.69,7.78,7.69,7.75,1461002
2019-10-23,7.76,7.83,7.72,7.72,1037451
2019-10-24,7.77,7.77,7.72,7.73,889350
2019-10-25,7.7,7.74,7.67,7.69,1088077
2019-10-28,7.69,7.72,7.68,7.69,821661
2019-10-29,7.69,7.7,7.63,7.64,1017693
2019-10-30,7.65,7.68,7.57,7.6,797157
2019-10-31,7.62,7.7,7.56,7.58,1225555
2019-11-01,7.58,7.64,7.55,7.59,725847
2019-11-04,7.62,7.64,7.58,7.59,761836
2019-11-05,7.56,7.59,7.56,7.58,760986
2019-11-06,7.58,7.61,7.57,7.57,866851
2019-11-07,7.56,7.59,7.56,7.57,530556
2019-11-08,7.57,7.57,7.53,7.54,655117
2019-11-11,7.54,7.54,7.5,7.51,1380492
2019-11-12,7.5,7.52,7.45,7.48,1523668
2019-11-13,7.48,7.48,7.45,7.45,745456
2019-11-14,7.45,7.48,7.29,7.33,2330382
2019-11-15,7.33,7.33,7.2,7.22,2588710
2019-11-18,7.21,7.21,6.95,7.07,5090081
2019-11-19,7.07,7.07,7.01,7.02,1348592
2019-11-20,7.0,7.1,6.96,7.03,1615732
2019-11-21,7.05,7.05,6.99,7.02,713885
2019-11-22,7.0,7.05,7.0,7.05,755569
2019-11-25,7.05,7.08,7.04,7.06,782447
2019-11-26,7.06,7.09,7.03,7.05,1367756
2019-11-27,7.05,7.11,7.04,7.1,966341
2019-11-28,6.9,7.1,6.9,7.09,1616461
2019-11-29,7.09,7.36,7.08,7.29,3474133
2019-12-02,7.3,7.56,7.3,7.52,3887627
2019-12-03,7.41,7.53,7.4,7.5,1573608
2019-12-04,7.5,7.5,7.36,7.49,1196753
2019-12-05,7.5,7.55,7.4,7.41,992589
2019-12-06,7.4,7.43,7.29,7.29,1595373
2019-12-09,7.3,7.38,7.24,7.27,1217056
2019-12-10,7.29,7.34,7.27,7.3,652929
2019-12-11,7.3,7.34,7.26,7.28,649029
2019-12-12,7.3,7.32,7.27,7.27,859977
2019-12-13,7.31,7.33,7.24,7.26,1021485
2019-12-16,7.3,7.32,7.25,7.26,869172
2019-12-17,7.26,7.32,7.26,7.31,799074
2019-12-18,7.31,7.38,7.3,7.37,1234237
2019-12-19,7.36,7.37,7.31,7.31,854675
2019-12-20,7.31,7.38,7.23,7.23,2401764
2019-12-23,7.27,7.27,7.24,7.24,969827
2019-12-24,7.24,7.28,7.23,7.23,666848
2019-12-25,7.23,7.29,7.21,7.24,733461
2019-12-26,7.25,7.27,7.23,7.23,689157
2019-12-27,7.24,7.25,7.2,7.2,985644
2019-12-30,7.2,7.24,7.18,7.2,534884
2019-12-31,7.2,7.3,7.17,7.21,1128082
2020-01-02,7.26,7.29,7.25,7.28,1124232
2020-01-03,7.36,7.36,7.26,7.32,1665314
2020-01-06,7.34,7.36,7.26,7.26,1375475
2020-01-07,7.28,7.3,7.26,7.28,959325
2020-01-08,7.28,7.28,7.2,7.2,768919
2020-01-09,7.21,7.29,7.21,7.22,475054
2020-01-10,7.22,7.25,7.19,7.23,1101494
2020-01-13,7.23,7.28,7.22,7.22,533639
2020-01-14,7.23,7.28,7.2,7.22,857724
2020-01-15,7.22,7.25,7.2,7.25,869982
2020-01-16,7.28,7.3,7.27,7.27,1189559
2020-01-17,7.27,7.29,7.24,7.25,562868
2020-01-20,7.23,7.24,7.12,7.18,2774357
2020-01-30,6.81,6.94,6.62,6.67,5027820
2020-01-31,6.5,6.88,6.5,6.77,2508631
2020-02-03,6.51,6.51,6.3,6.46,2034635
2020-02-04,6.48,6.51,6.4,6.49,2139876
2020-02-05,6.5,6.55,6.48,6.52,1257259
2020-02-06,6.55,6.69,6.55,6.68,1735258
2020-02-07,6.7,6.7,6.57,6.58,1728055
2020-02-10,6.57,6.57,6.4,6.48,1188604
2020-02-11,6.48,6.54,6.47,6.47,1079523
2020-02-12,6.48,6.57,6.48,6.53,806624
2020-02-13,6.53,6.66,6.53,6.6,1380953
2020-02-14,6.6,6.6,6.56,6.58,811295
2020-02-17,6.57,6.62,6.53,6.6,1362264
2020-02-18,6.6,7.01,6.6,6.99,3881303
2020-02-19,7.07,7.22,7.02,7.21,3873204
2020-02-20,7.25,7.3,7.1,7.14,1931316
2020-02-21,7.11,7.14,7.08,7.09,1224514
2020-02-24,7.06,7.06,6.94,6.94,2052786
2020-02-25,6.9,6.94,6.83,6.91,808849
2020-02-26,6.9,6.91,6.82,6.85,1364439
2020-02-27,6.87,6.94,6.76,6.93,2993158
2020-03-02,6.78,6.84,6.71,6.77,2062304
2020-03-03,6.8,6.89,6.78,6.78,747880
2020-03-04,6.72,6.86,6.66,6.86,1663613
2020-03-05,6.88,6.94,6.85,6.9,1129219
2020-03-06,6.82,6.9,6.78,6.81,1072578
2020-03-09,6.74,6.75,6.58,6.58,2252217
2020-03-10,6.48,6.64,6.45,6.63,2680712
2020-03-11,6.68,6.69,6.55,6.55,1317269
2020-03-12,6.5,6.51,6.14,6.19,4632502
2020-03-13,5.75,5.75,5.58,5.68,5983393
2020-03-16,5.51,5.66,5.2,5.2,4091953
2020-03-17,5.02,5.09,4.95,4.95,4069582
2020-03-18,4.89,5.2,4.89,4.96,4002828
2020-03-19,4.91,4.95,4.72,4.73,6327056
2020-03-20,4.88,5.1,4.88,5.02,2881612
2020-03-23,4.96,4.96,4.8,4.89,1913279
2020-03-24,4.93,5.11,4.93,4.97,2400860
2020-03-25,5.1,5.22,5.07,5.15,2822987
2020-03-26,5.3,5.3,5.12,5.25,2177656
2020-03-27,5.31,5.4,5.17,5.18,2083213
2020-03-30,5.05,5.1,4.96,5.09,1524623
2020-03-31,5.1,5.18,5.06,5.08,1894391
2020-04-01,5.06,5.11,5.0,5.06,1263719
2020-04-06,5.06,5.06,5.0,5.04,1007951
2020-04-07,5.08,5.17,5.08,5.13,1504825
2020-04-08,5.15,5.25,5.13,5.24,2932365
2020-04-09,5.28,5.51,5.28,5.45,4523995
2020-04-10,5.57,5.57,5.39,5.5,2490741
2020-04-13,5.5,5.51,5.33,5.36,3005797
2020-04-14,5.35,5.45,5.35,5.42,2397004
2020-04-15,5.45,5.59,5.42,5.47,8742574
2020-04-16,5.42,5.45,5.37,5.41,2445717
2020-04-17,5.49,5.55,5.4,5.41,3201904
2020-04-20,5.49,5.49,5.39,5.45,1770340
2020-04-21,5.46,5.51,5.37,5.4,4573069
2020-04-22,5.35,5.42,5.3,5.4,1411620
2020-04-23,5.4,5.47,5.35,5.39,1930567
2020-04-24,5.45,5.45,5.37,5.43,1062080
2020-04-27,5.46,5.69,5.45,5.69,5682988
2020-04-28,5.7,6.25,5.7,6.25,10874675
2020-04-29,6.32,6.83,6.32,6.79,17084603
2020-04-30,6.8,6.87,6.5,6.77,10184365
2020-05-04,6.56,6.66,6.48,6.57,5292738
2020-05-05,6.57,6.64,6.4,6.43,4522443
2020-05-06,6.47,6.47,6.31,6.36,2667843
2020-05-07,6.32,6.45,6.31,6.38,1812801
2020-05-08,6.4,6.47,6.33,6.37,1918154
2020-05-11,6.37,6.48,6.37,6.45,2249139
2020-05-12,6.34,6.45,6.28,6.31,2857954
2020-05-13,6.27,6.59,6.26,6.59,1644070
2020-05-14,6.5,6.51,6.39,6.39,1851433
2020-05-15,6.32,6.44,6.3,6.32,1742479
2020-05-18,6.32,6.4,6.32,6.36,1011801
2020-05-19,6.44,6.51,6.4,6.45,2180953
2020-05-20,6.49,6.49,6.39,6.4,1439793
2020-05-21,6.55,6.89,6.54,6.83,8398669
2020-05-22,6.69,6.82,6.66,6.68,4785667
2020-05-25,6.51,6.68,6.46,6.53,1816689
2020-05-26,6.61,6.62,6.55,6.61,1405181
2020-05-27,6.61,6.66,6.53,6.59,2017503
2020-05-28,6.6,6.67,6.52,6.53,2271306
2020-05-29,6.53,6.71,6.47,6.5,2362514
2020-06-01,6.53,6.61,6.53,6.59,1531252
2020-06-02,6.58,6.6,6.51,6.58,1567332
2020-06-03,6.57,6.65,6.57,6.61,1801516
2020-06-04,6.63,6.72,6.6,6.65,2838397
2020-06-05,6.64,6.88,6.64,6.85,6307194
2020-06-08,6.95,6.97,6.8,6.85,3559328
2020-06-09,6.85,6.93,6.79,6.89,3021230
2020-06-10,6.87,6.89,6.8,6.84,2726668
2020-06-11,6.84,6.84,6.54,6.54,3550955
2020-06-12,6.36,6.45,6.31,6.42,2565767
2020-06-15,6.45,6.45,6.32,6.42,2047194
2020-06-16,6.55,6.64,6.49,6.59,2397474
2020-06-17,6.62,6.64,6.55,6.55,906601
2020-06-18,6.59,6.59,6.44,6.49,1608677
2020-06-19,6.47,6.59,6.45,6.59,1884807
2020-06-22,6.59,6.7,6.55,6.59,2254180
2020-06-23,6.61,6.65,6.54,6.59,1357583
2020-06-24,6.59,6.6,6.53,6.54,1061345
2020-06-29,6.52,6.52,6.42,6.47,1359902
2020-06-30,6.48,6.57,6.44,6.5,1034743
2020-07-01,6.51,6.55,6.45,6.45,1221393
2020-07-02,6.45,6.48,6.41,6.45,2464650
2020-07-03,6.5,6.59,6.45,6.51,2557525
2020-07-06,6.56,6.59,6.51,6.56,2522507
2020-07-07,6.59,6.62,6.5,6.53,1952256
2020-07-08,6.59,6.7,6.54,6.65,2931660
2020-07-09,6.66,6.72,6.57,6.57,2792286
2020-07-10,6.55,6.55,6.36,6.4,2889360
2020-07-13,6.5,6.5,6.4,6.4,1515823
2020-07-14,6.37,6.39,6.34,6.34,1438764
2020-07-15,6.34,6.4,6.34,6.35,2413909
2020-07-16,6.36,6.46,6.35,6.42,1340068
2020-07-17,6.49,6.49,6.28,6.31,2110749
2020-07-20,6.31,6.31,6.26,6.28,755114
2020-07-21,6.31,6.41,6.29,6.34,1467538
2020-07-22,6.34,6.44,6.34,6.39,818569
2020-07-23,6.39,6.42,6.34,6.37,646625
2020-07-24,6.37,6.37,6.25,6.25,1622038
2020-07-27,6.26,6.32,6.08,6.1,2620089
2020-07-28,6.1,6.13,6.06,6.06,2116898
2020-07-29,6.07,6.31,6.07,6.24,1728850
2020-07-30,6.25,6.26,6.2,6.24,1704642
2020-07-31,6.25,6.36,6.24,6.31,1513068
2020-08-03,6.3,6.43,6.26,6.29,1999641
2020-08-04,6.32,6.33,6.25,6.25,1274372
2020-08-05,6.26,6.28,6.24,6.25,1055440
2020-08-06,6.26,6.57,6.26,6.38,4874552
2020-08-07,6.4,6.52,6.39,6.46,2546687
2020-08-10,6.45,7.1,6.45,7.1,17196759
2020-08-11,7.6,7.81,7.4,7.81,30066275
2020-08-12,7.75,7.75,7.26,7.69,22736529
2020-08-13,7.65,8.25,7.54,7.89,15396736
2020-08-14,8.0,8.67,7.9,8.59,30176892
2020-08-17,8.47,8.8,8.18,8.62,22705724
2020-08-18,8.61,8.62,8.27,8.43,13577789
2020-08-19,8.5,8.64,8.2,8.24,11621420
2020-08-20,8.25,8.34,7.5,7.67,18156254
2020-08-21,7.86,8.05,7.81,7.84,12088557
2020-08-24,7.9,8.07,7.7,7.95,7957247
2020-08-25,8.12,8.74,8.01,8.74,25042039
2020-08-26,8.93,9.61,8.9,9.61,57926355
2020-08-27,9.69,9.69,9.11,9.36,35696669
2020-08-28,9.36,9.45,9.1,9.21,14392406
2020-08-31,9.6,10.1,9.6,10.1,27551817
2020-09-01,10.2,10.95,10.2,10.6,55635589
2020-09-02,10.55,11.05,10.2,11.0,34960862
2020-09-03,10.9,11.3,10.75,11.05,30875172
2020-09-04,10.6,11.5,10.6,11.5,31938203
2020-09-07,11.6,12.3,11.55,11.95,44018134
2020-09-08,11.9,11.9,11.15,11.25,41568120
2020-09-09,10.95,11.35,10.65,11.3,19865339
2020-09-10,11.45,11.45,10.85,10.95,21500239
2020-09-11,11.1,11.15,10.15,10.2,41200456
2020-09-14,10.35,10.55,9.91,10.1,25275774
2020-09-15,10.3,10.3,10.05,10.2,9747740
2020-09-16,10.2,10.2,9.78,9.81,20014577
2020-09-17,9.8,10.2,9.8,9.91,10147871
2020-09-18,9.93,9.99,9.86,9.88,7133350
2020-09-21,9.91,9.99,9.84,9.88,8506581
2020-09-22,10.0,10.05,9.8,9.97,14181673
2020-09-23,9.98,9.98,9.44,9.44,16473350
2020-09-24,9.35,9.4,9.01,9.01,13311072
2020-09-25,9.1,9.75,9.1,9.75,21580895
2020-09-28,9.6,9.73,9.3,9.45,12090322
2020-09-29,9.45,9.82,9.45,9.61,9852087
2020-09-30,9.55,9.82,9.49,9.7,6930755
2020-10-05,9.79,10.15,9.77,10.15,19513068
2020-10-06,10.15,10.15,9.97,10.15,13208153
2020-10-07,10.15,10.5,10.1,10.2,13308919
2020-10-08,10.25,10.3,9.98,10.05,9211502
2020-10-12,10.15,10.15,9.85,10.0,7526012
2020-10-13,9.95,10.4,9.9,10.25,19625308
2020-10-14,10.1,10.25,10.05,10.2,8181666
2020-10-15,10.25,10.6,10.15,10.4,17931236
2020-10-16,10.6,10.65,10.3,10.4,20079621
2020-10-19,10.6,10.75,10.4,10.45,9635332
2020-10-20,10.4,10.7,10.2,10.6,12168817
2020-10-21,10.65,10.7,10.45,10.55,8004859
2020-10-22,10.55,10.6,10.3,10.45,7457945
2020-10-23,10.5,11.1,10.4,11.0,33704435
2020-10-26,11.15,12.1,11.1,12.1,111521718
2020-10-27,11.9,12.0,11.4,12.0,73994936
2020-10-28,11.95,12.0,11.3,11.45,43601226
2020-10-29,11.05,11.65,10.9,11.6,42348274
2020-10-30,11.7,12.0,11.3,11.5,50815960
2020-11-02,11.7,11.85,11.4,11.6,32654403
2020-11-03,11.7,11.95,11.5,11.75,29608928
2020-11-04,11.95,12.6,11.6,12.5,65400435
2020-11-05,12.4,12.6,12.05,12.25,58581950
2020-11-06,12.35,13.2,12.2,12.9,69864715
2020-11-09,13.0,14.15,12.85,14.1,115298067
2020-11-10,14.15,14.5,12.95,13.6,117678333
2020-11-11,13.55,13.75,12.45,13.55,113516298
2020-11-12,13.1,13.15,12.2,12.35,90102455
2020-11-13,12.4,12.8,12.2,12.5,61265620
2020-11-16,12.7,12.8,12.4,12.5,42815152
2020-11-17,12.45,12.6,12.1,12.5,53068430
2020-11-18,12.5,13.25,12.5,13.0,84199187
2020-11-19,13.0,13.0,12.6,12.75,44322016
2020-11-20,12.7,12.85,12.55,12.8,35197134
2020-11-23,13.0,13.1,12.8,13.0,58823672
2020-11-24,13.15,13.35,13.0,13.05,61262857
2020-11-25,13.25,13.7,13.15,13.6,100667788
2020-11-26,13.75,13.95,13.25,13.55,92557330
2020-11-27,13.55,13.7,13.4,13.6,41678498
2020-11-30,13.65,13.7,13.25,13.25,58170129
2020-12-01,13.3,13.35,12.6,13.05,66054680
2020-12-02,13.1,13.25,12.65,12.9,45337669
2020-12-03,12.9,13.15,12.7,12.75,35195883
2020-12-04,12.85,12.85,12.65,12.85,28201469
2020-12-07,12.95,13.05,12.7,12.85,34846938
2020-12-08,13.15,14.05,13.1,14.05,137177362
2020-12-09,14.05,14.9,13.8,14.4,133020551
2020-12-10,14.45,14.85,14.15,14.35,89946504
2020-12-11,14.3,14.35,13.5,13.7,100878749
2020-12-14,13.85,15.05,13.8,15.05,126195343
2020-12-15,15.35,16.5,15.15,15.55,236049036
2020-12-16,15.65,16.2,15.15,15.85,126364128
2020-12-17,15.8,16.05,15.45,15.7,79684685
2020-12-18,16.0,17.25,15.9,17.25,206360797
2020-12-21,17.65,18.95,17.5,18.95,223996421
2020-12-22,19.2,20.0,17.8,18.55,291542811
2020-12-23,18.85,20.4,17.5,20.4,224886565
2020-12-24,20.35,21.5,19.7,21.0,218649885
2020-12-25,23.1,23.1,22.35,23.1,180477681
2020-12-28,24.3,25.4,24.3,25.4,83468746
2020-12-29,27.9,27.9,25.4,27.9,316446204
2020-12-30,27.3,28.05,25.65,27.5,111570443
2020-12-31,27.5,29.25,27.25,29.25,100773024
2021-01-04,30.7,32.15,30.7,32.15,102044301
2021-01-05,31.6,32.0,30.0,32.0,49151441
2021-01-06,32.0,32.0,28.8,28.8,64941633
2021-01-07,28.6,28.6,25.95,25.95,49450852
2021-01-08,25.65,27.4,25.65,27.3,79753945
2021-01-11,28.0,28.55,28.0,28.55,47981188
2021-01-12,26.1,26.8,25.7,25.7,63035352
2021-01-13,25.35,25.7,24.0,24.0,56909257
2021-01-14,24.75,26.4,24.75,25.9,47688455
2021-01-15,25.1,25.1,23.35,23.35,28710087
2021-01-18,23.0,23.8,21.3,23.8,61733516
2021-01-19,26.15,26.15,21.7,21.85,388985114
2021-01-20,21.9,22.4,20.0,20.2,311859804
2021-01-21,20.85,22.2,20.4,20.85,274234990
2021-01-22,20.9,22.8,20.3,22.6,199178481
2021-01-25,22.95,24.0,22.6,23.0,198129596
2021-01-26,23.1,23.5,21.5,21.6,149173794
2021-01-27,21.8,22.15,20.65,20.8,130719280
2021-01-28,20.15,21.4,19.65,20.7,139089259
2021-01-29,21.05,21.1,19.45,19.75,123509181
2021-02-01,19.7,19.95,18.75,19.05,164457754
2021-02-02,19.3,20.95,19.1,20.95,213074179
2021-02-03,21.25,22.4,21.05,21.6,347000366
2021-02-04,21.45,22.2,21.35,21.95,154012800
2021-02-05,22.1,22.2,21.4,21.5,115482983
2021-02-17,22.1,23.65,21.7,23.65,219033991
2021-02-18,24.2,25.95,24.1,25.55,356237830
2021-02-19,25.5,25.95,24.7,25.6,189248898
2021-02-22,28.15,28.15,27.3,28.15,211635130
2021-02-23,28.15,30.05,27.85,28.25,393750362
2021-02-24,28.9,29.5,27.9,27.9,241515907
2021-02-25,28.95,29.5,28.15,28.5,204089944
2021-02-26,27.95,29.15,27.5,29.0,205961094
2021-03-02,29.55,30.25,26.1,27.1,378370445
2021-03-03,27.65,27.7,26.25,27.6,200403282
2021-03-04,27.0,27.3,26.55,26.6,99600102
2021-03-05,25.9,27.0,25.8,26.05,115422119
2021-03-08,26.55,27.55,26.5,26.8,151261858
2021-03-09,26.9,27.75,26.4,27.6,124505842
2021-03-10,27.75,28.65,27.35,28.0,185820228
2021-03-11,28.75,29.35,28.05,28.1,192861686
2021-03-12,29.0,29.95,28.45,29.15,290550466
2021-03-15,29.7,31.3,29.6,31.3,277317445
2021-03-16,31.1,31.1,29.9,30.05,240779610
2021-03-17,30.3,31.65,30.1,31.3,232781489
2021-03-18,31.65,32.0,31.3,31.9,186140184
2021-03-19,31.4,33.7,31.25,32.6,362851232
2021-03-22,35.8,35.85,34.55,35.85,259149682
2021-03-23,36.5,36.5,32.35,33.5,112545632
2021-03-24,32.4,34.0,32.4,33.8,54860713
2021-03-25,33.7,33.7,32.45,32.5,46345731
2021-03-26,32.8,34.2,32.75,34.0,49045755
2021-03-29,34.7,35.6,34.7,35.25,62588813
2021-03-30,35.5,35.5,34.0,35.4,48012806
2021-03-31,35.8,38.0,35.8,37.7,84149262
2021-04-01,39.15,40.2,38.85,40.15,79597634
2021-04-06,41.5,44.15,40.15,44.15,91673678
2021-04-07,44.2,47.55,43.95,46.35,91018661
2021-04-08,46.0,47.6,45.3,46.2,275160137
2021-04-09,43.0,43.0,41.6,42.75,68509682
2021-04-12,44.9,46.2,44.9,46.1,48961969
2021-04-13,46.1,47.5,44.8,44.8,49368382
2021-04-14,45.1,46.4,40.85,45.5,61960067
2021-04-15,45.6,47.5,45.6,46.7,45148702
2021-04-16,47.2,50.6,47.1,50.6,55192034
2021-04-19,52.6,55.6,52.6,55.0,66438648
2021-04-20,55.5,57.0,53.9,57.0,44983322
2021-04-21,58.8,62.7,58.8,62.7,51583312
2021-04-22,65.0,68.3,58.0,59.6,76617586
2021-04-23,62.0,63.0,54.8,60.4,420124249
2021-04-26,63.0,66.4,62.5,66.4,189302930
2021-04-27,69.4,73.0,67.7,72.0,402224622
2021-04-28,73.5,77.3,71.6,75.0,415394530
2021-04-29,76.9,80.0,72.3,79.8,342752996
2021-05-03,86.1,87.7,83.8,87.7,317654743
2021-05-04,87.0,92.4,79.0,80.0,797676562
2021-05-05,81.7,87.4,75.5,87.0,512337017
2021-05-06,89.9,91.3,82.1,84.3,478298147
2021-05-07,88.4,91.5,83.7,91.5,481188280
2021-05-10,91.6,100.5,90.2,100.5,445425315
2021-05-11,98.0,105.5,91.3,97.6,544098491
2021-05-12,95.0,98.3,87.9,87.9,363996329
2021-05-13,79.2,88.5,79.2,79.2,574319285
2021-05-14,82.5,83.8,71.3,74.0,647739529
2021-05-17,69.9,74.3,66.6,66.6,569893393
2021-05-18,70.5,73.2,68.6,73.2,276730144
2021-05-19,76.9,80.5,76.0,80.5,375849670
2021-05-20,81.0,87.3,79.1,83.5,719139581
2021-05-21,87.0,91.8,86.9,91.8,525852293
2021-05-24,92.0,99.3,89.3,93.1,636015199
2021-05-25,96.9,98.2,84.0,91.0,592190809
2021-05-26,92.8,99.4,87.1,98.8,719247087
2021-05-27,100.0,105.5,99.3,103.0,756487769
2021-05-28,105.5,112.0,103.0,108.0,488929003
2021-05-31,110.5,115.0,102.0,102.5,491276154
2021-06-01,105.5,112.5,101.0,112.5,406062794
2021-06-02,114.0,118.5,111.0,111.0,498833551
2021-06-03,113.5,117.5,111.0,112.5,471284102
2021-06-04,114.0,119.5,113.0,115.5,404392317
2021-06-07,117.5,118.0,104.0,107.0,526517403
2021-06-08,108.0,114.5,107.5,114.5,266769293
2021-06-09,116.0,117.0,111.0,113.0,328556712
2021-06-10,114.0,115.0,105.0,110.5,328143553
2021-06-11,112.0,119.0,111.0,116.0,440136189
2021-06-15,118.5,127.5,117.0,127.5,445650897
2021-06-16,129.0,140.0,128.0,130.0,673719863
2021-06-17,130.0,140.5,124.0,140.5,442473236
2021-06-18,138.5,151.0,137.5,149.5,747990717
2021-06-21,150.0,162.5,148.5,158.5,650922348
2021-06-22,162.0,163.0,152.0,154.5,106624596
2021-06-23,146.0,150.0,139.5,139.5,135256310
2021-06-24,133.0,149.0,133.0,149.0,81397824
2021-06-25,153.0,153.0,146.0,151.0,77872902
2021-06-28,156.5,166.0,156.5,166.0,92488436
2021-06-29,171.0,173.0,160.0,166.0,104157817
2021-06-30,166.5,182.5,166.5,182.5,90212745
2021-07-01,188.0,200.5,183.0,196.0,114395747
2021-07-02,197.0,197.0,186.0,191.0,90009902
2021-07-05,198.0,198.0,180.0,197.0,87982844
2021-07-06,201.0,216.5,196.0,216.5,423072466
2021-07-07,222.0,234.5,195.5,210.0,613283761
2021-07-08,216.0,227.0,194.0,216.5,670995009
2021-07-09,207.0,219.0,195.5,195.5,579705972
2021-07-12,206.5,212.0,187.0,195.5,531241944
2021-07-13,202.0,204.0,176.0,176.0,545938539
2021-07-14,177.0,181.0,159.0,163.0,758462486
2021-07-15,170.0,179.0,166.0,179.0,426579560
2021-07-16,183.0,195.5,182.0,188.0,650673396
2021-07-19,193.0,196.5,186.5,188.0,413675099
2021-07-20,185.0,185.5,170.0,170.5,488666127
2021-07-21,176.5,180.0,153.5,153.5,482445663
2021-07-22,153.5,155.0,138.5,140.5,458906292
2021-07-23,142.0,149.5,134.5,145.5,437511960
2021-07-26,145.5,147.0,134.0,136.0,256173773
2021-07-27,130.5,134.0,122.5,122.5,334105935
2021-07-28,123.0,125.0,110.5,118.0,485289013
2021-07-29,121.0,129.5,120.0,129.5,54595224
2021-07-30,135.0,135.0,117.0,117.0,52473788
2021-08-02,114.5,125.0,110.0,120.0,38357210
2021-08-03,120.5,128.0,120.5,126.0,32839374
2021-08-04,127.0,131.0,127.0,129.0,23621111
2021-08-05,129.0,129.0,125.5,125.5,22375859
2021-08-06,126.0,135.0,126.0,131.0,25854325
2021-08-09,131.5,135.5,131.5,132.5,19215184
2021-08-10,134.0,134.0,126.0,130.0,29118122
2021-08-11,126.5,127.0,117.0,125.0,33609261
2021-08-12,124.5,133.5,121.0,133.5,315314705
2021-08-13,133.0,140.0,131.0,133.0,457392302
2021-08-16,135.0,136.5,125.0,126.0,302376585
2021-08-17,129.0,131.0,123.0,124.5,187972500
2021-08-18,123.5,136.5,121.0,136.5,325683248
2021-08-19,135.0,137.5,126.0,126.5,348450855
2021-08-20,129.5,131.5,126.0,130.5,186507131
2021-08-23,134.5,143.0,134.5,139.5,277174770
2021-08-24,143.5,144.0,134.0,134.5,228328850
2021-08-25,135.5,139.5,132.5,138.5,130787471
2021-08-26,138.5,142.0,134.0,140.0,150047479
2021-08-27,137.0,141.0,135.0,137.0,134991647
2021-08-30,138.5,140.0,136.0,136.0,69277634
2021-08-31,136.5,138.0,130.5,133.5,121512169
2021-09-01,134.0,134.5,125.0,125.0,164203338
2021-09-02,123.0,127.5,121.0,126.0,124171674
2021-09-03,127.0,128.0,118.5,120.5,138897863
2021-09-06,120.0,120.5,113.0,113.0,154415424
2021-09-07,117.0,123.5,116.0,120.5,213772501
2021-09-08,120.5,122.5,117.5,122.0,128898874
2021-09-09,121.5,123.0,119.0,121.5,80048856
2021-09-10,120.5,126.5,119.5,125.5,118693486
2021-09-13,127.0,128.5,124.5,124.5,86871042
2021-09-14,126.0,126.5,117.0,117.5,95802190
2021-09-15,118.5,123.0,114.5,121.5,105199430
2021-09-16,121.5,121.5,118.0,118.0,58751811
2021-09-17,118.5,124.0,118.0,123.0,118643956
2021-09-22,120.0,122.5,119.0,119.5,68755338
2021-09-23,122.0,123.5,120.5,121.5,52591117
2021-09-24,123.5,128.0,123.0,126.5,93202433
2021-09-27,129.0,130.0,124.5,124.5,82955901
2021-09-28,120.5,121.5,119.0,119.0,72303491
2021-09-29,115.5,120.0,115.5,116.5,71067782
2021-09-30,118.0,120.0,116.5,119.5,48131235
2021-10-01,116.0,116.5,108.0,108.0,163128685
2021-10-04,108.0,108.0,97.2,97.2,203393644
2021-10-05,91.3,101.0,90.7,98.2,203335863
2021-10-06,99.6,99.7,92.4,92.5,134727217
2021-10-07,96.1,101.0,95.4,98.5,142426703
2021-10-08,99.5,99.8,95.0,96.8,100334134
2021-10-12,93.8,94.6,87.2,87.4,145444246
2021-10-13,90.8,93.5,88.4,88.5,140265898
2021-10-14,91.2,94.7,87.3,92.4,153410564
2021-10-15,93.1,94.0,91.5,92.3,86190788
2021-10-18,90.4,90.4,83.6,89.0,175099924
2021-10-19,88.8,90.6,88.0,88.0,82507998
2021-10-20,89.5,91.2,88.1,88.3,67461836
2021-10-21,89.2,90.9,88.7,89.3,52515027
2021-10-22,89.6,90.0,84.6,85.1,108029760
2021-10-25,84.0,91.3,83.6,89.5,118776441
2021-10-26,90.5,91.6,88.5,90.4,75382034
2021-10-27,89.3,90.3,88.6,89.3,46820787
2021-10-28,89.4,93.5,89.4,90.6,85763452
2021-10-29,92.0,98.3,91.5,96.5,149098994
2021-11-01,98.5,101.0,97.0,98.0,105899719
2021-11-02,99.4,103.5,98.6,101.5,117563522
2021-11-03,103.0,110.5,102.5,108.5,168912998
2021-11-04,112.0,113.0,105.5,106.0,130037993
2021-11-05,107.0,108.5,103.5,107.5,88153561
2021-11-08,112.5,118.0,107.0,118.0,197241511
2021-11-09,116.5,120.5,115.0,116.0,204506755
2021-11-10,115.5,120.5,115.0,115.0,144624187
2021-11-11,115.0,117.5,103.5,106.0,180798159
2021-11-12,108.0,109.5,105.0,106.5,112220024
2021-11-15,109.5,110.0,105.0,105.0,67359554
2021-11-16,105.5,110.0,104.5,110.0,89125339
2021-11-17,110.0,110.5,106.0,107.5,76432870
2021-11-18,107.5,111.5,107.0,109.5,61108380
2021-11-19,110.0,112.0,107.0,107.5,65882528
2021-11-22,109.0,113.0,108.0,110.5,84115329
2021-11-23,111.0,113.5,110.0,111.0,66704289
2021-11-24,111.5,112.5,110.0,111.0,40227980
2021-11-25,111.5,116.0,111.0,114.5,83332874
2021-11-26,114.5,116.0,108.0,108.5,108354144
2021-11-29,108.5,112.5,108.5,110.0,88996018
2021-11-30,113.5,115.5,112.5,115.5,84391288
2021-12-01,116.0,117.0,114.0,115.0,60402879
2021-12-02,115.0,125.5,114.5,122.0,200888984
2021-12-03,124.5,126.0,120.5,121.0,124056099
2021-12-06,122.5,128.0,122.5,125.5,124412153
2021-12-07,126.5,129.0,124.0,126.5,138929377
2021-12-08,129.5,131.5,125.0,127.0,133479920
2021-12-09,129.0,129.5,125.5,128.5,69770018
2021-12-10,126.5,127.0,123.5,124.0,72775956
2021-12-13,126.0,130.0,125.5,127.5,89254407
2021-12-14,127.5,128.5,120.0,120.0,116713442
2021-12-15,120.5,123.0,119.0,122.5,63596255
2021-12-16,124.0,125.0,122.0,122.0,47826740
2021-12-17,123.0,126.0,122.5,123.5,51418685
2021-12-20,123.5,124.5,120.5,122.0,44854340
2021-12-21,122.5,126.0,121.0,125.5,56124416
2021-12-22,126.0,126.0,124.0,124.0,29633252
2021-12-23,125.5,126.5,122.5,122.5,35129176
2021-12-24,123.5,124.5,122.0,122.5,25691562
2021-12-27,123.5,124.0,122.0,122.5,21460900
2021-12-28,124.0,127.0,123.5,125.0,56247714
2021-12-29,126.0,127.0,124.0,124.5,39155844
2021-12-30,124.5,125.0,120.0,121.0,82365967
2022-01-03,120.0,120.5,113.0,114.5,106847363
2022-01-04,115.0,116.0,113.5,115.5,36842221
2022-01-05,115.0,117.0,113.5,115.0,35370415
2022-01-06,113.5,117.0,113.5,114.5,35949650
2022-01-07,115.5,116.0,111.0,113.5,37537894
2022-01-10,111.5,114.5,109.0,111.5,47052376
2022-01-11,112.0,115.0,110.5,112.0,41157881
2022-01-12,113.5,114.0,107.5,108.0,54098310
2022-01-13,108.5,109.5,105.0,105.0,47851401
2022-01-14,105.0,107.5,103.0,107.5,56255848
2022-01-17,106.0,106.5,104.5,105.5,30165379
2022-01-18,104.5,108.0,104.0,106.5,31750041
2022-01-19,105.0,107.5,103.0,104.0,51633198
2022-01-20,104.0,105.5,103.5,104.0,28239312
2022-01-21,103.0,103.5,99.0,99.0,65444819
2022-01-24,97.0,101.0,96.5,99.9,48844903
2022-01-25,99.0,99.1,95.1,95.1,48479775
2022-01-26,96.1,99.9,96.1,98.6,51052198
2022-02-07,100.5,108.0,100.0,108.0,59599708
2022-02-08,109.0,116.5,108.5,112.5,155773014
2022-02-09,114.0,115.5,111.0,112.0,62258473
2022-02-10,113.5,114.5,111.5,114.0,42037390
2022-02-11,114.0,115.0,112.0,112.0,55575401
2022-02-14,111.5,115.5,110.5,110.5,71168031
2022-02-15,112.0,112.5,110.5,111.0,31536018
2022-02-16,113.5,113.5,112.0,112.5,30104071
2022-02-17,113.0,114.5,111.5,112.0,39731108
2022-02-18,112.0,118.0,111.0,116.5,103926646
2022-02-21,117.5,121.0,117.0,119.5,102001908
2022-02-22,117.5,118.0,110.0,113.5,105006811
2022-02-23,114.5,117.0,114.0,116.0,58830056
2022-02-24,113.5,117.0,110.5,112.5,74680804
2022-02-25,117.0,117.0,114.0,115.5,67284210
2022-03-01,118.5,121.0,116.5,120.5,98942731
2022-03-02,120.0,122.5,119.0,120.5,75698031
2022-03-03,123.0,126.0,122.0,125.0,106373661
2022-03-04,126.0,137.5,123.5,133.0,295655998
2022-03-07,133.5,135.5,125.0,125.5,221174470
2022-03-08,121.5,126.5,114.5,118.0,197696502
2022-03-09,122.5,126.0,119.0,125.5,147513237
2022-03-10,128.5,129.5,124.0,124.0,141680583
2022-03-11,123.5,127.0,123.0,125.5,89669059
2022-03-14,128.0,133.0,127.5,132.5,194274282
2022-03-15,134.0,136.5,130.0,130.0,302248948
2022-03-16,136.0,137.0,122.5,127.0,296010598
2022-03-17,130.0,134.0,126.5,133.0,173223193
2022-03-18,132.5,132.5,128.5,130.0,116201728
2022-03-21,130.5,132.0,128.5,131.5,73467610
2022-03-22,131.0,132.5,129.5,129.5,39785898
2022-03-23,131.0,132.0,129.0,130.5,44202139
2022-03-24,129.0,130.5,128.0,128.0,44575422
2022-03-25,128.0,128.0,122.0,122.0,103403986
2022-03-28,117.5,123.0,117.5,122.5,54487113
2022-03-29,123.5,126.0,123.0,123.5,40986000
2022-03-30,125.0,126.0,123.0,124.0,40718905
2022-03-31,124.0,125.5,123.0,124.5,34524023
2022-04-01,123.5,127.0,122.5,126.5,51446320
2022-04-06,124.0,124.5,123.0,123.5,35725094
2022-04-07,121.5,123.0,119.0,119.0,55311208
2022-04-08,120.5,124.5,120.5,124.0,49997871
2022-04-11,123.5,125.0,121.5,121.5,45198189
2022-04-12,122.0,122.5,119.5,120.0,56366056
2022-04-13,122.0,124.5,121.5,124.5,48707320
2022-04-14,126.0,126.0,122.0,122.0,42501887
2022-04-15,121.5,124.5,121.0,124.0,33154956
2022-04-18,124.0,124.5,121.0,121.0,33906247
2022-04-19,122.5,124.5,122.5,123.0,32435727
2022-04-20,124.5,125.0,123.0,123.5,36699922
2022-04-21,125.0,127.0,124.5,125.0,48218226
2022-04-22,124.0,127.5,123.5,126.5,56011254
2022-04-25,124.0,125.0,120.5,121.5,63601955
2022-04-26,123.0,123.5,121.0,121.0,31426229
2022-04-27,118.0,122.0,117.0,121.0,46921943
2022-04-28,122.0,122.5,120.0,120.5,25814548
2022-04-29,122.5,126.5,122.0,126.0,86552821
2022-05-03,126.5,127.0,124.5,126.5,35870547
2022-05-04,128.0,131.0,127.5,130.0,77235245
2022-05-05,132.0,133.0,129.0,130.0,71343984
2022-05-06,127.0,131.0,126.5,130.5,56975748
2022-05-09,130.0,130.5,126.0,126.0,72026103
2022-05-10,123.0,128.0,122.5,127.5,56161237
2022-05-11,126.0,127.0,124.0,124.0,39476085
2022-05-12,124.5,126.0,120.5,121.0,51889498
2022-05-13,123.5,124.5,122.5,123.5,27638320
2022-05-16,122.0,122.5,118.5,119.0,73018667
2022-05-17,118.5,119.5,116.0,116.5,61401159
2022-05-18,118.0,118.5,117.0,117.5,30788581
2022-05-19,114.5,115.5,112.0,115.0,56340316
2022-05-20,116.5,119.0,116.0,117.5,37392501
2022-05-23,119.5,128.0,119.0,127.0,134591596
2022-05-24,128.0,128.5,125.0,125.0,71969235
2022-05-25,127.0,128.0,125.0,127.0,46896384
2022-05-26,128.0,128.5,125.0,125.5,42106129
2022-05-27,127.5,128.0,126.0,128.0,44104799
2022-05-30,128.5,128.5,126.5,127.0,50603127
2022-05-31,127.5,128.0,123.5,124.5,50146097
2022-06-01,125.0,127.0,124.0,126.0,32110903
2022-06-02,125.0,127.0,125.0,126.5,16592481
2022-06-06,127.5,129.0,126.0,126.5,41553734
2022-06-07,126.5,128.0,126.0,127.0,22780999
2022-06-08,128.5,130.5,128.0,130.0,75965420
2022-06-09,126.0,128.0,125.0,126.5,75560568
2022-06-10,125.0,127.0,124.5,126.0,45264485
2022-06-13,123.0,123.5,120.0,120.5,62827427
2022-06-14,119.0,124.0,119.0,123.5,47743088
2022-06-15,123.5,125.0,121.5,122.0,34392496
2022-06-16,123.5,124.5,117.0,117.0,84576065
2022-06-17,115.5,120.0,115.5,119.5,77260077
2022-06-20,119.5,120.0,108.0,111.5,124121431
2022-06-21,112.5,113.5,107.5,109.5,95132954
2022-06-22,110.0,110.5,100.5,101.0,115542584
2022-06-23,101.0,102.5,95.6,96.2,130489027
2022-06-24,98.8,102.0,97.3,98.3,149441814
2022-06-27,85.9,86.1,85.0,86.1,100928731
2022-06-28,87.4,92.7,86.5,91.7,155585140
2022-06-29,89.3,90.2,85.5,85.5,138866578
2022-06-30,84.7,84.8,80.6,82.3,102535805
2022-07-01,82.8,83.8,77.8,77.8,93608642
2022-07-04,78.5,80.2,75.6,78.2,74407842
2022-07-05,80.2,84.8,77.4,82.1,106329395
2022-07-06,81.1,83.0,80.3,80.3,59683954
2022-07-07,80.9,83.5,79.8,83.2,64866888
2022-07-08,85.2,87.4,85.2,86.5,93346897
2022-07-11,88.2,88.7,86.5,88.2,59102032
2022-07-12,85.1,85.9,81.2,82.1,74796455
2022-07-13,85.5,85.9,83.9,83.9,50456293
2022-07-14,84.1,87.7,84.0,87.5,60311347
2022-07-15,87.0,87.2,85.5,86.0,49670607
2022-07-18,86.4,87.3,85.4,85.6,30012572
2022-07-19,86.0,88.5,85.9,87.8,65013893
2022-07-20,88.8,89.1,86.2,86.6,51567963
2022-07-21,87.3,88.8,87.1,88.3,49109329
2022-07-22,88.7,90.1,88.0,89.5,53610546
2022-07-25,88.8,88.8,86.2,86.9,40036982
2022-07-26,86.6,87.8,85.4,86.7,25801768
2022-07-27,87.0,88.5,87.0,88.2,32833098
2022-07-28,88.7,88.8,86.0,86.5,36661490
2022-07-29,87.9,90.4,87.8,89.6,80505323
2022-08-01,89.5,90.3,88.5,90.0,30000418
2022-08-02,88.7,88.8,87.0,87.5,43773866
2022-08-03,88.1,88.5,86.6,87.0,28378148
2022-08-04,86.6,87.6,85.6,87.5,31293867
2022-08-05,89.0,90.5,88.7,90.5,62851040
2022-08-08,89.3,91.2,88.0,91.1,49731050
2022-08-09,90.5,93.5,90.0,93.3,56757623
2022-08-10,91.9,93.4,91.1,91.1,50308765
2022-08-11,92.5,93.2,90.7,91.0,34362217
2022-08-12,91.6,91.8,90.7,91.1,27998994
2022-08-15,90.6,90.6,87.3,87.5,79245838
2022-08-16,87.1,87.7,85.7,86.0,45952206
2022-08-17,86.4,87.4,86.3,86.4,31613504
2022-08-18,86.0,87.0,85.6,86.5,17326560
2022-08-19,86.7,87.1,86.1,86.4,18900141
2022-08-22,85.4,85.4,83.1,83.6,38291494
2022-08-23,82.8,84.2,82.7,83.0,22849002
2022-08-24,83.2,83.6,81.5,82.1,25352655
2022-08-25,82.5,83.9,82.2,83.4,19619930
2022-08-26,84.1,84.4,83.4,83.4,18814931
2022-08-29,79.1,79.9,78.1,79.6,44879124
2022-08-30,79.4,79.9,78.4,78.9,29444549
2022-08-31,78.0,79.2,76.6,78.9,54338339
2022-09-01,77.8,78.2,76.8,76.8,29742373
2022-09-02,76.5,76.5,70.6,71.1,106576812
2022-09-05,69.1,72.3,69.1,70.8,58186969
2022-09-06,71.6,72.1,70.3,70.6,34268281
2022-09-07,69.5,70.3,68.2,69.6,52878740
2022-09-08,70.1,70.3,67.5,67.8,65964787
2022-09-12,68.7,72.3,68.1,71.0,66946705
2022-09-13,72.4,72.5,70.8,71.1,32963799
2022-09-14,68.5,71.8,68.5,71.8,42500403
2022-09-15,72.0,74.3,71.4,72.6,56030459
2022-09-16,71.3,73.5,71.0,73.5,49766008
2022-09-19,72.0,72.0,67.6,68.0,77373851
2022-09-20,69.2,70.2,68.5,68.5,47538753
2022-09-21,68.5,70.2,66.8,68.9,73783506
2022-09-22,68.0,68.5,66.0,66.5,59916411
2022-09-23,66.3,68.8,66.3,67.4,48760247
2022-09-26,66.1,66.6,61.5,61.6,93212323
2022-09-27,63.0,64.2,62.3,63.8,61679959
2022-09-28,63.2,63.3,60.2,60.3,65279134
2022-09-29,61.8,62.5,59.9,59.9,64000331
2022-09-30,58.2,61.7,57.9,61.5,66015295
2022-10-03,61.0,64.7,60.6,63.5,74996120
2022-10-04,65.5,65.7,63.1,63.8,58020208
2022-10-05,64.3,66.2,64.1,64.7,61979095
2022-10-06,64.9,65.3,62.7,65.0,51593702
2022-10-07,64.2,65.9,64.2,65.1,30760407
2022-10-11,63.5,64.9,63.1,63.7,41147851
2022-10-12,63.9,64.3,60.8,61.6,53174041
2022-10-13,61.9,62.3,59.1,59.3,42490915
2022-10-14,61.2,64.0,60.2,62.8,65445711
2022-10-17,61.6,61.6,56.6,60.0,104927842
2022-10-18,60.8,62.6,60.7,61.9,50073254
2022-10-19,62.2,63.9,61.9,63.0,45574110
2022-10-20,61.6,61.8,58.7,61.8,62011328
2022-10-21,61.0,62.3,60.6,61.0,28396801
2022-10-24,63.0,63.8,62.0,62.1,42254316
2022-10-25,62.1,62.5,61.2,61.5,34724936
2022-10-26,61.5,62.0,59.8,61.9,39624613
2022-10-27,62.0,63.2,61.0,63.2,40060909
2022-10-28,62.1,62.8,60.4,60.6,46204221
2022-10-31,60.2,61.1,59.6,60.2,35927511
2022-11-01,60.6,60.8,58.8,59.1,39904928
2022-11-02,60.6,61.4,59.5,59.8,52347081
2022-11-03,58.1,60.3,57.8,60.2,34770918
2022-11-04,59.3,61.8,59.2,61.2,50233273
2022-11-07,62.5,63.0,61.6,62.3,45185199
2022-11-08,63.1,65.4,62.6,63.4,72676611
2022-11-09,64.1,64.7,63.0,64.5,48008806
2022-11-10,63.3,65.1,63.2,64.3,37917246
2022-11-11,67.0,67.5,64.3,65.2,65686636
2022-11-14,65.6,66.6,64.9,66.2,43007532
2022-11-15,66.8,66.8,64.8,65.3,41053724
2022-11-16,65.4,65.8,64.3,64.6,37483183
2022-11-17,64.7,65.3,64.2,64.8,20497975
2022-11-18,64.8,64.9,62.9,63.0,31323175
2022-11-21,62.6,63.0,61.3,61.4,25541570
2022-11-22,61.1,62.5,61.1,61.7,19266137
2022-11-23,62.3,63.1,62.0,62.5,24181296
2022-11-24,63.1,64.6,62.1,64.6,41766224
2022-11-25,64.8,66.0,64.3,64.9,48600259
2022-11-28,64.3,65.1,63.3,63.5,34293614
2022-11-29,63.3,65.7,62.9,65.1,39175122
2022-11-30,64.5,66.3,64.4,66.1,40251825
2022-12-01,67.2,68.0,65.3,65.4,60403596
2022-12-02,65.0,65.7,64.6,64.8,22514926
2022-12-05,64.1,65.1,63.7,63.8,38940572
2022-12-06,63.8,64.2,61.5,61.7,43844912
2022-12-07,61.5,62.3,60.7,60.9,33820071
2022-12-08,60.9,61.4,60.4,61.0,19180845
2022-12-09,61.3,62.8,61.2,62.8,29860676
2022-12-12,62.2,62.9,61.7,61.8,17811675
2022-12-13,62.9,63.9,62.1,63.2,39565297
2022-12-14,62.6,62.9,61.7,62.0,31208250
2022-12-15,62.2,63.2,62.1,62.8,27958750
2022-12-16,62.1,67.4,62.1,65.3,168882363
2022-12-19,66.0,67.0,64.3,64.3,104359333
2022-12-20,64.9,66.2,63.9,63.9,92383130
2022-12-21,64.7,66.5,64.5,65.7,91137805
2022-12-22,67.1,68.7,66.6,68.0,150889903
2022-12-23,67.2,67.8,66.5,67.3,57425385
2022-12-26,67.0,67.5,65.0,65.0,51728565
2022-12-27,65.5,66.2,65.0,65.1,31179227
2022-12-28,64.8,65.5,63.7,63.9,29047115
2022-12-29,63.7,64.9,63.6,64.8,24164699
2022-12-30,65.7,66.2,65.3,65.5,32397332
2023-01-03,65.9,66.1,64.5,64.6,34641231
2023-01-04,64.8,65.2,63.5,63.5,28849978
2023-01-05,64.2,64.9,63.6,63.7,23162104
2023-01-06,64.0,64.0,63.2,63.6,17303916
2023-01-09,63.8,64.1,62.6,63.3,31435060
2023-01-10,63.5,63.9,62.8,62.9,22289694
2023-01-11,63.5,64.3,63.2,63.2,22324349
2023-01-12,63.2,63.6,62.0,62.0,25365889
2023-01-13,62.3,62.5,61.7,61.9,19761228
2023-01-16,62.1,62.1,60.7,61.1,26688414
2023-01-17,61.6,62.3,61.5,62.0,17261683
2023-01-30,62.3,62.6,61.2,61.3,36191861
2023-01-31,61.5,62.7,61.5,62.5,26797933
2023-02-01,62.7,63.1,62.2,62.4,18533990
2023-02-02,63.0,63.9,62.8,63.5,30365781
2023-02-03,64.4,64.9,63.5,63.6,43528450
2023-02-06,63.3,63.4,61.7,61.7,28146432
2023-02-07,61.5,62.2,61.5,61.7,18093752
2023-02-08,62.2,62.2,61.7,61.8,10378376
2023-02-09,61.8,62.2,61.7,61.7,10119706
2023-02-10,61.7,61.8,60.5,60.6,28029442
2023-02-13,60.2,60.3,58.7,59.0,27439057
2023-02-14,59.6,60.9,59.4,60.7,21385742
2023-02-15,60.5,60.9,59.7,60.0,16443421
2023-02-16,60.3,60.5,59.8,60.3,10646052
2023-02-17,60.0,60.0,59.6,59.8,10801022
2023-02-20,59.8,60.6,59.7,60.5,10002625
2023-02-21,60.7,62.9,60.5,62.8,44108181
2023-02-22,62.8,63.4,62.4,62.6,43760836
2023-02-23,63.3,64.5,63.2,64.3,46108563
2023-02-24,64.8,65.2,63.7,64.6,47669002
2023-03-01,64.3,64.5,63.2,63.8,24953487
2023-03-02,64.5,66.0,64.5,65.6,48221410
2023-03-03,66.4,67.3,65.3,67.1,76488612
2023-03-06,68.0,68.1,66.6,67.5,56432427
2023-03-07,67.5,67.8,66.7,67.4,32889960
2023-03-08,66.9,67.1,66.0,66.3,37932733
2023-03-09,66.4,67.3,66.1,67.0,34509847
2023-03-10,66.6,72.1,65.8,68.7,243617504
2023-03-13,68.8,69.9,68.1,69.1,88975277
2023-03-14,67.9,68.8,66.8,67.5,85906781
2023-03-15,68.6,68.9,66.5,66.5,82352275
2023-03-16,66.2,66.7,64.4,64.7,59117038
2023-03-17,65.3,65.6,65.0,65.4,30601485
2023-03-20,65.9,66.5,65.5,65.8,22951850
2023-03-21,66.3,66.3,65.1,65.1,19336641
2023-03-22,65.5,65.9,65.0,65.3,12717381
2023-03-23,64.9,65.0,64.0,64.1,28075987
2023-03-24,64.3,64.5,63.9,64.2,17217872
2023-03-27,64.1,64.6,63.7,64.2,17038017
2023-03-28,64.1,65.1,64.0,64.0,18171518
2023-03-29,64.3,64.6,63.5,63.5,17132987
2023-03-30,63.8,63.9,63.3,63.3,16239537
2023-03-31,63.9,64.7,63.6,64.3,21146343
2023-04-06,64.7,65.0,63.8,64.0,21974579
2023-04-07,64.3,66.0,64.1,65.6,37029132
2023-04-10,66.4,66.7,65.4,65.7,30048514
2023-04-11,66.0,66.3,65.5,65.6,14887661
2023-04-12,66.2,66.6,65.8,66.4,23400889
2023-04-13,66.5,66.7,65.8,66.3,17706247
2023-04-14,66.6,67.2,66.1,66.8,27116150
2023-04-17,67.7,68.0,67.3,67.7,29069787
2023-04-18,68.4,68.4,66.3,66.4,28518802
2023-04-19,66.5,66.7,65.6,66.0,16483777
2023-04-20,66.4,67.4,66.4,66.4,21344018
2023-04-21,66.6,66.7,64.8,64.9,27834172
2023-04-24,64.8,65.2,64.2,64.7,13356406
2023-04-25,64.8,65.3,63.7,63.7,21499200
2023-04-26,63.6,63.6,62.2,62.4,29908173
2023-04-27,62.0,62.2,61.5,61.7,26822041
2023-04-28,62.9,63.4,62.6,63.1,17301055
2023-05-02,62.7,62.8,61.3,61.9,28973811
2023-05-03,61.7,61.7,60.6,60.7,29293658
2023-05-04,60.3,61.3,60.3,60.8,17513200
2023-05-05,60.8,61.4,60.7,61.2,16140053
2023-05-08,61.2,61.3,60.5,60.5,19653120
2023-05-09,60.6,61.0,60.2,60.3,14968760
2023-05-10,60.1,61.6,60.0,61.6,20311691
2023-05-11,61.2,61.3,60.1,60.1,19272365
2023-05-12,60.0,60.6,60.0,60.2,8858175
2023-05-15,60.4,61.2,59.2,61.2,21847351
2023-05-16,61.3,61.5,60.8,60.9,13891787
2023-05-17,61.3,61.7,61.1,61.2,14346205
2023-05-18,61.5,61.7,61.0,61.3,11820222
2023-05-19,61.4,61.6,61.0,61.3,8680004
2023-05-22,61.4,62.5,61.1,62.1,15130840
2023-05-23,62.2,62.2,61.6,61.7,10017526
2023-05-24,61.7,62.3,61.7,61.9,8236247
2023-05-25,61.6,61.7,61.1,61.1,11547963
2023-05-26,61.2,61.7,60.8,61.3,12320353
2023-05-29,61.5,62.3,61.5,62.0,16828042
2023-05-30,62.2,62.3,61.3,61.3,13725150
2023-05-31,61.5,61.9,60.8,60.8,20620923
2023-06-01,60.8,61.4,60.3,61.4,17853477
2023-06-02,61.7,61.9,61.2,61.5,17441121
2023-06-05,61.6,61.6,60.8,60.9,19395158
2023-06-06,61.0,61.8,61.0,61.7,16058909
2023-06-07,61.9,61.9,61.4,61.7,12395190
2023-06-08,61.8,63.2,61.7,62.6,39187045
2023-06-09,63.0,63.1,62.1,62.9,20896952
2023-06-12,62.8,63.0,62.1,63.0,14761358
2023-06-13,63.3,63.3,62.7,63.2,18866686
2023-06-14,63.2,64.6,63.1,64.3,37090505
2023-06-15,64.7,64.9,63.8,64.1,26904789
2023-06-16,64.1,64.9,64.0,64.8,30542539
2023-06-19,64.8,64.9,63.5,63.5,24015899
2023-06-20,63.4,63.8,63.1,63.2,16635904
2023-06-21,63.0,63.3,61.2,61.5,48733150
2023-06-26,61.7,62.1,61.1,61.1,23636464
2023-06-27,61.2,61.9,61.1,61.1,21087015
2023-06-28,61.4,61.5,60.2,60.7,33068279
2023-06-29,60.6,60.7,59.8,60.1,39045055
2023-06-30,60.7,63.1,60.6,63.0,116313904
2023-07-03,64.6,69.3,64.5,69.3,277851326
2023-07-04,54.2,54.2,53.2,54.2,165902647
2023-07-05,54.6,54.7,50.8,51.7,206438262
2023-07-06,51.6,51.9,50.8,51.0,69106795
2023-07-07,50.6,51.4,50.2,50.6,41314712
2023-07-10,50.3,50.4,48.8,48.85,65083250
2023-07-11,49.3,49.9,48.2,48.4,48128184
2023-07-12,48.3,48.3,46.15,46.25,74789645
2023-07-13,46.05,46.15,44.0,44.0,87462303
2023-07-14,44.6,45.5,44.6,44.6,43227496
2023-07-17,45.15,45.5,44.7,45.05,28328963
2023-07-18,45.75,47.4,45.25,46.3,54874076
2023-07-19,46.95,47.5,46.4,46.8,46910958
2023-07-20,47.0,48.4,47.0,48.4,43817540
2023-07-21,47.7,48.55,47.15,47.35,39661190
2023-07-24,46.95,46.95,45.7,45.75,26651573
2023-07-25,45.9,46.45,45.6,45.6,17777562
2023-07-26,45.8,47.15,45.7,46.9,28710552
2023-07-27,47.45,47.75,46.75,46.9,26343117
2023-07-28,47.6,48.15,47.3,47.75,39943486
2023-07-31,48.5,48.6,46.5,46.5,35807060
2023-08-01,46.85,47.15,46.65,46.8,11676051
2023-08-02,46.85,47.05,46.2,46.45,16016487
2023-08-04,46.7,47.45,46.65,47.15,24868489
2023-08-07,46.85,46.85,45.15,46.4,26181150
2023-08-08,46.6,46.9,46.25,46.4,14167801
2023-08-09,46.45,46.75,45.85,46.0,12555001
2023-08-10,45.95,46.0,45.25,45.5,19148460
2023-08-11,45.5,45.9,44.7,45.3,14627708
2023-08-14,44.9,45.15,43.95,44.05,26970959
2023-08-15,44.1,44.3,43.5,43.6,17299996
2023-08-16,43.2,43.25,42.0,42.05,28230670
2023-08-17,41.8,42.85,41.1,42.55,22600904
2023-08-18,42.6,45.7,42.6,43.9,48623240
2023-08-21,44.1,44.3,43.05,43.1,15171054
2023-08-22,43.3,43.55,42.9,43.3,10625509
2023-08-23,43.55,44.1,42.85,42.95,14657564
2023-08-24,42.9,42.95,41.85,41.95,24380345
2023-08-25,41.85,42.35,41.75,42.05,10486659
2023-08-28,42.05,42.3,41.35,42.0,10425687
2023-08-29,42.1,42.7,42.05,42.5,9297978
2023-08-30,42.8,42.8,42.1,42.25,12587465
2023-08-31,42.5,42.9,42.25,42.25,12876867
2023-09-01,42.4,42.55,42.1,42.1,9324670
2023-09-04,42.2,43.2,42.1,42.9,16310912
2023-09-05,43.2,43.45,42.75,43.3,13592916
2023-09-06,43.35,43.4,42.6,42.6,11051916
2023-09-07,42.6,42.8,42.45,42.5,6569743
2023-09-08,42.55,43.05,42.55,42.65,10706221
2023-09-11,42.95,43.1,42.4,42.5,13986033
2023-09-12,42.7,43.15,42.65,43.1,10995153
2023-09-13,43.3,43.3,42.9,43.3,10924827
2023-09-14,43.5,44.6,43.5,44.6,29354865
2023-09-15,45.0,47.45,44.95,46.45,128229210
2023-09-18,46.15,46.4,45.05,45.5,35125273
2023-09-19,45.95,46.2,45.15,45.85,18861381
2023-09-20,46.15,47.3,46.1,46.3,31957292
2023-09-21,46.0,46.25,45.25,45.6,19462993
2023-09-22,45.4,46.15,45.35,45.8,13996933
2023-09-25,45.75,45.95,45.35,45.95,9017466
2023-09-26,45.9,46.2,45.5,45.95,9486330
2023-09-27,46.1,46.8,45.7,45.9,14524521
2023-09-28,46.25,46.3,45.3,45.45,10125057
2023-10-02,45.5,45.5,44.2,44.45,16446448
2023-10-03,44.2,44.7,44.1,44.1,9328674
2023-10-04,44.05,44.6,43.5,44.55,13435259
2023-10-05,44.95,45.7,44.9,44.9,11623822
2023-10-06,45.45,45.45,44.75,45.0,7158988
2023-10-11,44.95,44.95,42.5,42.55,29148730
2023-10-12,42.55,43.1,42.4,43.1,8554755
2023-10-13,42.95,43.1,42.5,42.55,9286023
2023-10-16,42.35,42.4,41.7,42.4,10653915
2023-10-17,42.6,42.65,42.15,42.25,6531772
2023-10-18,42.2,42.85,41.9,42.3,22410071
2023-10-19,42.05,43.2,42.0,42.7,9302772
2023-10-20,42.35,42.55,41.7,42.35,10469033
2023-10-23,42.2,42.6,41.95,41.95,5629420
2023-10-24,42.05,42.4,41.7,42.2,5299204
2023-10-25,42.5,42.5,42.05,42.3,5442336
2023-10-26,42.1,42.55,41.9,42.45,7889743
2023-10-27,42.5,43.0,42.35,43.0,6763839
2023-10-30,43.25,43.4,42.55,43.25,9158674
2023-10-31,43.35,43.4,42.05,42.1,8710753
2023-11-01,42.4,42.6,41.9,42.1,4546709
2023-11-02,42.15,42.7,42.15,42.65,6185590
2023-11-03,42.85,43.3,42.85,43.25,8553708
2023-11-06,42.55,42.55,41.7,42.3,11995922
2023-11-07,42.1,42.5,42.0,42.25,6601493
2023-11-08,42.3,42.5,41.85,41.9,10485632
2023-11-09,41.9,42.15,41.7,41.85,10175794
2023-11-10,41.9,41.95,41.2,41.3,11666978
2023-11-13,41.4,42.15,41.3,41.45,9535170
2023-11-14,41.95,43.3,41.5,41.5,40109899
2023-11-15,41.85,42.1,41.3,42.1,16138566
2023-11-16,42.25,42.3,41.8,42.15,11305960
2023-11-17,42.25,42.25,41.8,41.8,11025745
2023-11-20,41.8,42.05,41.6,42.0,6736962
2023-11-21,42.15,42.2,41.85,41.9,9327338
2023-11-22,41.9,42.0,41.55,41.55,8691763
2023-11-23,41.65,41.85,41.5,41.55,7440050
2023-11-24,41.6,41.75,41.3,41.75,9018517
2023-11-27,41.9,42.2,41.7,42.0,9986902
2023-11-28,42.2,42.75,42.15,42.65,18473404
2023-11-29,42.8,42.9,42.2,42.55,10713708
2023-11-30,42.55,42.75,42.0,42.0,21027858
2023-12-01,42.1,43.35,42.1,43.3,33778832
2023-12-04,44.05,45.5,43.9,45.15,60360458
2023-12-05,45.05,45.65,44.15,44.85,38580798
2023-12-06,45.05,45.05,44.15,44.65,19069455
2023-12-07,44.7,44.75,43.65,43.7,15228945
2023-12-08,43.75,44.3,43.55,44.0,13164539
2023-12-11,44.45,44.85,43.85,44.0,16725517
2023-12-12,44.2,45.3,44.0,44.0,33867861
2023-12-13,44.1,44.3,43.2,43.2,21555739
2023-12-14,43.45,43.45,42.7,42.75,19781003
2023-12-15,43.15,44.55,43.15,44.25,48920844
2023-12-18,46.0,48.65,45.45,47.85,234609176
2023-12-19,48.45,50.5,48.05,49.3,275150716
2023-12-20,49.7,50.5,48.2,50.4,166543974
2023-12-21,50.3,55.4,49.75,55.4,332947229
2023-12-22,56.2,58.4,55.4,57.5,366311171
2023-12-25,54.0,55.2,51.8,51.8,258756119
2023-12-26,51.6,53.5,51.5,52.0,169022599
2023-12-27,53.4,54.0,52.6,52.6,108280591
2023-12-28,53.1,53.3,51.4,51.9,67286018
2023-12-29,52.3,52.3,51.2,51.3,40692780
2024-01-02,54.2,55.2,52.2,53.0,166027847
2024-01-03,54.8,55.1,53.1,54.0,125444985
2024-01-04,55.0,59.2,54.4,57.3,292972545
2024-01-05,58.2,58.9,56.8,58.0,208005104
2024-01-08,57.8,58.5,56.2,56.5,110770058
2024-01-09,53.5,53.8,50.9,51.7,180250862
2024-01-10,50.8,51.2,48.2,48.8,199110004
2024-01-11,49.25,49.95,49.1,49.3,58830792
2024-01-12,50.6,52.0,50.4,51.8,101146669
2024-01-15,52.5,53.3,51.8,52.2,67637607
2024-01-16,52.8,53.2,50.5,51.1,72677472
2024-01-17,51.2,51.9,49.25,49.75,70364582
2024-01-18,50.3,51.5,49.7,51.3,57424498
2024-01-19,51.5,51.5,50.0,50.9,42510858
2024-01-22,49.65,49.8,48.8,49.8,51079142
2024-01-23,50.4,51.1,49.45,49.45,41243758
2024-01-24,49.75,50.7,49.3,49.8,26159010
2024-01-25,50.0,50.0,49.15,49.25,23617810
2024-01-26,49.3,49.75,48.7,48.9,22697063
2024-01-29,48.8,49.2,48.6,48.8,19215398
2024-01-30,49.05,49.15,48.35,48.5,19182714
2024-01-31,48.6,49.2,47.7,47.85,24967775
2024-02-01,48.0,49.35,48.0,49.15,32075682
2024-02-02,48.2,48.75,47.65,47.75,33865370
2024-02-05,47.8,47.9,47.3,47.3,23441232
2024-02-15,47.0,47.55,45.55,46.65,40374924
2024-02-16,47.5,47.95,46.85,46.9,21758857
2024-02-19,47.1,47.45,46.35,46.9,16299946
2024-02-20,47.3,48.65,47.1,48.15,33476370
2024-02-21,48.8,49.35,48.3,48.35,71284366
2024-02-22,48.95,50.4,48.3,49.95,70222593
2024-02-23,50.2,50.4,48.85,49.1,39647881
2024-02-26,49.2,49.4,48.6,48.7,24867278
2024-02-27,48.75,49.5,48.55,48.55,30172062
2024-02-29,49.0,50.0,48.85,49.85,43427819
2024-03-01,49.5,49.75,48.7,49.15,28836422
2024-03-04,48.8,49.35,48.0,48.9,43947891
2024-03-05,49.0,49.55,48.55,48.6,28585658
2024-03-06,48.5,49.0,48.0,48.0,23435122
2024-03-07,48.15,48.75,48.0,48.0,22843922
2024-03-08,48.15,49.1,47.4,47.55,53119136
2024-03-11,48.15,48.8,48.15,48.6,24200436
2024-03-12,48.9,49.15,48.4,48.95,25478683
2024-03-13,49.3,49.5,48.55,48.7,28999076
2024-03-14,48.9,48.9,47.6,47.75,29823252
2024-03-15,47.2,47.2,45.2,46.5,62113927
2024-03-18,45.7,45.7,45.0,45.15,34252650
2024-03-19,45.2,45.85,45.15,45.3,20381076
2024-03-20,45.45,45.75,44.85,44.95,29138261
2024-03-21,45.9,46.55,45.45,45.45,26906772
2024-03-22,45.8,45.85,45.0,45.15,17242106
2024-03-25,45.2,45.8,45.2,45.6,12832393
2024-03-26,45.45,45.45,44.05,44.15,37646092
2024-03-27,44.2,44.65,44.1,44.15,13187692
2024-03-28,44.35,44.55,44.0,44.1,16023166
2024-03-29,44.2,44.65,44.2,44.4,11466644
2024-04-01,44.7,44.75,44.25,44.3,11449289
2024-04-02,44.3,44.45,44.0,44.45,11515178
2024-04-03,44.2,44.3,43.8,43.8,16554721
2024-04-08,43.85,45.4,43.6,45.1,21937216
2024-04-09,45.1,45.6,44.8,44.95,21768021
2024-04-10,45.25,45.3,44.4,44.4,18377231
2024-04-11,44.8,45.3,44.7,45.0,15435778
2024-04-12,45.3,45.4,44.85,45.2,14889514
2024-04-15,45.0,45.65,44.25,45.2,22010499
2024-04-16,45.05,45.15,43.55,43.8,28118165
2024-04-17,43.6,44.3,43.6,43.95,12637137
2024-04-18,43.95,44.2,43.6,43.8,13796326
2024-04-19,43.65,46.25,43.65,45.15,59459827
2024-04-22,46.4,47.3,45.55,45.6,64592820
2024-04-23,45.6,46.05,45.25,45.85,14809050
2024-04-24,46.35,47.0,45.8,46.7,34609651
2024-04-25,46.5,47.1,46.15,47.1,20795682
2024-04-26,47.1,51.8,47.05,51.8,222281153
2024-04-29,55.0,55.5,52.6,52.9,195544134
2024-04-30,53.0,53.0,51.3,52.2,80293324
2024-05-02,53.1,53.8,50.5,51.3,83997499
2024-05-03,51.3,51.7,49.85,50.4,56891092
2024-05-06,50.0,51.3,49.55,50.6,32037880
2024-05-07,51.0,52.9,50.6,52.5,83754258
2024-05-08,53.2,54.1,52.0,52.2,83742789
2024-05-09,53.0,56.2,52.7,55.1,200190982
2024-05-10,56.4,60.6,56.1,60.6,393050359
2024-05-13,65.6,66.6,64.2,66.6,278967888
2024-05-14,68.1,73.2,67.2,71.3,486049879
2024-05-15,70.6,72.1,69.2,71.4,236872287
2024-05-16,72.0,76.4,71.1,74.1,309302343
2024-05-17,74.1,74.1,70.6,71.0,47327320
2024-05-20,72.0,72.5,70.5,72.5,33011736
2024-05-21,72.1,72.1,70.4,71.4,24383393
2024-05-22,71.5,72.7,70.6,72.0,25468961
2024-05-23,72.4,72.4,71.2,71.3,18143794
2024-05-24,72.0,74.0,72.0,73.5,33052208
2024-05-27,75.9,79.9,74.3,78.3,60865451
2024-05-28,79.0,80.9,78.5,79.5,51404688
2024-05-29,79.8,81.4,76.0,77.2,43835271
2024-05-30,76.7,79.1,75.1,78.3,32411138
2024-05-31,80.3,81.4,70.5,71.5,316692323
2024-06-03,74.5,75.9,70.4,75.9,179063615
2024-06-04,74.8,76.6,73.2,75.7,95446594
2024-06-05,77.3,82.3,77.3,80.4,257244147
2024-06-06,82.0,84.5,80.5,83.7,320668936
2024-06-07,82.7,85.4,81.0,82.9,230299115
2024-06-11,84.5,86.0,74.7,74.7,329806160
2024-06-12,74.3,75.6,68.6,70.9,244285719
2024-06-13,74.0,74.8,71.4,72.4,150499221
2024-06-14,73.2,76.5,72.5,75.4,158775936
2024-06-17,75.8,75.8,73.0,73.7,106406679
2024-06-18,74.3,74.8,73.3,74.1,52474711
2024-06-19,74.5,77.5,74.1,75.0,106052977
2024-06-20,75.8,77.0,75.8,76.7,61244105
2024-06-21,78.9,80.0,75.6,75.9,159710618
2024-06-24,75.9,76.4,73.8,74.2,57310946
2024-06-25,75.0,76.5,74.3,76.5,71965554
2024-06-26,76.5,76.9,74.7,75.0,56002499
2024-06-27,75.5,76.3,74.7,75.2,41427474
2024-06-28,75.7,76.0,74.2,74.6,38817375
2024-07-01,75.8,76.3,72.7,73.7,65794333
2024-07-02,73.9,74.5,73.1,74.1,41420702
2024-07-03,75.1,77.1,74.5,74.8,66030367
2024-07-04,75.4,75.5,73.8,73.8,42976825
2024-07-05,74.3,74.4,72.2,72.3,44895157
2024-07-08,68.9,69.2,66.0,67.5,100848530
2024-07-09,67.5,67.6,64.5,65.2,65986430
2024-07-10,66.0,66.7,65.0,65.1,41841694
2024-07-11,66.0,66.3,65.1,65.1,27007816
2024-07-12,64.4,64.8,63.2,64.0,37197632
2024-07-15,63.5,64.9,62.6,63.1,49155771
2024-07-16,63.9,64.4,62.4,62.4,31367484
2024-07-17,62.6,63.0,61.5,61.9,41313306
2024-07-18,62.4,62.5,61.6,61.8,23277028
2024-07-19,61.8,61.8,59.9,60.2,42140571
2024-07-22,59.2,59.6,57.3,58.6,54526129
2024-07-23,59.7,61.8,59.0,60.8,49239168
2024-07-26,58.6,60.5,58.4,60.3,26521378
2024-07-29,60.5,61.4,59.4,60.0,25470415
2024-07-30,61.8,62.4,60.1,62.3,40739538
2024-07-31,61.8,63.8,61.5,63.4,36377513
2024-08-01,64.3,65.2,63.4,64.6,35214137
2024-08-02,63.5,66.4,63.1,64.1,67717168
2024-08-05,63.1,63.2,59.6,60.0,59339632
2024-08-06,61.6,65.2,60.8,61.1,76619335
2024-08-07,61.8,64.3,60.8,63.6,48989537
2024-08-08,63.0,63.2,61.1,61.2,38987975
2024-08-09,62.8,63.2,59.3,60.8,62540696
2024-08-12,60.0,64.0,59.7,63.5,72122420
2024-08-13,63.5,63.8,61.2,61.8,66663164
2024-08-14,62.1,63.0,61.2,61.6,39815883
2024-08-15,62.1,64.4,61.7,63.8,59384711
2024-08-16,64.1,64.9,63.5,63.8,40422936
2024-08-19,64.5,64.5,63.5,63.7,16591293
2024-08-20,64.6,65.1,63.6,63.7,30411585
2024-08-21,64.0,64.7,62.8,63.7,31161151
2024-08-22,63.7,64.2,63.5,63.7,13456752
2024-08-23,64.2,64.3,63.4,63.6,19593925
2024-08-26,63.8,65.9,63.5,64.2,41294178
2024-08-27,64.2,64.6,62.4,62.7,35054646
2024-08-28,63.0,63.1,62.3,62.6,11130476
2024-08-29,62.3,63.0,62.2,62.9,10016680
2024-08-30,63.4,64.5,63.2,64.5,31562837
2024-09-02,64.6,64.6,62.3,62.3,29057352
2024-09-03,62.5,63.1,61.8,61.8,14030361
2024-09-04,59.6,61.4,58.6,60.7,30346895
2024-09-05,61.1,62.6,60.9,61.5,22747698
2024-09-06,61.1,62.3,60.8,62.1,17113912
2024-09-09,61.0,61.1,60.2,60.6,19930799
2024-09-10,61.0,61.7,59.7,59.8,20871936
2024-09-11,60.5,61.8,60.0,61.3,20684100
2024-09-12,62.4,62.8,61.7,62.0,22406344
2024-09-13,62.7,62.7,61.8,62.4,19873494
2024-09-16,61.9,62.0,61.4,61.7,13455410
2024-09-18,61.9,63.2,61.9,62.6,23361060
2024-09-19,63.0,63.4,62.5,63.4,16048549
2024-09-20,64.2,64.3,62.8,63.6,27870893
2024-09-23,63.7,64.7,63.5,64.5,31439053
2024-09-24,65.1,69.0,65.0,67.6,155634574
2024-09-25,68.9,70.4,67.6,70.4,144219832
2024-09-26,70.7,74.9,70.3,70.9,208712759
2024-09-27,72.3,73.4,71.3,72.9,98830258
2024-09-30,72.9,72.9,68.2,69.0,96188483
2024-10-01,70.1,71.7,69.7,70.5,60124019
2024-10-04,63.9,65.6,63.8,64.1,97760713
2024-10-07,64.1,64.4,62.8,64.1,45572561
2024-10-08,64.2,64.6,63.5,63.5,26353687
2024-10-09,63.8,63.8,61.8,62.5,37430665
2024-10-11,62.7,63.8,62.5,62.8,22498575
2024-10-14,63.0,63.9,62.8,63.3,15069490
2024-10-15,63.7,63.9,63.1,63.1,13971901
2024-10-16,63.1,64.4,62.5,63.7,20789145
2024-10-17,63.8,65.9,63.7,65.5,40625669
2024-10-18,66.5,66.5,65.3,65.9,32258893
2024-10-21,66.4,68.5,66.0,68.4,48853199
2024-10-22,69.0,69.3,67.6,67.8,46592431
2024-10-23,68.3,69.0,67.7,68.5,26607875
2024-10-24,68.3,68.3,66.7,67.3,23875494
2024-10-25,67.4,68.5,67.4,67.8,19152901
2024-10-28,69.1,69.8,67.5,68.1,28577250
2024-10-29,67.4,67.5,66.0,66.2,21268169
2024-10-30,66.6,67.7,66.4,66.4,15974707
2024-11-01,67.0,70.5,66.7,70.0,86303743
2024-11-04,70.3,70.7,68.0,68.1,62545045
2024-11-05,68.5,71.9,68.5,70.7,85054930
2024-11-06,71.0,71.1,69.7,70.8,37946660
2024-11-07,69.5,70.3,68.5,69.7,37593714
2024-11-08,70.7,73.0,70.3,71.5,83142823
2024-11-11,72.4,72.5,70.3,71.8,54595443
2024-11-12,72.2,73.9,71.5,72.1,116831824
2024-11-13,73.1,73.1,71.1,71.3,48725218
2024-11-14,71.5,72.2,70.6,70.8,42829838
2024-11-15,71.6,73.3,71.5,72.2,67910364
2024-11-18,72.3,73.2,71.7,72.1,43999291
2024-11-19,72.8,74.7,72.4,74.7,91555737
2024-11-20,75.2,79.8,74.5,77.1,191128986
2024-11-21,77.9,79.8,77.4,79.3,129678456
2024-11-22,77.3,78.8,76.7,77.5,84315590
2024-11-25,77.3,78.2,75.3,76.5,98772725
2024-11-26,76.0,77.1,75.9,76.2,40027133
2024-11-27,76.2,76.6,70.5,71.7,99998121
2024-11-28,71.7,73.5,71.7,72.5,41219462
2024-11-29,73.8,74.6,72.5,73.2,60659875
2024-12-02,74.4,75.5,74.1,74.3,42671620
2024-12-03,75.2,76.2,74.8,75.7,38167973
2024-12-04,75.4,76.0,74.8,75.9,34090575
2024-12-05,75.8,75.8,74.7,74.7,25447074
2024-12-06,75.3,76.2,75.3,75.6,28016186
2024-12-09,78.5,83.0,78.0,83.0,217832307
2024-12-10,82.5,83.0,80.2,80.5,114473303
2024-12-11,80.0,81.4,78.8,79.2,67166976
2024-12-12,80.0,80.5,78.2,78.6,59538334
2024-12-13,78.9,81.8,78.6,80.4,99983673
2024-12-16,81.3,81.5,77.7,78.9,98249778
2024-12-17,79.0,80.2,78.5,78.7,52169024
2024-12-18,78.7,79.4,77.6,78.9,46529374
2024-12-19,78.1,79.5,77.8,78.2,68051777
2024-12-20,79.0,80.4,78.3,79.7,129661853
2024-12-23,79.5,79.5,77.4,78.9,99875371
2024-12-24,79.0,80.1,78.4,78.8,84702344
2024-12-25,79.4,79.4,77.4,77.4,60620883
2024-12-26,77.7,78.2,76.7,76.7,45689169
2024-12-27,77.0,77.4,75.5,75.7,40017798
2024-12-30,75.9,76.6,74.8,75.2,26618524
2024-12-31,75.1,76.3,75.0,75.7,21319623
2025-01-02,76.2,77.8,76.2,76.6,37050041
2025-01-03,77.7,78.5,76.7,77.4,44889744
2025-01-06,77.4,77.5,76.2,76.5,41158063
2025-01-07,76.5,79.0,75.8,79.0,45335375
2025-01-08,78.2,78.4,77.4,77.6,34726249
2025-01-09,77.4,77.5,72.6,72.6,84021645
2025-01-10,71.5,72.6,70.6,72.2,48010504
2025-01-13,71.5,71.9,69.5,69.9,42972993
2025-01-14,70.1,72.0,70.0,72.0,24387794
2025-01-15,72.0,72.3,70.7,70.9,20422722
2025-01-16,70.8,71.2,69.6,69.8,35661234
2025-01-17,69.5,69.7,68.6,68.8,33456383
2025-01-20,68.4,68.4,67.0,67.1,31663507
2025-01-21,67.5,68.7,67.0,67.0,28493160
2025-01-22,67.5,67.8,66.5,67.8,21451068
2025-02-03,66.5,68.3,66.1,66.1,30935366
2025-02-04,66.8,66.9,64.2,64.5,33094723
2025-02-05,65.4,67.7,65.4,67.7,33344992
2025-02-06,67.5,67.5,66.7,67.0,14215108
2025-02-07,67.7,68.0,67.0,67.4,13049873
2025-02-10,67.4,68.0,67.1,67.8,17875295
2025-02-11,68.2,68.9,67.6,67.8,18766233
2025-02-12,68.8,69.6,68.3,68.4,24475759
2025-02-13,68.3,70.2,67.5,70.1,26339535
2025-02-14,70.1,70.5,69.2,70.3,19427962
2025-02-17,70.3,71.5,69.8,71.2,17721568
2025-02-18,71.3,71.6,70.8,71.5,15448882
2025-02-19,71.8,71.8,70.9,71.7,11531795
2025-02-20,71.7,72.8,71.4,71.6,18398326
2025-02-21,71.8,72.1,71.4,71.4,12700279
2025-02-24,70.7,72.7,70.5,72.4,25621274
2025-02-25,73.2,73.5,72.6,73.0,26793131
2025-02-26,74.4,75.0,73.6,74.1,34667646
2025-02-27,74.3,74.7,72.3,72.9,26680135
2025-03-03,71.3,73.0,71.2,72.6,15893637
2025-03-04,72.0,72.8,71.3,72.6,14602892
2025-03-05,73.1,73.4,72.2,73.2,14380639
2025-03-06,73.2,74.4,73.1,73.6,16522477
2025-03-07,73.9,75.5,73.7,74.8,32683490
2025-03-10,75.3,75.3,73.8,74.0,19008417
2025-03-11,72.9,74.1,72.1,73.7,28420607
2025-03-12,73.3,74.6,72.2,72.9,24871597
2025-03-13,75.4,76.0,74.2,74.4,60214327
2025-03-14,74.0,75.8,74.0,74.2,48203402
2025-03-17,74.8,76.2,74.0,75.9,45952076
2025-03-18,76.3,78.0,75.5,77.4,47721409
2025-03-19,77.4,77.8,76.8,77.1,28438090
2025-03-20,77.7,78.1,77.4,78.0,25603052
2025-03-21,78.3,78.4,76.7,76.8,24250355
2025-03-24,77.2,77.8,76.9,77.2,20226312
2025-03-25,77.8,78.1,77.4,77.9,20213536
2025-03-26,78.1,78.2,77.1,77.4,16442647
2025-03-27,77.4,77.9,76.1,76.6,20059139
2025-03-28,76.8,76.8,75.0,75.2,19004717
2025-03-31,74.0,75.0,73.0,74.4,27118024
2025-04-01,74.9,77.4,74.7,77.0,23750628
2025-04-02,77.0,77.4,76.4,77.4,15474960
2025-04-07,69.7,69.7,69.7,69.7,4820865
2025-04-08,63.5,64.3,62.8,62.8,65915496
2025-04-09,59.9,61.9,56.6,56.6,53614594
2025-04-10,62.2,62.2,62.2,62.2,11086170
2025-04-11,62.0,68.4,60.5,68.4,68828974
2025-04-14,73.0,75.2,71.0,73.6,126312564
2025-04-15,74.3,75.4,73.2,73.2,79495004
2025-04-16,72.7,73.5,71.5,72.5,31652269
2025-04-17,71.5,71.8,69.9,71.0,37306793
2025-04-18,71.3,74.4,71.2,72.1,60195599
2025-04-21,69.0,71.4,68.6,69.9,31453649
2025-04-22,69.3,70.3,69.0,69.5,26193638
2025-04-23,70.9,71.5,70.3,71.4,25189241
2025-04-24,71.2,71.9,70.9,70.9,17899073
2025-04-25,71.9,72.0,69.6,69.8,25637323
2025-04-28,70.2,70.2,69.4,69.9,13886749
2025-04-29,70.0,70.1,68.9,69.1,23686209
2025-04-30,69.3,69.4,67.8,68.0,26954940
2025-05-02,68.8,71.0,68.7,70.9,33518051
2025-05-05,71.0,71.2,70.0,70.4,19624622
2025-05-06,70.5,71.4,70.0,71.2,16725328
2025-05-07,71.1,71.3,70.5,71.0,9898530
2025-05-08,70.3,70.9,70.2,70.5,12154124
2025-05-09,71.2,72.1,71.1,71.8,20986350
2025-05-12,72.8,73.5,72.2,72.5,18225738
2025-05-13,79.1,79.7,75.9,78.0,128983714
2025-05-14,78.5,80.4,77.0,79.4,112713378
2025-05-15,81.0,81.7,78.9,79.5,104700664
2025-05-16,80.1,85.6,80.0,84.0,235712727
2025-05-19,84.2,84.9,82.0,83.3,115578478
2025-05-20,82.5,84.3,82.1,83.5,62501355
2025-05-21,83.7,84.2,82.5,83.3,59784492
2025-05-22,82.6,87.8,81.3,86.9,178996807
2025-05-23,87.1,87.8,82.0,83.7,157042134
2025-05-26,83.5,84.3,82.0,83.0,55414145
