Date,Open,High,Low,Close,Volume
2015-01-05,245.0,245.0,238.5,239.5,1116693
2015-01-06,237.0,237.5,232.0,232.5,1731035
2015-01-07,232.5,234.5,232.0,232.5,1235916
2015-01-08,235.5,240.5,234.0,240.0,955524
2015-01-09,241.5,242.0,237.5,239.0,771440
2015-01-12,237.5,239.5,236.0,237.5,661156
2015-01-13,236.0,241.0,236.0,239.0,1652837
2015-01-14,239.0,239.5,234.0,235.0,777417
2015-01-15,236.5,237.0,233.0,233.0,621575
2015-01-16,235.5,235.5,226.0,229.5,2492679
2015-01-19,231.0,236.0,231.0,234.5,1469282
2015-01-20,236.0,238.5,235.5,238.5,1021415
2015-01-21,239.5,241.0,238.5,241.0,845138
2015-01-22,239.5,240.0,238.0,240.0,1115243
2015-01-23,240.0,242.5,238.5,240.0,1801493
2015-01-26,240.0,242.5,240.0,242.0,946056
2015-01-27,243.0,243.5,239.0,242.0,1271373
2015-01-28,242.0,243.5,239.5,239.5,1222917
2015-01-29,239.5,242.0,239.0,242.0,958366
2015-01-30,242.5,245.0,242.0,243.0,1421229
2015-02-02,243.0,247.5,242.0,247.0,821314
2015-02-03,249.5,259.0,246.0,257.0,1429180
2015-02-04,258.5,259.0,251.0,251.0,1617413
2015-02-05,250.0,253.0,247.0,249.5,1316716
2015-02-06,247.5,250.5,246.5,250.5,1362050
2015-02-09,251.5,251.5,246.5,247.0,759589
2015-02-10,244.5,246.0,241.5,241.5,1281351
2015-02-11,241.5,248.0,241.5,248.0,1913812
2015-02-12,249.0,250.0,247.0,248.0,1163694
2015-02-13,248.0,249.0,247.0,249.0,1190639
2015-02-24,249.0,255.0,249.0,254.0,1798284
2015-02-25,255.5,258.5,254.5,256.5,1353934
2015-02-26,254.5,254.5,242.0,244.0,3261390
2015-03-02,247.0,251.5,246.0,251.5,1681763
2015-03-03,252.5,253.5,246.0,247.0,1160117
2015-03-04,248.5,253.0,247.5,252.5,1197758
2015-03-05,253.0,253.0,248.0,248.0,1122447
2015-03-06,251.0,253.5,248.0,253.5,1112395
2015-03-09,253.5,253.5,248.0,248.5,1351348
2015-03-10,250.0,251.0,248.5,249.5,1226436
2015-03-11,247.0,248.5,245.0,245.0,1653058
2015-03-12,245.5,247.5,244.5,244.5,865381
2015-03-13,245.0,246.0,244.0,244.0,864128
2015-03-16,243.5,247.0,243.0,244.5,1447051
2015-03-17,246.0,249.5,245.0,249.5,945875
2015-03-18,249.5,252.0,247.5,252.0,1389148
2015-03-19,252.0,254.0,249.0,249.0,746017
2015-03-20,248.5,249.0,245.5,247.5,1226481
2015-03-23,248.5,249.5,246.0,249.5,1496948
2015-03-24,249.5,249.5,245.5,249.0,1301116
2015-03-25,249.0,249.0,245.5,248.5,1130183
2015-03-26,245.0,245.0,241.0,241.0,2690631
2015-03-27,239.5,239.5,231.0,231.0,3484143
2015-03-30,232.0,235.0,232.0,232.5,1452533
2015-03-31,233.5,235.5,231.5,235.5,1741934
2015-04-01,235.0,235.0,230.0,232.0,1716991
2015-04-02,232.0,234.0,231.0,232.0,1734988
2015-04-07,232.0,233.0,225.5,227.0,1994454
2015-04-08,227.0,227.0,224.0,224.0,2936990
2015-04-09,224.0,228.5,224.0,225.5,2568213
2015-04-10,226.5,227.0,222.0,224.5,2554799
2015-04-13,226.5,230.0,225.5,229.5,2157985
2015-04-14,229.0,229.0,225.0,227.0,2697869
2015-04-15,227.0,227.5,223.5,226.5,2172894
2015-04-16,227.0,227.5,224.0,227.0,1324254
2015-04-17,227.5,227.5,224.0,224.0,1158908
2015-04-20,224.0,224.5,220.0,221.0,3306283
2015-04-21,221.0,223.5,220.0,221.0,1027251
2015-04-22,221.0,224.5,220.5,223.0,1804961
2015-04-23,224.0,227.0,224.0,227.0,1788628
2015-04-24,227.5,232.0,227.0,232.0,2504425
2015-04-27,234.5,234.5,231.5,232.0,1683355
2015-04-28,232.0,232.0,228.5,231.5,841308
2015-04-29,229.5,234.0,229.5,229.5,931738
2015-04-30,231.5,233.0,227.0,227.0,1416220
2015-05-04,227.0,237.5,227.0,232.0,1111253
2015-05-05,232.0,233.0,228.5,229.5,811547
2015-05-06,229.0,232.0,227.0,229.0,1096337
2015-05-07,227.0,228.0,223.0,226.5,838758
2015-05-08,226.5,227.0,224.0,225.0,650554
2015-05-11,226.0,226.0,223.5,224.0,999313
2015-05-12,226.0,228.5,223.5,226.0,1395823
2015-05-13,226.0,226.5,221.5,224.0,2449951
2015-05-14,224.0,225.5,221.0,223.0,1567474
2015-05-15,223.0,223.0,220.0,223.0,1614863
2015-05-18,223.5,224.0,222.0,223.0,981240
2015-05-19,225.0,225.0,223.0,224.0,1139507
2015-05-20,225.0,225.0,218.0,220.0,2015199
2015-05-21,218.0,218.0,212.0,213.5,2279181
2015-05-22,216.0,222.5,215.0,222.5,1914281
2015-05-25,220.5,220.5,218.5,219.5,1018525
2015-05-26,220.5,222.5,219.5,219.5,1351954
2015-05-27,219.0,221.5,218.0,221.0,988943
2015-05-28,219.5,221.0,219.5,220.0,1557163
2015-05-29,220.0,223.0,220.0,222.0,2024373
2015-06-01,220.0,222.5,220.0,221.5,882590
2015-06-02,218.0,221.0,217.0,219.0,1015667
2015-06-03,218.0,220.0,215.0,215.5,1809499
2015-06-04,216.0,218.0,210.5,213.0,2053413
2015-06-05,212.5,216.0,210.0,213.5,1579775
2015-06-08,214.0,221.0,212.5,218.5,1636298
2015-06-09,216.5,217.0,212.0,212.0,1320177
2015-06-10,212.5,218.0,212.5,216.5,785453
2015-06-11,218.0,223.0,217.5,222.0,1601945
2015-06-12,222.0,222.0,219.0,220.0,905302
2015-06-15,219.0,221.5,217.0,217.0,612082
2015-06-16,216.0,217.0,212.5,213.5,1276696
2015-06-17,213.5,216.0,212.0,212.5,1479811
2015-06-18,213.5,214.0,211.5,211.5,1590666
2015-06-22,212.0,216.5,212.0,214.0,1228955
2015-06-23,216.0,216.0,214.0,214.0,1071371
2015-06-24,214.0,215.5,212.0,212.0,1095380
2015-06-25,213.0,215.0,212.0,212.5,1589730
2015-06-26,215.0,216.0,212.5,215.0,904727
2015-06-29,215.0,215.0,212.5,214.0,949277
2015-06-30,216.0,217.0,214.5,217.0,1096707
2015-07-01,217.0,217.5,215.0,215.0,581869
2015-07-02,216.5,217.0,215.0,215.0,554148
2015-07-03,216.0,217.0,213.5,217.0,702082
2015-07-06,217.0,217.0,214.5,217.0,517439
2015-07-07,217.5,219.0,216.5,218.5,545247
2015-07-08,218.0,218.5,213.5,216.0,1281410
2015-07-09,213.0,215.0,208.0,208.0,1527300
2015-07-13,210.0,217.5,209.5,217.5,1239161
2015-07-14,217.5,217.5,214.0,214.5,705947
2015-07-15,216.5,216.5,215.0,215.0,1038411
2015-07-16,216.0,217.5,215.5,217.5,417200
2015-07-17,216.0,218.5,215.0,218.5,613375
2015-07-20,219.5,220.0,212.0,212.5,937799
2015-07-21,213.0,215.5,213.0,215.0,907586
2015-07-22,216.0,216.0,213.5,215.0,768687
2015-07-23,215.0,217.5,215.0,216.5,791764
2015-07-24,216.5,217.0,214.5,215.5,343834
2015-07-27,214.0,214.0,212.5,213.0,850084
2015-07-28,211.0,216.5,210.0,213.0,1174470
2015-07-29,212.5,213.0,211.0,213.0,1766158
2015-07-30,214.0,225.0,214.0,225.0,2920062
2015-07-31,225.0,229.5,224.5,229.5,2594109
2015-08-03,229.0,229.5,223.5,229.5,2079552
2015-08-04,224.0,230.5,224.0,230.5,2070564
2015-08-05,230.0,230.5,227.0,229.5,1886823
2015-08-06,230.0,231.0,225.0,229.0,1517340
2015-08-07,225.5,230.0,225.5,226.0,770782
2015-08-10,227.5,231.0,226.5,230.0,743848
2015-08-11,230.0,232.5,224.0,224.0,1252967
2015-08-12,224.0,226.0,220.5,223.5,811631
2015-08-13,224.5,226.5,220.0,220.0,964094
2015-08-14,219.0,223.5,218.5,221.0,678380
2015-08-17,221.0,224.0,219.5,222.5,578577
2015-08-18,223.0,224.0,218.5,218.5,581927
2015-08-19,218.0,218.5,213.0,213.0,959263
2015-08-20,213.5,217.5,208.0,212.5,1895947
2015-08-21,210.5,212.5,209.0,210.5,1623742
2015-08-24,208.5,208.5,191.5,200.0,2908077
2015-08-25,200.0,206.5,198.5,205.5,2580615
2015-08-26,204.5,206.5,202.0,205.0,2173574
2015-08-27,205.0,205.0,201.0,203.0,2917131
2015-08-28,203.5,206.5,201.5,205.5,2702179
2015-08-31,205.5,217.5,204.0,217.5,2192160
2015-09-01,215.0,215.0,208.0,208.0,1588272
2015-09-02,208.0,212.0,207.0,212.0,1299178
2015-09-03,212.5,213.0,208.5,208.5,1084392
2015-09-04,206.5,206.5,201.5,201.5,1870084
2015-09-07,200.0,203.5,200.0,201.5,1523398
2015-09-08,201.5,205.0,201.5,204.0,713755
2015-09-09,207.0,209.5,207.0,207.5,1500992
2015-09-10,206.0,208.5,206.0,207.0,830243
2015-09-11,205.0,208.0,205.0,207.0,651426
2015-09-14,207.0,208.0,206.0,208.0,826990
2015-09-15,208.0,208.5,206.0,207.0,833433
2015-09-16,207.0,207.5,206.0,207.0,1514326
2015-09-17,208.0,210.0,207.0,208.0,1185255
2015-09-18,209.0,211.0,208.0,208.0,1674650
2015-09-21,207.5,208.5,205.5,206.5,1353466
2015-09-22,206.5,210.0,206.5,210.0,1099895
2015-09-23,208.0,208.5,205.5,206.5,1091305
2015-09-24,208.0,208.0,203.0,203.0,793016
2015-09-25,204.0,205.5,203.0,203.5,786397
2015-09-30,201.0,208.0,201.0,205.0,2662148
2015-10-01,207.0,211.0,206.0,210.5,1261319
2015-10-02,212.5,216.5,212.5,216.5,1588087
2015-10-05,215.0,216.0,214.0,216.0,1263602
2015-10-06,215.5,219.5,214.5,219.0,730042
2015-10-07,218.5,219.5,216.5,216.5,789196
2015-10-08,217.5,218.0,214.0,214.5,940880
2015-10-12,215.0,219.0,214.5,217.0,1157245
2015-10-13,216.5,218.0,214.5,218.0,942355
2015-10-14,216.5,217.0,211.5,211.5,1157917
2015-10-15,214.0,218.0,214.0,217.5,918819
2015-10-16,215.5,218.0,215.5,216.5,453444
2015-10-19,216.0,220.0,216.0,218.5,823906
2015-10-20,218.5,220.0,216.5,218.5,565409
2015-10-21,222.0,226.0,219.0,223.0,1112069
2015-10-22,221.5,222.0,218.5,218.5,810278
2015-10-23,224.0,226.0,222.0,224.0,991210
2015-10-26,223.0,225.5,220.5,221.5,817018
2015-10-27,221.5,222.0,219.0,221.5,592215
2015-10-28,219.5,221.5,218.5,219.5,611422
2015-10-29,218.5,219.0,215.0,216.0,757167
2015-10-30,216.0,218.0,214.5,216.0,923528
2015-11-02,216.0,217.0,213.5,215.0,984866
2015-11-03,214.0,217.0,213.0,215.5,1032835
2015-11-04,217.5,222.5,215.5,219.5,1237300
2015-11-05,219.0,222.0,219.0,222.0,451894
2015-11-06,219.5,221.0,215.0,217.0,1183997
2015-11-09,215.5,216.5,213.5,214.0,492928
2015-11-10,213.0,213.0,211.0,212.0,1191907
2015-11-11,212.0,212.0,210.0,211.5,982637
2015-11-12,211.5,212.5,210.5,211.5,1532751
2015-11-13,212.0,212.0,209.0,210.0,2021795
2015-11-16,212.0,212.0,208.0,209.5,1832869
2015-11-17,210.0,211.5,210.0,210.0,1787921
2015-11-18,210.0,210.5,208.0,208.5,1212546
2015-11-19,208.5,210.5,208.0,210.0,982418
2015-11-20,210.0,211.0,210.0,211.0,974077
2015-11-23,210.0,213.0,210.0,213.0,671379
2015-11-24,209.5,210.5,208.0,208.0,896864
2015-11-25,209.0,211.0,208.0,211.0,651476
2015-11-26,211.0,213.0,210.0,211.5,609390
2015-11-27,211.5,211.5,208.5,210.0,349590
2015-11-30,206.5,209.0,205.0,209.0,2497061
2015-12-01,211.0,212.0,210.0,211.5,1021365
2015-12-02,209.5,210.5,208.0,208.0,617633
2015-12-03,206.5,209.0,206.0,208.0,899993
2015-12-04,208.0,208.0,206.0,207.0,795368
2015-12-07,209.0,210.5,208.0,209.5,800358
2015-12-08,209.0,209.0,204.5,204.5,1045003
2015-12-09,205.0,206.0,204.0,205.0,706010
2015-12-10,202.5,204.5,200.0,201.5,1722975
2015-12-11,200.5,201.5,199.5,201.5,1832630
2015-12-14,199.0,201.0,198.0,198.5,552732
2015-12-15,200.0,201.5,200.0,200.0,445699
2015-12-16,202.5,203.5,201.0,201.5,650220
2015-12-17,201.5,203.5,201.0,203.0,1065900
2015-12-18,202.5,205.0,202.0,203.0,762540
2015-12-21,202.5,202.5,200.0,201.5,733899
2015-12-22,201.5,202.5,200.5,202.0,736972
2015-12-23,202.5,202.5,200.5,202.5,493030
2015-12-24,204.5,204.5,200.0,202.0,481310
2015-12-25,201.5,203.5,200.5,202.5,221700
2015-12-28,203.5,205.0,202.5,204.5,430030
2015-12-29,205.0,205.0,203.0,204.5,287090
2015-12-30,205.0,205.5,204.5,204.5,372295
2015-12-31,205.0,206.0,204.0,205.5,335785
2016-01-04,205.0,205.5,199.5,200.0,1051599
2016-01-05,201.0,202.0,198.5,199.5,1251759
2016-01-06,201.0,203.5,200.0,203.5,1108519
2016-01-07,202.0,202.5,195.0,196.0,1418784
2016-01-08,195.0,199.0,194.5,197.0,1392407
2016-01-11,194.0,194.5,188.0,193.0,2074761
2016-01-12,197.0,197.5,194.0,194.5,956648
2016-01-13,197.0,200.0,196.0,200.0,771339
2016-01-14,197.0,198.0,195.0,196.5,887703
2016-01-15,199.0,200.5,198.0,200.0,1311743
2016-01-18,199.0,206.0,198.0,206.0,1330464
2016-01-19,208.0,210.0,206.0,210.0,1038551
2016-01-20,210.5,211.0,208.0,211.0,1659771
2016-01-21,211.5,211.5,207.0,207.0,1561994
2016-01-22,210.0,210.0,209.0,210.0,890261
2016-01-25,212.0,212.0,210.0,211.0,932147
2016-01-26,206.5,213.0,206.5,209.5,1626753
2016-01-27,211.0,219.0,210.5,216.0,2761796
2016-01-28,217.0,221.5,216.0,220.0,3082094
2016-01-29,220.0,220.0,216.5,219.5,1599410
2016-01-30,219.5,220.5,219.0,220.0,747531
2016-02-01,220.0,223.0,218.0,221.0,1609735
2016-02-02,222.5,223.0,220.5,221.5,2666912
2016-02-03,219.0,221.0,217.0,220.0,1086634
2016-02-15,219.0,221.5,210.0,221.5,2063077
2016-02-16,222.5,225.0,220.5,224.0,1469369
2016-02-17,225.5,225.5,218.5,220.5,904062
2016-02-18,222.5,227.0,221.0,227.0,2013204
2016-02-19,227.0,227.0,224.0,227.0,926417
2016-02-22,227.0,229.0,221.0,223.5,1103836
2016-02-23,227.0,227.0,222.5,224.0,897696
2016-02-24,227.0,227.5,224.0,226.0,569940
2016-02-25,227.0,227.0,225.0,226.5,922541
2016-02-26,224.0,227.5,224.0,225.5,1243686
2016-03-01,214.5,225.0,214.5,222.5,1617971
2016-03-02,225.0,232.5,223.5,228.5,2020980
2016-03-03,229.0,231.0,227.5,228.5,1244760
2016-03-04,229.0,231.5,227.5,230.5,1696407
2016-03-07,230.0,230.0,226.0,228.5,629748
2016-03-08,228.5,228.5,225.0,226.5,2174597
2016-03-09,225.0,225.5,220.5,221.5,2310772
2016-03-10,222.0,225.5,222.0,225.0,943641
2016-03-11,225.5,228.0,220.0,228.0,1640955
2016-03-14,228.0,228.5,225.0,227.0,572037
2016-03-15,226.0,228.0,223.5,225.5,1290931
2016-03-16,227.5,229.0,226.5,229.0,1040218
2016-03-17,231.5,231.5,225.5,227.5,2117499
2016-03-18,224.5,225.5,223.5,223.5,2312532
2016-03-21,223.5,225.5,223.0,224.0,984055
2016-03-22,224.5,225.0,220.5,220.5,1195516
2016-03-23,222.5,224.0,222.0,223.0,1010551
2016-03-24,224.5,228.5,223.0,227.5,1610118
2016-03-25,225.5,227.5,223.5,224.0,606662
2016-03-28,224.5,225.0,222.0,222.0,798528
2016-03-29,225.0,228.0,222.0,225.5,1405589
2016-03-30,229.0,238.5,229.0,235.5,4301151
2016-03-31,237.0,239.0,231.0,234.5,2861899
2016-04-01,234.5,236.0,230.0,236.0,2956417
2016-04-06,238.5,238.5,228.0,231.5,2725037
2016-04-07,231.5,231.5,224.0,227.5,1755281
2016-04-08,226.0,228.0,224.0,228.0,1158944
2016-04-11,228.0,228.5,224.5,225.0,1403238
2016-04-12,226.0,228.0,226.0,228.0,694112
2016-04-13,228.5,231.5,226.0,231.5,727971
2016-04-14,233.5,234.0,228.5,229.0,853324
2016-04-15,229.5,235.0,229.5,235.0,782276
2016-04-18,235.0,237.0,231.0,237.0,772271
2016-04-19,240.0,242.0,236.0,239.0,1958506
2016-04-20,238.5,240.0,231.0,232.5,1526324
2016-04-21,233.0,238.0,231.5,237.0,1080746
2016-04-22,233.0,233.5,230.5,232.5,929524
2016-04-25,231.0,234.5,229.0,234.5,442988
2016-04-26,234.0,236.5,231.5,232.5,740835
2016-04-27,232.0,233.5,231.0,232.5,707812
2016-04-28,231.0,232.0,226.5,227.0,1055248
2016-04-29,225.5,229.5,225.0,228.5,1403590
2016-05-03,227.0,227.0,222.0,224.0,1137827
2016-05-04,222.5,225.0,220.5,223.5,1075803
2016-05-05,225.0,227.0,222.0,226.0,792250
2016-05-06,225.0,226.0,220.5,226.0,920401
2016-05-09,222.0,224.5,222.0,224.5,872211
2016-05-10,222.5,225.0,222.0,224.0,669773
2016-05-11,224.0,228.0,224.0,226.0,833938
2016-05-12,229.0,234.0,228.5,234.0,1454691
2016-05-13,233.5,236.0,229.5,235.5,1609274
2016-05-16,235.5,241.0,235.0,240.5,1974917
2016-05-17,240.5,242.0,233.5,241.0,1388141
2016-05-18,238.0,240.0,237.5,240.0,1042966
2016-05-19,241.0,241.0,236.0,241.0,1467613
2016-05-20,241.0,243.0,237.0,238.0,923279
2016-05-23,235.5,241.0,235.0,241.0,1060567
2016-05-24,240.0,241.0,238.5,241.0,778614
2016-05-25,241.5,243.0,239.0,243.0,610950
2016-05-26,241.0,241.0,238.5,239.5,548887
2016-05-27,241.0,242.0,239.5,240.5,1358334
2016-05-30,240.0,248.0,240.0,246.5,1185332
2016-05-31,246.5,247.5,244.5,247.5,2145411
2016-06-01,247.5,251.5,246.5,251.5,992721
2016-06-02,251.0,251.0,247.5,248.5,742963
2016-06-03,248.5,250.5,247.5,248.5,668303
2016-06-04,248.0,249.5,245.0,249.5,124577
2016-06-06,250.0,254.0,246.0,248.0,519331
2016-06-07,245.5,249.5,244.5,245.0,1241338
2016-06-08,247.0,250.0,243.5,246.0,1692082
2016-06-13,244.5,246.5,237.5,239.5,2640235
2016-06-14,239.5,242.0,239.0,242.0,1382352
2016-06-15,240.0,242.0,239.0,240.5,1136093
2016-06-16,241.0,241.0,238.0,240.0,1568128
2016-06-17,241.0,245.0,240.5,245.0,1767943
2016-06-20,243.5,245.0,240.0,241.5,802831
2016-06-21,242.5,244.0,239.5,243.0,1380893
2016-06-22,245.0,252.5,244.5,252.5,2707827
2016-06-23,252.0,258.0,248.0,252.0,1169977
2016-06-24,253.5,254.5,239.5,246.0,1940668
2016-06-27,245.0,246.5,242.0,245.0,444909
2016-06-28,244.0,250.0,244.0,250.0,830853
2016-06-29,250.0,250.0,248.5,250.0,800858
2016-06-30,252.0,252.0,249.0,251.0,926083
2016-07-01,253.0,256.0,250.0,255.0,1151551
2016-07-04,255.0,257.0,251.5,256.5,821384
2016-07-05,255.5,255.5,250.0,251.0,830868
2016-07-06,249.5,252.5,246.0,251.0,1195131
2016-07-07,251.0,253.0,249.0,251.5,353343
2016-07-11,253.0,256.0,252.0,255.0,1237481
2016-07-12,255.5,257.0,253.0,257.0,1213484
2016-07-13,258.5,258.5,254.0,257.0,858633
2016-07-14,257.5,257.5,255.0,257.0,723109
2016-07-15,257.0,260.0,255.5,257.5,998767
2016-07-18,259.5,268.5,258.0,265.5,1440311
2016-07-19,268.0,268.5,262.0,265.5,2196930
2016-07-20,262.0,262.0,249.0,250.0,3735636
2016-07-21,250.0,253.0,247.5,248.0,2505114
2016-07-22,249.0,252.5,248.5,249.0,1136999
2016-07-25,251.5,253.0,248.5,249.0,888272
2016-07-26,253.0,259.5,251.5,259.5,2522253
2016-07-27,259.5,259.5,256.5,259.5,785692
2016-07-28,259.0,261.0,257.5,261.0,1068165
2016-07-29,261.0,261.0,258.5,259.0,1078997
2016-08-01,261.5,261.5,258.5,261.0,1075047
2016-08-02,259.0,260.0,258.5,259.5,1913220
2016-08-03,252.0,252.0,250.0,250.5,1723489
2016-08-04,250.5,251.5,247.5,248.0,1179961
2016-08-05,250.0,253.0,250.0,253.0,1647119
2016-08-08,253.0,254.0,248.5,250.0,1306319
2016-08-09,250.0,253.5,250.0,251.0,1283188
2016-08-10,252.0,257.0,251.0,257.0,2103608
2016-08-11,258.0,259.0,255.0,256.5,1589603
2016-08-12,256.0,258.0,255.5,256.5,1082906
2016-08-15,256.0,257.5,255.5,256.0,1261966
2016-08-16,256.0,256.5,255.0,256.0,1197888
2016-08-17,257.0,258.5,255.5,258.5,1162939
2016-08-18,259.0,259.0,257.0,257.0,1293742
2016-08-19,258.0,258.0,251.0,255.0,1137130
2016-08-22,255.0,255.5,251.5,255.0,723111
2016-08-23,254.5,254.5,248.0,250.0,2511311
2016-08-24,250.0,254.0,250.0,253.5,794589
2016-08-25,252.0,254.0,251.5,252.5,550557
2016-08-26,253.0,254.5,253.0,254.5,324529
2016-08-29,254.5,254.5,249.5,251.0,1015184
2016-08-30,252.0,253.0,250.5,252.0,460510
2016-08-31,252.0,253.0,249.0,252.5,1036782
2016-09-01,250.0,250.5,245.0,245.0,1633413
2016-09-02,246.0,254.5,246.0,254.5,1545921
2016-09-05,254.0,254.5,251.0,252.0,589902
2016-09-06,253.5,254.5,252.0,254.5,944589
2016-09-07,254.5,257.0,254.0,257.0,1142597
2016-09-08,257.0,261.0,256.0,261.0,988734
2016-09-09,257.0,262.0,255.5,261.5,1118222
2016-09-10,255.5,257.5,254.5,254.5,302007
2016-09-12,252.5,253.0,250.0,250.5,1877092
2016-09-13,250.5,251.5,248.5,250.5,1169778
2016-09-14,248.5,251.0,246.0,246.0,1409312
2016-09-19,248.0,253.0,247.5,251.5,960084
2016-09-20,250.5,251.0,248.0,249.0,532269
2016-09-21,250.5,253.0,249.5,252.5,745131
2016-09-22,254.0,254.0,247.0,249.0,1476452
2016-09-23,249.5,250.5,248.5,250.5,903787
2016-09-26,249.5,250.5,249.0,249.0,786461
2016-09-29,249.5,252.5,248.0,249.5,1819237
2016-09-30,248.0,250.5,247.0,249.0,1396344
2016-10-03,249.0,251.5,248.5,250.5,489876
2016-10-04,250.5,250.5,246.5,248.0,1151939
2016-10-05,246.5,249.5,246.5,248.5,811971
2016-10-06,248.5,249.5,245.5,246.5,1780652
2016-10-07,246.5,249.0,246.5,247.5,581300
2016-10-11,249.0,249.0,241.0,246.0,1492305
2016-10-12,246.0,248.5,245.0,247.0,475378
2016-10-13,249.0,249.0,245.5,245.5,1120365
2016-10-14,247.0,247.5,246.0,246.5,514819
2016-10-17,246.5,246.5,242.0,243.0,650013
2016-10-18,244.5,247.5,243.0,246.5,897988
2016-10-19,247.0,249.5,245.0,248.0,716406
2016-10-20,248.0,249.5,247.0,248.5,349696
2016-10-21,248.5,249.0,244.0,244.5,704507
2016-10-24,244.5,246.0,242.0,242.5,827907
2016-10-25,242.5,246.0,242.0,245.0,420713
2016-10-26,243.5,243.5,241.5,242.5,570705
2016-10-27,241.5,241.5,239.0,239.0,1037205
2016-10-28,239.0,241.0,239.0,240.0,771981
2016-10-31,237.5,238.5,236.0,236.0,1344877
2016-11-01,236.0,236.5,235.5,236.0,886633
2016-11-02,235.0,238.0,235.0,236.5,972275
2016-11-03,237.0,239.0,237.0,237.0,570593
2016-11-04,237.0,238.0,235.5,236.5,519403
2016-11-07,236.5,236.5,235.0,235.5,468153
2016-11-08,236.0,239.0,236.0,238.5,445702
2016-11-09,241.0,247.0,239.0,241.0,1988208
2016-11-10,245.0,247.0,245.0,246.0,1009322
2016-11-11,243.0,245.0,238.0,240.0,1553319
2016-11-14,239.0,240.0,234.0,235.0,1290217
2016-11-15,235.0,240.5,235.0,239.5,1073713
2016-11-16,240.0,242.0,238.0,240.0,1607377
2016-11-17,242.0,244.0,239.0,241.5,1314428
2016-11-18,241.0,241.5,237.0,237.0,1765675
2016-11-21,237.0,237.0,234.5,235.5,1200559
2016-11-22,236.5,242.0,236.5,241.5,1181316
2016-11-23,242.0,245.0,241.5,244.0,1208927
2016-11-24,244.0,244.5,241.0,241.0,537383
2016-11-25,243.0,244.5,241.5,242.5,841611
2016-11-28,244.0,245.0,239.0,240.0,848200
2016-11-29,240.0,241.0,239.5,240.0,497798
2016-11-30,241.5,241.5,238.5,239.5,1402653
2016-12-01,240.5,241.5,239.5,241.0,770078
2016-12-02,239.5,239.5,236.0,238.5,1013340
2016-12-05,239.0,239.5,235.5,235.5,1088356
2016-12-06,239.5,239.5,235.5,236.5,1062986
2016-12-07,239.0,239.0,236.5,237.5,906641
2016-12-08,238.5,239.0,236.5,239.0,1239733
2016-12-09,236.5,237.5,235.5,237.5,1680036
2016-12-12,238.0,238.0,233.0,233.0,1732644
2016-12-13,233.0,233.5,230.0,232.5,1845680
2016-12-14,233.5,237.0,233.0,235.0,1057038
2016-12-15,234.0,234.0,231.0,232.0,1321390
2016-12-16,232.5,232.5,229.5,230.5,1490162
2016-12-19,230.5,231.0,229.0,230.0,896474
2016-12-20,229.0,232.5,229.0,230.0,768476
2016-12-21,230.0,232.5,230.0,230.0,447093
2016-12-22,230.0,231.0,226.0,230.0,1472707
2016-12-23,230.0,230.5,228.0,228.5,838627
2016-12-26,229.5,230.0,228.5,229.0,196992
2016-12-27,229.0,230.0,228.0,228.0,331748
2016-12-28,228.0,230.5,228.0,230.0,391397
2016-12-29,230.5,230.5,228.0,228.0,802437
2016-12-30,230.0,232.0,228.5,231.0,703640
2017-01-03,232.0,233.5,230.5,233.0,367497
2017-01-04,233.0,233.0,228.5,228.5,753044
2017-01-05,229.0,231.5,228.0,231.0,1380022
2017-01-06,230.0,230.0,227.0,227.0,1779769
2017-01-09,227.0,228.0,227.0,227.5,861030
2017-01-10,227.5,228.5,226.0,228.5,1079835
2017-01-11,230.0,230.0,227.5,228.5,884300
2017-01-12,229.0,233.0,229.0,233.0,949665
2017-01-13,233.0,233.5,230.5,231.0,1140005
2017-01-16,230.0,230.0,228.0,229.0,891613
2017-01-17,229.0,235.0,229.0,235.0,1102626
2017-01-18,232.5,233.5,230.5,230.5,867477
2017-01-19,229.5,230.0,228.0,229.5,967379
2017-01-20,229.0,229.0,227.5,227.5,1668930
2017-01-23,230.0,231.5,229.0,231.5,1404829
2017-01-24,229.0,233.5,229.0,233.5,2764386
2017-02-02,230.5,231.5,227.5,230.5,3533294
2017-02-03,230.5,231.5,229.5,231.5,1441501
2017-02-06,231.0,231.0,229.0,229.5,1392741
2017-02-07,228.0,231.5,228.0,231.0,813605
2017-02-08,229.0,231.5,228.5,229.5,726545
2017-02-09,228.5,229.5,228.5,229.0,721498
2017-02-10,230.0,230.0,227.5,227.5,2220750
2017-02-13,228.5,229.0,226.5,226.5,1075522
2017-02-14,226.5,227.5,224.5,224.5,2339950
2017-02-15,225.5,226.5,225.0,226.0,4834070
2017-02-16,226.5,228.0,226.5,227.5,1688682
2017-02-17,228.0,228.0,225.5,226.0,1154258
2017-02-18,226.5,227.5,226.0,226.0,121333
2017-02-20,227.5,228.0,225.0,228.0,2936258
2017-02-21,227.5,227.5,226.0,226.5,933448
2017-02-22,226.5,227.5,225.0,225.0,1372520
2017-02-23,228.0,229.5,225.0,225.0,3728656
2017-02-24,226.0,227.0,225.5,225.5,2121490
2017-03-01,225.0,225.5,223.5,223.5,2043905
2017-03-02,223.5,225.0,223.5,225.0,2495940
2017-03-03,224.5,225.0,222.5,224.0,2078491
2017-03-06,224.0,225.5,224.0,224.0,2482375
2017-03-07,224.5,225.5,224.0,225.0,1947859
2017-03-08,225.5,226.0,224.0,225.0,1791052
2017-03-09,225.0,225.5,223.5,224.0,3435758
2017-03-10,223.0,224.0,223.0,223.0,2332899
2017-03-13,226.0,232.0,225.0,231.5,3617650
2017-03-14,235.0,240.5,234.0,237.0,5166132
2017-03-15,239.5,240.0,237.0,237.5,2572955
2017-03-16,238.5,244.0,238.5,243.5,2470348
2017-03-17,244.0,244.5,240.5,242.0,1715694
2017-03-20,242.5,245.0,241.5,245.0,1497462
2017-03-21,246.0,249.5,244.0,249.5,2505385
2017-03-22,247.5,247.5,244.5,245.5,1461746
2017-03-23,247.0,247.0,243.5,245.0,943713
2017-03-24,245.5,247.0,244.0,247.0,948378
2017-03-27,246.0,246.0,243.0,246.0,668665
2017-03-28,246.0,248.0,244.0,248.0,1246234
2017-03-29,247.0,250.0,246.0,248.5,1052406
2017-03-30,250.0,250.0,246.5,249.0,1097729
2017-03-31,250.0,251.0,249.5,250.0,2360624
2017-04-05,252.0,261.0,252.0,259.5,2942023
2017-04-06,256.0,257.5,254.0,256.5,1603951
2017-04-07,255.0,258.0,253.5,258.0,1034035
2017-04-10,256.0,258.0,255.0,256.5,548946
2017-04-11,258.5,260.0,256.5,260.0,1166580
2017-04-12,259.5,260.0,256.0,258.0,1407910
2017-04-13,256.0,258.0,255.5,255.5,471391
2017-04-14,255.0,257.0,254.0,255.0,455564
2017-04-17,253.5,256.5,253.5,255.0,352187
2017-04-18,255.5,255.5,254.0,254.5,787704
2017-04-19,252.5,254.5,252.5,254.0,1233135
2017-04-20,252.0,259.0,252.0,259.0,1566679
2017-04-21,259.5,259.5,255.5,258.0,1316063
2017-04-24,256.0,258.5,256.0,257.5,932453
2017-04-25,259.5,262.5,258.0,262.5,1563702
2017-04-26,264.0,268.5,262.0,268.5,2141579
2017-04-27,265.5,265.5,260.0,260.5,1836470
2017-04-28,263.5,263.5,260.0,262.5,1236641
2017-05-02,261.0,262.5,260.0,262.0,1716249
2017-05-03,261.0,262.0,260.5,262.0,585138
2017-05-04,261.0,263.0,260.0,261.5,1366567
2017-05-05,261.0,261.5,258.5,260.5,834740
2017-05-08,262.5,262.5,259.0,259.5,1467572
2017-05-09,261.0,266.5,260.0,264.0,1502709
2017-05-10,267.5,270.0,267.5,270.0,1565283
2017-05-11,270.0,286.0,270.0,276.5,3013547
2017-05-12,278.0,278.0,272.0,275.0,1024029
2017-05-15,275.0,276.0,272.0,273.5,595321
2017-05-16,273.5,277.5,272.0,277.5,1621831
2017-05-17,274.5,276.0,272.0,273.5,870086
2017-05-18,270.0,270.5,267.0,269.0,1376692
2017-05-19,270.5,271.5,268.5,268.5,1154428
2017-05-22,270.0,270.5,268.5,269.5,660101
2017-05-23,273.0,280.0,272.0,278.0,1773766
2017-05-24,278.0,284.5,277.5,281.5,2683674
2017-05-25,280.5,280.5,273.5,276.0,1990183
2017-05-26,277.5,278.5,273.5,274.0,1396593
2017-05-31,276.5,276.5,269.0,269.0,2174952
2017-06-01,272.5,273.5,271.0,273.0,1728874
2017-06-02,274.0,275.0,272.5,275.0,499030
2017-06-03,274.5,274.5,272.5,273.0,144236
2017-06-05,273.5,276.5,271.5,275.0,1028368
2017-06-06,275.0,275.0,271.5,272.0,837549
2017-06-07,272.0,279.0,272.0,278.5,1413179
2017-06-08,278.5,278.5,275.5,278.5,754985
2017-06-09,278.0,278.0,275.0,276.0,717304
2017-06-12,276.0,276.0,271.0,272.0,1102436
2017-06-13,275.0,275.5,271.5,273.0,516148
2017-06-14,275.0,275.0,268.5,272.0,1061516
2017-06-15,271.5,273.0,270.0,272.0,748194
2017-06-16,271.0,273.0,271.0,272.5,989035
2017-06-19,272.0,272.0,270.0,270.0,493666
2017-06-20,272.5,272.5,270.0,271.0,501847
2017-06-21,270.5,270.5,266.5,268.0,1240791
2017-06-22,268.0,269.0,267.0,268.0,938185
2017-06-23,268.0,270.0,267.5,270.0,611109
2017-06-26,271.0,279.0,271.0,279.0,1885434
2017-06-27,281.5,281.5,273.5,275.5,1628137
2017-06-28,275.0,275.0,272.0,273.0,926468
2017-06-29,275.5,275.5,272.5,273.5,1099281
2017-06-30,275.5,275.5,273.5,273.5,657514
2017-07-03,273.5,273.5,271.0,272.5,1264181
2017-07-04,272.0,272.5,268.5,269.5,1041836
2017-07-05,269.5,272.0,269.0,271.5,1754042
2017-07-06,271.5,272.0,269.0,272.0,1253123
2017-07-07,271.5,272.5,270.0,272.0,917863
2017-07-10,272.0,272.5,270.5,271.0,836459
2017-07-11,273.0,275.5,272.5,275.0,1328651
2017-07-12,276.0,276.0,271.0,272.0,937274
2017-07-13,273.5,274.0,272.5,273.5,795777
2017-07-14,273.5,275.0,272.5,273.5,508105
2017-07-17,274.0,276.0,273.5,275.0,404559
2017-07-18,275.0,278.5,273.5,277.5,1111784
2017-07-19,277.5,278.0,276.0,277.5,681406
2017-07-20,277.5,277.5,274.0,274.5,402221
2017-07-21,275.0,275.5,273.0,274.5,649129
2017-07-24,275.0,281.0,275.0,277.5,2339199
2017-07-25,278.0,285.0,278.0,284.5,2043019
2017-07-26,288.0,290.0,287.5,288.5,2463774
2017-07-27,,,,,0
2017-07-28,274.0,274.0,261.0,266.0,9195266
2017-07-31,265.0,265.0,255.5,256.0,4567498
2017-08-01,256.0,261.5,256.0,259.5,6571359
2017-08-02,253.5,257.0,251.5,257.0,3044365
2017-08-03,256.5,256.5,251.5,254.0,3680990
2017-08-04,254.0,254.5,251.0,252.0,3649685
2017-08-07,253.0,253.5,251.0,251.0,2305746
2017-08-08,251.5,254.5,251.5,253.5,2691019
2017-08-09,253.5,254.0,252.5,253.5,1879243
2017-08-10,253.0,253.5,251.0,253.0,1668646
2017-08-11,250.5,253.0,250.5,252.5,986160
2017-08-14,252.0,253.0,252.0,252.5,911970
2017-08-15,253.0,256.5,252.5,253.5,1238134
2017-08-16,253.5,254.5,251.0,252.5,1387749
2017-08-17,251.5,253.0,251.0,252.0,1741078
2017-08-18,251.5,251.5,248.5,250.5,2225410
2017-08-21,250.0,251.5,249.5,250.0,5826048
2017-08-22,250.0,251.0,247.5,248.0,1891994
2017-08-23,249.0,251.0,249.0,250.0,1789680
2017-08-24,250.0,251.5,248.5,249.5,1462968
2017-08-25,249.5,252.0,249.5,252.0,1034304
2017-08-28,252.5,254.0,252.5,253.0,789986
2017-08-29,252.0,252.5,251.0,252.0,1199747
2017-08-30,252.0,254.0,251.5,253.0,771247
2017-08-31,253.0,253.0,251.5,252.5,1136708
2017-09-01,252.5,254.0,251.5,254.0,878032
2017-09-04,252.5,253.0,251.5,252.5,551959
2017-09-05,252.5,253.0,249.5,250.0,1653842
2017-09-06,249.0,251.0,249.0,250.0,1270397
2017-09-07,250.0,251.5,247.0,248.0,1410665
2017-09-08,248.0,250.0,247.0,249.5,1109721
2017-09-11,251.5,255.0,251.0,255.0,1385369
2017-09-12,255.0,255.5,252.0,253.5,790110
2017-09-13,254.5,254.5,250.0,250.5,946532
2017-09-14,249.5,251.5,249.0,249.5,1060696
2017-09-15,249.5,252.5,249.5,252.0,1281182
2017-09-18,252.5,255.0,252.5,254.0,765195
2017-09-19,255.0,255.0,248.0,250.5,1266223
2017-09-20,250.5,252.0,249.5,251.0,577332
2017-09-21,250.0,253.0,249.5,250.5,874247
2017-09-22,250.5,252.0,249.5,251.5,576481
2017-09-25,250.5,250.5,248.5,249.5,584165
2017-09-26,249.5,253.5,249.5,252.0,1063316
2017-09-27,253.0,256.0,252.0,255.0,2009310
2017-09-28,254.5,255.0,250.0,250.5,1141715
2017-09-29,253.0,255.5,253.0,255.5,1359819
2017-09-30,255.0,255.0,253.0,254.5,95222
2017-10-02,255.0,256.5,253.5,254.0,719683
2017-10-03,254.0,255.0,252.5,252.5,1151414
2017-10-05,252.0,254.5,252.0,253.0,524314
2017-10-06,253.5,254.5,252.5,254.0,221563
2017-10-11,266.5,266.5,257.0,261.0,2896104
2017-10-12,261.0,261.0,259.5,260.0,1686057
2017-10-13,258.5,260.0,257.5,260.0,2345184
2017-10-16,260.0,260.5,259.5,260.5,1108437
2017-10-17,260.0,262.5,260.0,260.5,1671945
2017-10-18,262.0,263.0,260.5,262.5,1249310
2017-10-19,263.0,265.0,263.0,264.0,870141
2017-10-20,264.0,269.0,262.5,267.5,1123645
2017-10-23,269.0,276.0,269.0,274.5,1606157
2017-10-24,273.5,274.5,271.0,273.5,1226359
2017-10-25,273.0,274.5,272.5,274.0,880035
2017-10-26,273.5,275.0,272.0,273.5,816022
2017-10-27,273.0,274.5,272.5,274.0,455010
2017-10-30,271.0,273.0,269.5,271.0,810301
2017-10-31,269.0,273.5,269.0,271.0,769749
2017-11-01,271.0,272.5,271.0,271.5,791048
2017-11-02,273.0,276.0,273.0,274.0,1341353
2017-11-03,275.5,275.5,274.0,275.0,213265
2017-11-06,271.5,274.0,271.5,273.5,539898
2017-11-07,274.0,275.5,273.5,275.5,600376
2017-11-08,275.5,276.5,272.5,276.5,491521
2017-11-09,277.0,280.0,275.0,280.0,823673
2017-11-10,280.0,280.0,278.5,280.0,342520
2017-11-13,280.0,282.0,280.0,281.5,429815
2017-11-14,282.0,287.0,280.5,285.5,727970
2017-11-15,287.0,288.0,278.5,282.0,638519
2017-11-16,279.5,279.5,276.5,277.0,602275
2017-11-17,277.0,289.5,277.0,288.0,953555
2017-11-20,285.0,286.0,281.5,282.5,463481
2017-11-21,282.5,286.5,280.5,285.0,645949
2017-11-22,287.0,288.5,285.0,288.5,1140170
2017-11-23,288.5,288.5,285.5,286.0,440483
2017-11-24,287.0,287.0,283.0,283.5,975890
2017-11-27,285.0,285.5,281.0,282.5,1364274
2017-11-28,281.5,290.0,281.5,289.5,1892032
2017-11-29,289.0,290.0,285.0,286.5,878934
2017-11-30,287.0,287.0,282.5,284.0,1502347
2017-12-01,285.5,287.0,284.0,285.5,1095338
2017-12-04,285.5,286.0,283.0,285.0,444529
2017-12-05,283.0,283.0,278.5,283.0,942160
2017-12-06,280.0,281.0,273.5,276.0,1525684
2017-12-07,276.0,279.5,273.5,273.5,1159637
2017-12-08,273.0,277.5,273.0,275.5,1705275
2017-12-11,275.0,280.0,275.0,276.0,690333
2017-12-12,276.0,279.0,275.0,277.5,1019066
2017-12-13,278.0,278.0,275.0,275.0,513721
2017-12-14,277.0,278.0,276.5,276.5,623037
2017-12-15,279.0,279.0,273.5,277.5,1567892
2017-12-18,278.5,285.0,276.5,283.0,1100429
2017-12-19,283.0,283.5,275.0,276.0,1314999
2017-12-20,277.5,278.0,274.5,278.0,724850
2017-12-21,277.5,277.5,272.5,272.5,771005
2017-12-22,274.5,275.0,270.0,274.0,1025866
2017-12-25,274.0,274.0,272.0,274.0,140686
2017-12-26,274.0,274.0,273.5,274.0,129314
2017-12-27,274.0,275.0,273.5,275.0,160163
2017-12-28,277.0,283.5,274.0,283.5,1044587
2017-12-29,281.5,284.0,280.5,284.0,693485
2018-01-02,285.5,288.0,283.0,287.5,908708
2018-01-03,288.5,288.5,284.5,284.5,702441
2018-01-04,286.5,287.5,284.5,285.5,814565
2018-01-05,286.5,287.0,282.0,283.0,752140
2018-01-08,283.5,287.0,283.0,287.0,694412
2018-01-09,287.0,287.0,283.5,286.5,715708
2018-01-10,286.5,287.5,283.0,283.0,371140
2018-01-11,283.0,284.0,280.0,284.0,774243
2018-01-12,285.0,285.0,281.5,284.5,715185
2018-01-15,287.0,288.0,284.0,286.0,1050665
2018-01-16,286.0,286.0,283.0,285.0,417293
2018-01-17,284.0,288.0,282.5,288.0,761716
2018-01-18,289.0,293.0,285.5,291.0,1128075
2018-01-19,291.0,291.0,285.5,287.5,401868
2018-01-22,285.0,287.0,283.5,287.0,565935
2018-01-23,287.0,288.5,285.5,288.5,437365
2018-01-24,285.0,289.5,284.5,287.0,680895
2018-01-25,287.0,291.5,286.5,291.0,762444
2018-01-26,290.5,290.5,288.0,288.5,442481
2018-01-29,288.5,291.5,285.0,291.5,843075
2018-01-30,291.0,291.0,285.0,286.0,639263
2018-01-31,285.0,290.5,285.0,288.5,733132
2018-02-01,286.0,291.5,286.0,291.5,522340
2018-02-02,288.0,293.0,288.0,291.0,453379
2018-02-05,285.0,289.0,282.0,288.5,1032398
2018-02-06,281.0,283.0,274.0,276.5,1879144
2018-02-07,283.0,284.5,280.0,280.0,1524497
2018-02-08,282.0,282.0,276.0,276.0,914529
2018-02-09,273.5,278.0,272.0,273.0,1924226
2018-02-12,273.5,277.0,273.0,273.5,1140531
2018-02-21,280.0,282.5,278.0,280.5,1942972
2018-02-22,277.0,284.5,276.5,282.0,1224416
2018-02-23,283.0,287.0,281.5,287.0,1555195
2018-02-26,315.0,315.0,299.0,303.5,2797661
2018-02-27,305.0,305.0,294.5,294.5,1595564
2018-03-01,285.5,298.0,285.5,294.5,1549319
2018-03-02,293.0,294.0,289.5,290.5,1281324
2018-03-05,292.0,294.5,288.0,288.0,1450930
2018-03-06,292.0,292.0,285.0,287.5,1449506
2018-03-07,287.0,290.0,287.0,288.0,864842
2018-03-08,288.0,289.0,287.0,287.0,747380
2018-03-09,288.0,291.0,288.0,291.0,558657
2018-03-12,293.0,296.0,291.5,293.0,1218482
2018-03-13,293.0,295.5,293.0,295.5,813883
2018-03-14,293.5,294.0,290.5,292.0,1415399
2018-03-15,291.0,293.5,291.0,293.5,571761
2018-03-16,293.5,302.0,291.5,302.0,4145832
2018-03-19,302.0,302.0,293.5,298.0,620721
2018-03-20,298.0,300.5,294.5,298.5,1461207
2018-03-21,300.0,301.5,298.0,299.5,1080819
2018-03-22,299.5,300.0,294.0,294.5,1105643
2018-03-23,289.5,295.0,289.5,293.0,927100
2018-03-26,294.5,298.5,293.5,295.0,966510
2018-03-27,297.0,298.0,294.0,297.0,751224
2018-03-28,297.0,298.0,295.5,297.0,363163
2018-03-29,298.0,298.0,293.0,293.0,805225
2018-03-30,295.0,296.0,294.0,296.0,375937
2018-03-31,297.5,297.5,293.0,294.0,169101
2018-04-02,296.0,296.0,294.0,295.5,285162
2018-04-03,294.0,298.5,294.0,298.0,943690
2018-04-09,300.0,300.0,295.0,299.5,913534
2018-04-10,298.5,302.5,298.5,302.5,1475285
2018-04-11,301.5,303.0,300.0,300.5,503593
2018-04-12,300.5,304.5,300.0,301.5,537262
2018-04-13,301.0,303.0,300.0,303.0,409329
2018-04-16,301.5,302.0,300.0,300.5,263106
2018-04-17,299.5,301.5,298.0,301.5,784440
2018-04-18,302.0,303.0,301.5,302.5,423407
2018-04-19,302.0,307.0,301.5,305.5,750395
2018-04-20,302.0,305.0,301.0,303.5,1360897
2018-04-23,301.0,302.0,293.5,295.0,1549446
2018-04-24,295.5,297.5,294.0,295.0,786688
2018-04-25,294.0,295.0,292.0,295.0,451517
2018-04-26,293.0,295.0,292.0,293.0,814664
2018-04-27,292.0,294.0,289.0,292.5,891173
2018-04-30,292.5,294.0,291.0,292.5,814083
2018-05-02,292.5,297.0,292.5,294.5,1191606
2018-05-03,294.5,295.5,292.0,292.5,710765
2018-05-04,292.0,292.5,290.0,290.5,510287
2018-05-07,291.5,291.5,290.5,290.5,298468
2018-05-08,292.5,293.5,290.5,293.5,733797
2018-05-09,293.5,293.5,289.5,289.5,902989
2018-05-10,293.0,302.5,291.5,301.0,2047817
2018-05-11,302.5,306.5,302.0,303.0,1373161
2018-05-14,304.5,305.0,302.0,302.0,402240
2018-05-15,305.0,308.0,303.5,306.5,1042616
2018-05-16,306.0,307.5,304.0,307.5,507912
2018-05-17,306.0,307.5,305.0,305.0,507866
2018-05-18,305.0,312.0,304.0,312.0,1228875
2018-05-21,313.0,315.0,310.0,310.5,429581
2018-05-22,310.5,311.0,305.0,305.5,578378
2018-05-23,305.5,310.0,305.5,307.5,871872
2018-05-24,309.5,311.0,307.0,311.0,546651
2018-05-25,307.5,309.0,307.5,308.0,526981
2018-05-28,308.0,308.0,306.0,307.0,240976
2018-05-29,308.0,310.0,307.5,309.0,379992
2018-05-30,307.5,309.5,305.0,305.0,1406514
2018-05-31,307.0,307.0,300.5,307.0,2692734
2018-06-01,304.5,312.0,304.5,312.0,684593
2018-06-04,313.0,315.0,310.5,315.0,881726
2018-06-05,315.0,322.5,312.5,322.5,1431324
2018-06-06,320.0,320.0,318.0,319.0,889450
2018-06-07,320.0,320.0,313.0,314.5,1139756
2018-06-08,312.5,316.5,312.5,316.0,540793
2018-06-11,316.0,316.0,314.5,315.5,411964
2018-06-12,315.5,319.0,315.0,317.5,770084
2018-06-13,319.0,321.0,318.5,319.0,761656
2018-06-14,318.0,318.0,313.5,313.5,1133878
2018-06-15,313.5,315.0,309.0,313.0,2590832
2018-06-19,314.0,324.5,313.5,322.0,3215608
2018-06-20,322.0,339.0,321.0,323.0,2757159
2018-06-21,333.0,338.5,327.0,334.0,1947439
2018-06-22,332.0,332.0,325.5,331.0,1582863
2018-06-25,337.0,338.5,331.0,335.0,1515890
2018-06-26,337.0,361.5,334.0,349.0,2443451
2018-06-27,346.0,348.5,338.5,340.5,2207933
2018-06-28,340.5,343.0,333.0,341.0,1868265
2018-06-29,343.5,354.5,342.5,345.5,3113251
2018-07-02,344.5,346.5,336.5,338.5,1133792
2018-07-03,338.5,343.0,336.5,339.5,1267260
2018-07-04,340.0,347.5,340.0,344.5,763122
2018-07-05,346.0,346.5,339.5,341.5,781891
2018-07-06,343.0,350.5,343.0,346.5,2172660
2018-07-09,350.5,355.0,350.0,351.5,1196898
2018-07-10,351.5,357.0,349.0,350.0,1062851
2018-07-11,352.0,355.5,350.0,353.0,1122028
2018-07-12,344.0,353.0,343.0,351.0,1592098
2018-07-13,355.0,356.0,352.5,356.0,2687870
2018-07-16,357.5,357.5,350.0,350.0,617647
2018-07-17,352.5,353.0,344.5,347.5,1228923
2018-07-18,347.5,355.0,346.0,350.5,1718642
2018-07-19,352.0,354.5,348.0,349.0,1484646
2018-07-20,352.0,368.5,351.0,358.0,2667791
2018-07-23,363.5,378.0,363.5,372.0,2472107
2018-07-24,373.0,374.0,364.5,367.5,2210572
2018-07-25,361.0,361.0,331.0,331.0,5095309
2018-07-26,331.5,337.0,331.5,335.5,2313517
2018-07-27,336.5,336.5,330.5,330.5,1675556
2018-07-30,326.0,333.5,326.0,330.0,2142484
2018-07-31,330.0,341.0,330.0,336.5,2903142
2018-08-01,307.5,310.0,304.0,306.0,3656609
2018-08-02,306.0,312.0,304.0,305.5,2113064
2018-08-03,310.0,313.0,307.0,310.0,2001681
2018-08-06,313.0,317.5,310.0,311.0,1360316
2018-08-07,309.5,311.0,308.0,309.0,1129540
2018-08-08,310.5,315.0,310.5,313.0,1349260
2018-08-09,312.5,313.0,307.0,307.0,1251176
2018-08-10,310.0,310.5,308.0,309.5,661313
2018-08-13,310.0,310.0,305.5,307.0,725899
2018-08-14,308.0,313.0,308.0,313.0,1568163
2018-08-15,317.5,320.0,315.0,315.5,2118003
2018-08-16,318.0,320.0,317.5,319.0,1410245
2018-08-17,319.0,319.5,316.0,317.5,1510362
2018-08-20,315.5,316.5,308.0,308.0,1431101
2018-08-21,311.5,317.5,310.5,317.5,1495882
2018-08-22,322.5,325.0,321.5,323.0,1804653
2018-08-23,325.0,325.0,321.5,324.0,1270879
2018-08-24,322.0,324.0,320.0,324.0,567606
2018-08-27,325.0,328.0,324.5,326.5,960899
2018-08-28,326.5,329.0,326.0,328.0,700224
2018-08-29,329.0,330.5,327.0,330.5,937566
2018-08-30,330.0,331.0,324.0,329.5,1266440
2018-08-31,329.5,335.0,329.5,335.0,1431063
2018-09-03,335.0,335.0,327.5,327.5,535768
2018-09-04,327.0,327.5,326.0,327.0,244972
2018-09-05,327.0,329.0,321.0,322.0,906176
2018-09-06,322.0,332.0,322.0,330.0,951307
2018-09-07,329.5,335.0,327.0,332.5,1146760
2018-09-10,335.0,344.0,334.5,338.0,1974369
2018-09-11,340.0,347.0,339.5,347.0,1757435
2018-09-12,344.5,353.5,340.0,353.0,1851151
2018-09-13,353.0,364.5,353.0,363.0,2192402
2018-09-14,365.0,369.0,352.5,352.5,2129640
2018-09-17,352.5,358.5,352.0,357.0,1222465
2018-09-18,357.0,358.0,351.5,352.0,1502191
2018-09-19,355.0,359.0,353.5,359.0,843278
2018-09-20,360.0,360.5,346.0,346.5,1719706
2018-09-21,349.5,355.0,349.5,355.0,1489412
2018-09-25,349.0,351.0,347.5,350.5,1256250
2018-09-26,352.5,354.0,350.0,351.5,871665
2018-09-27,355.0,360.0,355.0,360.0,1203537
2018-09-28,358.0,360.0,357.0,358.5,1056473
2018-10-01,359.0,361.5,357.5,357.5,493682
2018-10-02,357.0,357.0,348.5,354.0,1117625
2018-10-03,354.0,355.0,352.0,355.0,509317
2018-10-04,352.5,353.0,335.0,335.0,2713887
2018-10-05,335.5,342.0,332.0,335.5,1533063
2018-10-08,335.0,338.0,326.5,338.0,1388399
2018-10-09,340.0,347.0,340.0,346.0,1362101
2018-10-11,331.5,331.5,316.0,319.0,4179752
2018-10-12,321.0,330.5,321.0,330.5,2937599
2018-10-15,330.5,335.0,330.5,333.5,2237719
2018-10-16,335.5,337.5,325.5,333.0,1414077
2018-10-17,333.0,336.0,326.0,326.0,1160282
2018-10-18,327.0,335.0,327.0,335.0,2048778
2018-10-19,334.5,337.0,332.0,335.0,3507304
2018-10-22,334.0,335.0,332.0,334.0,714915
2018-10-23,334.0,334.0,327.5,329.5,1081976
2018-10-24,329.5,338.0,329.5,338.0,2044620
2018-10-25,334.0,339.5,332.5,338.0,1941190
2018-10-26,339.5,343.0,336.5,343.0,1730507
2018-10-29,342.0,344.0,336.5,338.0,2153755
2018-10-30,341.0,349.0,340.0,346.5,1418647
2018-10-31,346.0,350.0,346.0,349.0,1699452
2018-11-01,345.5,347.0,341.0,344.5,1764961
2018-11-02,347.5,347.5,341.5,342.0,1113270
2018-11-05,341.0,341.0,335.0,338.5,1123376
2018-11-06,330.0,331.5,323.0,328.0,2686950
2018-11-07,323.0,323.5,315.0,316.5,3258694
2018-11-08,320.0,327.5,320.0,324.5,2520358
2018-11-09,320.5,322.0,317.0,317.5,1459885
2018-11-12,315.0,321.0,314.0,316.5,1281236
2018-11-13,313.0,318.0,313.0,316.0,1823126
2018-11-14,316.5,318.5,314.5,317.0,1554704
2018-11-15,319.0,321.0,317.0,321.0,1139073
2018-11-16,319.0,321.0,315.0,317.0,1529868
2018-11-19,318.0,320.0,315.5,320.0,1634310
2018-11-20,319.0,321.5,317.0,321.5,860041
2018-11-21,318.0,322.0,318.0,322.0,893746
2018-11-22,321.5,321.5,319.5,321.0,477064
2018-11-23,321.0,321.0,318.0,319.5,398318
2018-11-26,320.0,325.5,319.5,321.5,1023206
2018-11-27,320.0,322.5,319.5,322.5,663795
2018-11-28,322.5,328.0,322.0,328.0,822665
2018-11-29,330.0,330.0,323.0,323.5,1104605
2018-11-30,325.5,326.5,316.0,318.0,2630055
2018-12-03,320.0,322.0,318.5,318.5,1347785
2018-12-04,318.0,321.0,315.0,316.5,1961580
2018-12-05,319.5,320.0,317.0,318.0,591682
2018-12-06,318.0,318.0,307.0,307.0,1903530
2018-12-07,309.5,313.5,309.0,313.0,572490
2018-12-10,310.0,311.5,308.0,308.0,840811
2018-12-11,311.0,319.5,310.0,319.5,1458584
2018-12-12,320.0,320.5,312.0,313.0,2000701
2018-12-13,317.0,320.0,317.0,318.5,1164618
2018-12-14,317.0,320.0,312.5,315.0,1237802
2018-12-17,315.5,318.0,315.0,316.0,492625
2018-12-18,314.0,314.5,306.0,314.5,1842933
2018-12-19,315.5,319.5,314.5,319.5,876600
2018-12-20,316.5,320.0,315.5,318.5,825534
2018-12-21,315.5,316.5,308.5,309.5,2553473
2018-12-22,310.0,313.0,310.0,311.0,245417
2018-12-24,312.5,313.0,308.0,311.0,584241
2018-12-25,306.5,309.0,306.5,308.5,326221
2018-12-26,309.0,310.5,307.0,307.0,378483
2018-12-27,311.0,312.0,308.5,312.0,988545
2018-12-28,312.0,312.5,310.0,311.0,578284
2019-01-02,311.0,311.0,299.5,300.5,2636374
2019-01-03,300.0,303.5,296.5,299.5,1289566
2019-01-04,298.0,303.5,298.0,302.0,1855182
2019-01-07,307.0,313.0,306.0,313.0,1899643
2019-01-08,313.5,314.0,311.0,313.0,1073011
2019-01-09,315.5,321.0,315.0,319.5,2560671
2019-01-10,320.0,321.5,317.5,321.5,1519554
2019-01-11,321.0,321.5,320.0,321.0,676936
2019-01-14,315.0,316.0,312.5,316.0,1140198
2019-01-15,316.5,317.0,313.5,316.0,1017315
2019-01-16,316.0,316.0,312.0,312.5,1258847
2019-01-17,315.0,315.0,312.5,314.5,1090099
2019-01-18,314.0,320.0,314.0,320.0,1413704
2019-01-21,320.0,320.0,316.0,317.0,780943
2019-01-22,317.0,319.0,316.5,319.0,581344
2019-01-23,316.5,319.5,316.0,317.0,550173
2019-01-24,319.0,321.0,317.5,321.0,1651911
2019-01-25,322.0,324.5,320.0,323.0,1205618
2019-01-28,323.0,323.0,320.5,323.0,851659
2019-01-29,320.0,323.0,320.0,323.0,786009
2019-01-30,322.5,324.5,320.0,322.5,1130573
2019-02-11,320.0,322.5,317.5,318.0,1730993
2019-02-12,320.0,320.5,318.0,319.5,1035423
2019-02-13,319.5,319.5,313.0,313.5,1448482
2019-02-14,312.5,316.5,312.5,314.0,910900
2019-02-15,317.0,318.0,315.0,317.0,818754
2019-02-18,317.0,317.0,315.0,315.0,4624642
2019-02-19,312.5,313.5,310.0,312.0,1129278
2019-02-20,312.0,318.0,311.0,318.0,1991799
2019-02-21,316.0,318.0,315.0,317.0,584833
2019-02-22,317.0,318.5,314.0,318.5,1050303
2019-02-25,318.5,318.5,316.0,317.0,593939
2019-02-26,317.0,318.0,316.0,317.0,1189811
2019-02-27,317.0,319.0,317.0,318.5,1765106
2019-03-04,318.5,318.5,304.0,304.0,4828473
2019-03-05,304.5,308.5,299.0,299.0,3458497
2019-03-06,299.5,303.5,299.0,299.5,2416648
2019-03-07,300.5,304.0,299.5,299.5,2504830
2019-03-08,299.0,299.5,296.5,298.0,1954296
2019-03-11,300.0,301.5,298.0,299.0,1322507
2019-03-12,298.0,300.0,298.0,299.0,1704800
2019-03-13,298.0,298.5,296.0,298.0,1993730
2019-03-14,296.5,298.0,294.0,294.0,2249414
2019-03-15,294.0,298.5,293.0,298.0,4747768
2019-03-18,297.5,298.0,294.0,296.5,1589127
2019-03-19,295.5,296.5,294.5,295.0,2487789
2019-03-20,296.0,297.0,295.0,297.0,1215137
2019-03-21,297.0,299.0,296.0,299.0,1153115
2019-03-22,299.0,299.0,295.0,297.0,1313734
2019-03-25,294.5,295.0,293.0,294.5,1309464
2019-03-26,292.0,295.0,292.0,294.5,1049463
2019-03-27,294.5,297.5,293.5,295.0,1144749
2019-03-28,295.0,298.0,295.0,297.5,1003611
2019-03-29,298.5,304.5,298.5,303.5,2509694
2019-04-01,303.5,304.0,298.0,298.0,1363572
2019-04-02,296.5,297.0,294.0,295.5,1334575
2019-04-03,294.5,296.0,292.5,293.0,1468053
2019-04-08,292.5,294.0,292.0,293.0,2719845
2019-04-09,293.5,295.0,293.0,293.5,1688296
2019-04-10,294.0,294.0,293.0,293.0,1496902
2019-04-11,293.0,294.0,291.0,292.0,2769752
2019-04-12,293.0,293.5,290.0,291.0,1799234
2019-04-15,291.0,292.0,290.0,290.5,1805206
2019-04-16,290.5,292.0,290.5,291.0,763588
2019-04-17,290.5,291.0,288.0,288.5,2264316
2019-04-18,284.0,284.0,280.0,281.0,4418681
2019-04-19,282.0,286.5,282.0,282.0,1625273
2019-04-22,284.0,285.0,282.5,284.5,382634
2019-04-23,284.5,286.0,283.0,285.5,667132
2019-04-24,287.0,287.5,285.0,285.5,1269166
2019-04-25,284.5,285.5,284.0,284.0,938272
2019-04-26,282.5,284.0,282.0,284.0,808760
2019-04-29,283.5,285.5,283.0,284.0,1678827
2019-04-30,285.0,290.0,284.0,288.0,2854987
2019-05-02,295.0,299.0,293.0,298.0,3051540
2019-05-03,298.5,302.5,298.5,299.0,2164345
2019-05-06,299.0,300.0,297.5,298.0,2760715
2019-05-07,298.0,299.5,298.0,298.5,1202130
2019-05-08,297.0,299.0,296.0,297.5,2859626
2019-05-09,293.5,295.0,290.0,290.5,2860260
2019-05-10,295.5,300.0,295.0,299.0,3690558
2019-05-13,299.5,301.0,299.0,300.0,1287509
2019-05-14,296.5,298.5,295.0,297.5,1745327
2019-05-15,299.5,301.0,299.0,300.0,1489566
2019-05-16,297.5,300.0,297.5,298.5,847373
2019-05-17,297.5,299.5,297.0,298.0,712057
2019-05-20,298.0,305.0,298.0,304.5,1941227
2019-05-21,305.0,318.0,305.0,315.5,4681206
2019-05-22,312.0,313.5,306.5,306.5,1308035
2019-05-23,308.0,308.0,304.5,306.0,763143
2019-05-24,307.0,307.5,301.5,303.0,860351
2019-05-27,305.5,310.0,305.0,308.0,748077
2019-05-28,309.0,310.0,304.0,304.0,2341974
2019-05-29,304.0,307.0,302.0,305.0,767283
2019-05-30,304.0,306.5,302.5,303.0,850720
2019-05-31,302.0,303.0,299.0,301.0,1797244
2019-06-03,300.0,304.0,300.0,304.0,1095769
2019-06-04,302.0,305.5,302.0,304.5,622709
2019-06-05,303.0,305.5,300.0,303.0,703896
2019-06-06,303.5,304.0,300.0,301.0,591668
2019-06-10,300.0,304.0,300.0,303.5,887681
2019-06-11,305.0,305.0,301.0,301.0,1111585
2019-06-12,301.0,302.5,300.0,301.0,913233
2019-06-13,302.0,304.5,301.0,304.5,554244
2019-06-14,302.0,305.0,300.0,300.0,1069579
2019-06-17,302.5,303.5,300.5,302.0,595118
2019-06-18,301.5,303.5,301.0,302.0,618631
2019-06-19,303.0,306.5,303.0,306.0,1208494
2019-06-20,307.0,309.0,306.0,307.0,1091145
2019-06-21,307.0,307.0,302.5,305.5,2124713
2019-06-24,303.5,309.0,303.5,307.0,1163160
2019-06-25,306.0,307.5,304.5,304.5,652984
2019-06-26,304.5,306.5,300.0,300.0,1079328
2019-06-27,301.0,304.0,300.5,301.5,1347321
2019-06-28,301.5,303.0,300.5,300.5,586260
2019-07-01,300.5,302.5,300.0,300.5,785849
2019-07-02,301.0,302.0,301.0,301.0,554651
2019-07-03,303.5,305.0,303.0,304.0,1182093
2019-07-04,305.0,307.5,304.0,307.0,696058
2019-07-05,308.0,311.5,303.5,304.0,1419169
2019-07-08,306.5,306.5,304.0,305.0,565288
2019-07-09,305.0,305.5,302.5,302.5,593748
2019-07-10,302.5,303.5,301.0,302.0,965035
2019-07-11,303.5,303.5,302.0,302.5,664706
2019-07-12,302.0,302.5,300.0,300.0,991474
2019-07-15,301.5,304.0,300.5,303.5,411999
2019-07-16,304.5,304.5,301.0,301.5,516069
2019-07-17,300.5,302.0,297.5,301.0,2112179
2019-07-18,301.0,303.5,300.5,303.0,766525
2019-07-19,303.5,306.5,303.5,306.5,1439083
2019-07-22,306.5,306.5,303.5,306.0,867221
2019-07-23,304.5,306.0,304.0,304.0,928411
2019-07-24,304.5,304.5,301.0,301.0,963689
2019-07-25,302.0,305.0,301.5,304.0,802231
2019-07-26,303.5,305.0,302.5,304.0,1550689
2019-07-29,302.0,304.5,302.0,304.0,1716988
2019-07-30,304.0,307.0,304.0,306.5,2475947
2019-07-31,300.0,301.0,299.0,300.0,1718475
2019-08-01,299.0,299.0,298.0,298.0,1183054
2019-08-02,295.0,296.0,292.0,294.0,1206449
2019-08-05,292.0,293.5,291.0,292.5,1147914
2019-08-06,290.5,295.0,290.0,293.5,1463089
2019-08-07,292.5,293.5,291.5,293.0,1234717
2019-08-08,296.0,296.5,294.5,296.0,915086
2019-08-12,293.0,293.0,291.0,291.0,1047324
2019-08-13,293.0,294.0,292.0,292.5,911652
2019-08-14,291.0,292.5,291.0,292.0,848532
2019-08-15,290.0,291.5,289.5,290.5,1026778
2019-08-16,290.0,292.5,289.5,292.5,1010426
2019-08-19,291.5,292.5,290.5,290.5,829680
2019-08-20,290.5,293.0,290.0,292.0,855578
2019-08-21,292.0,292.5,290.0,290.0,764960
2019-08-22,290.0,291.5,290.0,290.0,646549
2019-08-23,290.5,291.0,288.0,288.5,730117
2019-08-26,286.0,288.5,285.0,285.0,876767
2019-08-27,285.0,287.0,283.0,283.5,2531336
2019-08-28,283.5,285.5,283.5,283.5,554178
2019-08-29,284.0,288.0,283.5,288.0,681366
2019-08-30,289.0,292.0,289.0,292.0,909233
2019-09-02,291.0,292.5,290.5,292.5,320827
2019-09-03,292.0,292.0,285.0,285.0,1173096
2019-09-04,286.0,291.0,286.0,290.0,965776
2019-09-05,291.5,292.0,290.5,291.5,887615
2019-09-06,293.5,296.0,293.5,296.0,1441525
2019-09-09,296.0,297.0,295.0,295.5,711854
2019-09-10,295.5,296.5,295.0,295.0,758333
2019-09-11,297.0,298.0,296.0,297.5,825879
2019-09-12,298.5,299.0,295.0,295.0,457360
2019-09-16,298.0,298.0,294.5,295.0,711383
2019-09-17,294.0,297.0,293.5,297.0,832667
2019-09-18,295.5,298.5,295.5,297.0,688928
2019-09-19,297.0,297.0,295.0,296.0,414420
2019-09-20,297.5,298.0,296.0,297.0,1898469
2019-09-23,297.0,297.0,295.0,295.0,467500
2019-09-24,296.0,296.5,293.0,294.5,571152
2019-09-25,293.5,294.5,290.5,293.5,735461
2019-09-26,295.0,295.0,291.0,291.0,717809
2019-09-27,291.0,292.0,290.0,290.0,687358
2019-10-01,294.5,294.5,286.0,287.5,1763871
2019-10-02,286.5,289.0,285.5,286.0,1360465
2019-10-03,285.0,287.0,284.0,286.0,797197
2019-10-04,285.5,287.5,285.0,286.0,797691
2019-10-07,286.0,287.0,285.0,285.5,514877
2019-10-08,285.0,289.0,285.0,288.0,727189
2019-10-09,286.5,287.0,284.5,284.5,689384
2019-10-14,288.0,289.5,286.0,289.0,1861312
2019-10-15,290.0,291.0,289.0,291.0,859052
2019-10-16,289.5,293.0,289.5,293.0,1035976
2019-10-17,293.0,293.5,291.0,293.0,1100803
2019-10-18,292.0,295.0,290.5,295.0,3348829
2019-10-21,294.5,298.5,294.0,298.0,1883016
2019-10-22,301.5,316.0,301.0,309.0,6080116
2019-10-23,306.0,310.0,302.0,303.0,1836673
2019-10-24,304.0,305.0,304.0,305.0,921088
2019-10-25,305.0,305.0,302.0,303.0,736855
2019-10-28,305.5,305.5,300.5,302.5,694905
2019-10-29,304.5,304.5,300.5,303.0,428777
2019-10-30,304.0,305.5,302.0,305.5,1071517
2019-10-31,306.5,306.5,304.0,304.0,1429484
2019-11-01,303.5,304.0,302.0,303.0,1071936
2019-11-04,303.0,306.0,303.0,306.0,1076193
2019-11-05,306.0,308.0,305.0,308.0,1037199
2019-11-06,308.5,308.5,307.0,308.0,1022250
2019-11-07,309.0,310.0,307.0,310.0,942054
2019-11-08,310.0,310.0,307.5,309.0,505112
2019-11-11,307.0,309.0,307.0,309.0,799187
2019-11-12,310.0,310.0,305.0,308.0,602343
2019-11-13,306.0,309.0,305.0,307.5,623575
2019-11-14,305.5,306.5,302.0,306.0,873511
2019-11-15,310.0,311.0,307.5,310.0,1317484
2019-11-18,310.0,310.5,308.5,310.0,461050
2019-11-19,308.5,312.0,308.5,312.0,805755
2019-11-20,312.0,312.0,310.5,312.0,579129
2019-11-21,307.0,308.5,305.0,307.0,687235
2019-11-22,309.0,312.0,308.0,312.0,997369
2019-11-25,311.5,311.5,307.5,308.0,625054
2019-11-26,310.0,314.5,308.5,310.5,3925571
2019-11-27,312.0,312.0,307.0,308.0,812123
2019-11-28,308.0,311.0,307.5,308.5,606670
2019-11-29,307.5,308.5,305.0,305.5,572573
2019-12-02,305.0,310.0,305.0,308.5,1041275
2019-12-03,308.5,309.0,307.5,309.0,454337
2019-12-04,308.0,309.0,303.5,305.0,721129
2019-12-05,305.5,308.0,304.0,304.0,636472
2019-12-06,306.5,306.5,303.5,304.0,291678
2019-12-09,304.0,304.0,303.0,304.0,285192
2019-12-10,304.0,305.0,302.0,302.0,356967
2019-12-11,302.0,302.5,300.0,302.5,1096930
2019-12-12,302.5,305.5,302.5,303.0,993361
2019-12-13,304.5,305.0,302.5,303.0,914001
2019-12-16,302.5,304.5,300.5,300.5,1297088
2019-12-17,301.5,303.5,300.5,303.5,1221870
2019-12-18,304.5,307.0,304.0,305.5,886303
2019-12-19,307.5,307.5,304.5,305.0,762263
2019-12-20,306.5,306.5,304.5,304.5,1503344
2019-12-23,305.0,308.5,305.0,308.5,503740
2019-12-24,308.5,309.0,306.5,309.0,367651
2019-12-25,309.0,310.0,308.5,310.0,207245
2019-12-26,309.5,310.0,308.5,310.0,318822
2019-12-27,310.5,310.5,308.5,309.0,519711
2019-12-30,308.0,308.5,305.0,305.5,692215
2019-12-31,303.5,305.5,303.5,304.0,526457
2020-01-02,304.0,305.0,302.5,302.5,495417
2020-01-03,305.0,305.5,302.5,305.5,637247
2020-01-06,305.0,305.5,304.0,304.0,434372
2020-01-07,303.5,305.0,303.5,304.0,590803
2020-01-08,303.5,305.5,302.0,303.5,877256
2020-01-09,303.5,306.5,303.5,306.5,422102
2020-01-10,308.0,308.5,307.5,308.5,545279
2020-01-13,308.5,310.0,308.0,310.0,631289
2020-01-14,310.0,311.5,309.5,310.5,900278
2020-01-15,310.5,310.5,306.5,309.5,804636
2020-01-16,310.0,310.0,306.5,309.5,973450
2020-01-17,309.5,310.0,307.5,310.0,638972
2020-01-20,310.0,310.0,307.0,308.0,795105
2020-01-30,309.5,309.5,297.0,298.5,2618393
2020-01-31,298.5,301.5,298.5,298.5,1594065
2020-02-03,298.5,304.0,298.0,300.0,1251038
2020-02-04,298.0,300.5,295.5,299.0,886899
2020-02-05,301.0,304.5,300.5,304.0,918203
2020-02-06,304.0,306.0,303.0,304.5,585038
2020-02-07,302.0,304.0,301.0,304.0,389298
2020-02-10,304.0,305.5,300.5,305.5,813098
2020-02-11,305.5,305.5,303.0,303.5,326281
2020-02-12,303.5,305.0,302.0,302.5,1145669
2020-02-13,302.5,305.5,302.0,303.5,826762
2020-02-14,305.0,306.0,304.5,306.0,478775
2020-02-17,305.5,308.5,305.0,308.0,503127
2020-02-18,308.0,309.5,307.0,309.0,480278
2020-02-19,308.5,310.5,308.0,308.0,584698
2020-02-20,309.0,310.0,306.0,308.0,606029
2020-02-21,305.5,308.0,304.0,304.0,709930
2020-02-24,300.0,300.5,296.0,296.0,2379261
2020-02-25,295.0,300.5,295.0,300.0,788272
2020-02-26,295.0,298.0,295.0,297.0,1173408
2020-02-27,296.5,298.5,295.5,296.5,1763922
2020-03-02,295.0,296.0,292.5,295.0,2445230
2020-03-03,296.0,297.0,294.0,295.0,1747352
2020-03-04,294.5,298.5,294.0,297.5,1287674
2020-03-05,298.0,302.5,298.0,302.5,1011926
2020-03-06,300.5,300.5,295.5,296.5,1408178
2020-03-09,291.0,296.0,290.0,293.0,1550364
2020-03-10,290.5,293.0,287.0,291.0,2711875
2020-03-11,289.5,292.0,289.0,291.0,1283312
2020-03-12,289.0,289.0,284.5,286.5,2387255
2020-03-13,272.5,275.5,260.0,273.5,4401378
2020-03-16,273.5,274.0,271.0,274.0,2292792
2020-03-17,274.0,287.5,271.0,286.5,3684480
2020-03-18,285.0,290.0,281.0,283.5,3064088
2020-03-19,278.0,291.0,277.0,286.5,3873600
2020-03-20,286.5,288.5,281.0,281.0,3630716
2020-03-23,276.0,279.0,260.5,265.0,4536207
2020-03-24,276.0,276.0,265.0,267.0,3026118
2020-03-25,265.5,272.5,265.5,272.5,3182142
2020-03-26,273.5,279.5,271.0,278.5,2225737
2020-03-27,279.0,280.5,278.0,278.0,1448661
2020-03-30,275.0,280.0,272.0,277.0,1426796
2020-03-31,278.0,283.5,276.5,283.0,2157626
2020-04-01,282.5,284.5,280.0,282.0,1167763
2020-04-06,288.0,288.0,276.0,281.5,2725520
2020-04-07,283.5,287.0,282.0,287.0,1516320
2020-04-08,285.5,289.0,285.0,289.0,1347635
2020-04-09,288.0,291.0,286.0,290.0,990721
2020-04-10,288.5,289.5,288.0,288.0,625110
2020-04-13,286.5,290.0,286.0,289.5,393873
2020-04-14,289.5,295.0,289.5,291.5,1154180
2020-04-15,292.0,293.0,289.5,290.0,1297937
2020-04-16,287.5,288.5,286.0,286.5,1278937
2020-04-17,289.0,292.5,286.0,287.0,1695667
2020-04-20,287.0,288.0,285.5,286.5,1465113
2020-04-21,286.5,290.0,282.0,284.0,1834837
2020-04-22,283.0,283.5,278.5,283.0,859874
2020-04-23,282.0,288.0,282.0,287.5,1817900
2020-04-24,287.5,289.0,287.0,288.0,1063967
2020-04-27,290.0,294.0,288.5,294.0,1808527
2020-04-28,294.0,299.5,294.0,299.5,1575904
2020-04-29,300.0,309.0,300.0,304.5,2609272
2020-04-30,305.5,310.0,305.5,308.0,2829690
2020-05-04,298.0,307.0,294.0,301.5,2180438
2020-05-05,302.0,308.0,302.0,307.5,1251128
2020-05-06,306.0,308.0,303.0,305.5,1553608
2020-05-07,304.5,305.0,301.5,303.0,1423295
2020-05-08,304.0,306.5,300.5,305.0,950295
2020-05-11,305.0,307.0,304.5,304.5,441356
2020-05-12,303.0,304.5,302.0,304.0,781078
2020-05-13,306.0,307.0,303.5,305.0,1015015
2020-05-14,305.0,305.5,301.5,302.5,731951
2020-05-15,304.0,304.5,300.0,300.0,1194967
2020-05-18,298.0,302.0,297.5,301.5,579815
2020-05-19,304.5,304.5,299.0,300.5,941364
2020-05-20,302.0,302.5,298.0,298.0,835277
2020-05-21,300.0,302.5,298.5,302.5,988975
2020-05-22,301.5,302.0,299.0,299.5,719991
2020-05-25,300.5,300.5,297.5,298.5,504884
2020-05-26,300.0,303.0,299.0,300.0,740045
2020-05-27,300.0,301.0,298.0,299.0,704012
2020-05-28,299.0,300.5,296.5,298.0,1005972
2020-05-29,296.0,298.0,294.0,295.5,3771137
2020-06-01,295.5,299.5,295.5,297.0,1084183
2020-06-02,298.5,299.0,296.5,298.0,2067306
2020-06-03,299.5,299.5,296.5,297.5,5656092
2020-06-04,299.5,300.0,297.0,298.0,1594673
2020-06-05,298.5,299.0,294.0,294.0,2560961
2020-06-08,295.5,296.5,294.0,295.5,2167235
2020-06-09,295.5,297.5,293.5,294.5,3122390
2020-06-10,296.0,300.0,294.0,298.5,10323512
2020-06-11,298.5,301.5,298.0,299.5,2326050
2020-06-12,298.0,298.5,295.5,296.0,1085914
2020-06-15,296.0,297.5,294.0,294.0,1516122
2020-06-16,296.0,300.0,296.0,299.0,1752865
2020-06-17,300.0,300.5,298.0,299.5,1324601
2020-06-18,299.5,300.5,298.0,298.5,1036917
2020-06-19,298.5,300.0,297.5,298.5,1656314
2020-06-22,298.5,299.0,297.0,298.0,766746
2020-06-23,298.5,302.0,298.0,300.0,1669529
2020-06-24,300.5,300.5,298.5,300.0,896063
2020-06-29,299.0,299.5,293.0,294.5,1870932
2020-06-30,297.0,297.5,295.5,296.5,888340
2020-07-01,297.0,297.5,295.5,296.0,635856
2020-07-02,296.5,299.0,295.5,299.0,1632680
2020-07-03,298.5,299.0,295.0,296.0,1365714
2020-07-06,297.5,299.5,297.0,299.5,985070
2020-07-07,300.0,300.5,298.5,299.0,823288
2020-07-08,299.0,299.5,296.0,296.5,1964431
2020-07-09,296.5,297.0,295.0,295.0,2266175
2020-07-10,295.0,296.5,290.0,290.0,3845940
2020-07-13,291.5,292.0,285.5,288.0,3051582
2020-07-14,288.0,289.0,286.0,287.5,1952638
2020-07-15,287.5,288.5,286.0,286.0,2448982
2020-07-16,287.5,292.0,287.0,289.0,1423270
2020-07-17,292.0,292.0,289.5,290.0,703081
2020-07-20,290.0,291.5,290.0,291.0,807135
2020-07-21,291.0,291.0,289.0,289.0,1823961
2020-07-22,289.0,291.5,288.5,291.0,951691
2020-07-23,290.0,290.5,288.5,290.0,1621742
2020-07-24,289.0,290.0,288.0,288.0,1390124
2020-07-27,287.5,289.0,285.5,285.5,1716413
2020-07-28,284.5,286.0,284.0,284.0,1702858
2020-07-29,284.5,287.0,284.5,285.0,1355082
2020-07-30,285.5,286.0,284.0,285.5,1380515
2020-07-31,284.0,284.5,280.0,280.0,4639306
2020-08-03,276.0,276.5,270.0,273.0,4452394
2020-08-04,274.5,280.0,274.0,279.0,2551336
2020-08-05,272.0,273.5,271.5,273.5,2189403
2020-08-06,276.0,277.0,273.5,274.5,1365886
2020-08-07,274.0,274.5,272.0,273.0,1201453
2020-08-10,273.5,276.0,273.0,275.0,883645
2020-08-11,276.0,279.0,275.5,276.0,1528335
2020-08-12,278.0,279.5,276.0,279.5,1824984
2020-08-13,280.5,280.5,278.0,278.5,1440836
2020-08-14,276.5,279.0,276.0,276.0,721605
2020-08-17,275.5,275.5,274.0,274.0,1453259
2020-08-18,275.0,276.0,274.0,274.5,1356548
2020-08-19,275.5,278.0,275.0,275.0,1701725
2020-08-20,275.0,276.5,270.0,270.5,1878970
2020-08-21,271.5,273.5,271.0,271.0,1794224
2020-08-24,271.0,273.0,269.0,271.0,1323015
2020-08-25,271.5,274.0,270.0,271.0,1518698
2020-08-26,271.0,275.0,271.0,275.0,3892609
2020-08-27,275.0,275.5,273.0,274.0,599433
2020-08-28,273.0,274.0,270.5,270.5,1573233
2020-08-31,272.0,273.0,270.0,270.0,2121941
2020-09-01,271.5,271.5,270.0,270.0,1142395
2020-09-02,269.5,270.0,262.0,266.0,4498465
2020-09-03,266.0,266.0,263.5,263.5,2690291
2020-09-04,262.0,264.0,261.0,263.0,3496248
2020-09-07,263.0,265.5,262.0,265.0,3025235
2020-09-08,265.0,269.0,265.0,269.0,1141907
2020-09-09,267.5,267.5,265.0,265.0,1836315
2020-09-10,265.0,267.0,263.0,267.0,1054941
2020-09-11,267.0,267.0,265.0,265.5,1366440
2020-09-14,267.0,267.0,266.0,266.5,524611
2020-09-15,265.5,267.5,265.0,266.0,953767
2020-09-16,265.5,266.5,264.0,264.5,2157570
2020-09-17,264.5,265.5,264.0,264.0,1456261
2020-09-18,264.5,265.5,263.0,263.0,2237744
2020-09-21,262.5,266.0,262.0,264.5,958642
2020-09-22,264.0,265.5,263.0,264.5,1281027
2020-09-23,264.0,264.5,261.0,262.0,1189834
2020-09-24,260.0,261.0,253.0,253.0,3073172
2020-09-25,256.5,259.0,255.0,258.5,1604422
2020-09-28,260.0,260.5,259.5,260.5,696748
2020-09-29,260.5,262.0,259.0,262.0,997449
2020-09-30,263.5,265.5,263.0,263.0,1216490
2020-10-05,264.0,270.0,264.0,267.0,1393324
2020-10-06,268.5,273.5,268.5,273.0,2038879
2020-10-07,272.5,274.5,270.0,273.0,1768284
2020-10-08,275.0,277.0,274.0,275.0,1935941
2020-10-12,276.0,276.0,274.0,275.5,1499204
2020-10-13,276.0,276.0,271.5,274.5,594155
2020-10-14,274.0,274.0,270.0,274.0,1321820
2020-10-15,269.5,270.5,266.5,267.5,1286796
2020-10-16,268.5,271.0,267.5,270.0,936014
2020-10-19,271.0,271.0,270.0,270.0,479979
2020-10-20,270.0,270.5,265.5,266.5,1003742
2020-10-21,268.5,269.0,266.5,266.5,1146507
2020-10-22,266.5,271.0,266.5,269.0,1006471
2020-10-23,269.0,271.0,269.0,270.5,592340
2020-10-26,270.0,271.0,267.5,268.0,888027
2020-10-27,266.5,267.0,264.0,264.0,1631352
2020-10-28,263.0,266.5,263.0,266.5,951530
2020-10-29,264.0,265.0,261.5,262.0,896972
2020-10-30,261.5,261.5,258.0,258.0,1641738
2020-11-02,258.0,265.0,258.0,264.0,1996311
2020-11-03,264.0,265.0,262.0,265.0,1715146
2020-11-04,263.0,263.0,260.5,262.0,1500029
2020-11-05,263.5,264.5,261.0,262.0,973597
2020-11-06,261.5,262.0,256.5,258.5,2592645
2020-11-09,260.5,260.5,258.0,259.0,1734720
2020-11-10,260.0,262.5,258.5,262.0,4369243
2020-11-11,262.5,269.5,261.5,269.5,4070324
2020-11-12,271.0,271.5,267.0,270.0,2519174
2020-11-13,271.0,271.0,268.0,268.5,1182014
2020-11-16,271.0,271.5,269.0,270.0,1204044
2020-11-17,270.0,271.0,267.5,268.5,1720247
2020-11-18,269.5,271.0,268.0,271.0,1718205
2020-11-19,271.0,272.5,270.0,271.0,1172894
2020-11-20,271.0,272.0,270.5,272.0,1008221
2020-11-23,273.0,273.5,272.0,273.0,1532652
2020-11-24,272.5,273.5,272.0,273.0,1076666
2020-11-25,273.5,273.5,272.0,272.5,941029
2020-11-26,273.5,274.5,272.0,274.0,1579150
2020-11-27,272.5,273.5,272.0,273.0,1053486
2020-11-30,271.5,273.0,259.0,259.0,5869000
2020-12-01,263.0,269.5,263.0,268.0,2886520
2020-12-02,269.0,269.0,263.5,265.0,3715399
2020-12-03,265.5,268.0,265.0,266.5,3614731
2020-12-04,268.0,270.0,267.0,268.0,1872578
2020-12-07,269.5,269.5,265.0,267.0,1240763
2020-12-08,265.0,266.5,264.5,265.0,1961038
2020-12-09,266.0,268.0,265.5,267.0,1143117
2020-12-10,267.0,268.5,265.5,266.5,1177398
2020-12-11,267.0,267.5,266.5,266.5,786686
2020-12-14,266.5,269.0,266.0,266.5,1242827
2020-12-15,266.0,268.5,265.5,267.0,2595441
2020-12-16,267.0,270.0,267.0,269.0,2037419
2020-12-17,269.0,270.0,267.5,268.0,1413596
2020-12-18,268.0,269.5,267.0,268.0,2399825
2020-12-21,268.0,268.5,267.0,268.0,1187744
2020-12-22,268.0,268.0,265.0,265.0,767842
2020-12-23,264.5,264.5,261.0,263.0,1052055
2020-12-24,263.0,264.5,262.5,263.0,397491
2020-12-25,264.5,264.5,262.5,263.0,402059
2020-12-28,263.5,264.0,262.0,263.0,596285
2020-12-29,263.5,263.5,262.5,263.0,612216
2020-12-30,263.0,269.0,263.0,268.0,1627686
2020-12-31,268.0,268.5,266.0,266.5,1029750
2021-01-04,266.5,269.5,265.0,268.5,1109260
2021-01-05,268.5,272.0,268.5,272.0,1679846
2021-01-06,271.5,272.0,270.0,271.0,1436087
2021-01-07,271.0,272.0,270.0,271.0,1024445
2021-01-08,270.5,273.0,269.0,273.0,1378285
2021-01-11,272.5,273.0,270.5,271.0,1251664
2021-01-12,270.5,271.0,268.5,268.5,971206
2021-01-13,268.5,270.0,268.5,269.0,1107316
2021-01-14,269.0,269.5,265.0,266.5,1340677
2021-01-15,266.5,268.5,265.0,266.0,1034583
2021-01-18,266.5,267.5,263.5,265.5,1367775
2021-01-19,264.0,266.0,263.0,264.0,1107004
2021-01-20,264.0,268.0,264.0,266.0,2992856
2021-01-21,266.5,272.5,266.0,270.0,1871273
2021-01-22,270.5,271.0,265.5,266.5,2136990
2021-01-25,264.5,267.5,264.5,267.5,1039913
2021-01-26,267.0,268.0,265.5,267.0,1014789
2021-01-27,268.0,270.0,268.0,269.5,1161340
2021-01-28,267.5,271.0,267.5,270.0,1924666
2021-01-29,268.5,273.5,267.0,267.0,3108162
2021-02-01,269.5,273.5,269.5,270.0,1361290
2021-02-02,269.5,272.0,268.0,271.0,1149856
2021-02-03,269.5,270.0,268.0,268.0,1156256
2021-02-04,268.0,269.5,267.0,269.0,1750889
2021-02-05,268.0,270.0,267.5,268.0,852884
2021-02-17,266.0,270.0,264.0,270.0,2274024
2021-02-18,267.5,269.5,266.0,266.0,1501934
2021-02-19,266.0,268.0,265.0,265.0,1386146
2021-02-22,265.0,267.0,265.0,265.5,1098172
2021-02-23,265.0,267.0,265.0,265.0,1410864
2021-02-24,266.0,267.5,265.0,265.5,1941015
2021-02-25,266.5,268.0,265.5,268.0,1584620
2021-02-26,268.0,268.0,262.0,262.0,3133446
2021-03-02,265.5,267.0,264.0,265.0,1511254
2021-03-03,266.5,272.0,266.0,272.0,3313258
2021-03-04,270.0,273.0,268.0,272.0,2406786
2021-03-05,268.0,272.0,267.5,270.5,2234151
2021-03-08,270.5,273.5,270.0,273.0,2104972
2021-03-09,274.0,276.5,274.0,275.0,2530644
2021-03-10,276.5,281.0,276.0,279.0,3909933
2021-03-11,280.0,281.0,279.0,279.0,2025864
2021-03-12,279.0,280.0,275.0,280.0,1251726
2021-03-15,277.0,278.0,275.0,275.5,1379406
2021-03-16,275.5,279.5,275.5,277.5,1203873
2021-03-17,277.5,278.0,276.0,277.5,1404036
2021-03-18,276.5,278.5,276.0,276.0,855970
2021-03-19,274.0,275.0,271.0,273.0,2154066
2021-03-22,271.0,272.5,269.5,271.5,1252329
2021-03-23,270.5,275.5,270.0,275.0,928316
2021-03-24,274.5,276.0,273.0,275.0,568029
2021-03-25,273.5,277.5,273.0,277.0,827511
2021-03-26,277.0,278.5,276.0,277.0,960905
2021-03-29,278.0,278.0,276.0,278.0,666681
2021-03-30,279.5,280.0,277.5,280.0,827343
2021-03-31,278.5,278.5,272.0,272.0,2669611
2021-04-01,273.0,275.5,272.5,275.5,989011
2021-04-06,276.0,277.0,272.0,274.0,771910
2021-04-07,273.0,275.0,272.5,273.5,1032745
2021-04-08,272.0,274.0,272.0,272.5,575955
2021-04-09,273.0,275.0,272.5,274.5,555246
2021-04-12,272.5,273.5,271.5,272.5,1527780
2021-04-13,274.0,275.0,272.5,274.0,929556
2021-04-14,272.5,274.0,272.0,273.5,908488
2021-04-15,274.5,274.5,272.5,273.0,934013
2021-04-16,273.0,274.5,273.0,274.0,795344
2021-04-19,274.0,275.0,273.0,275.0,715112
2021-04-20,274.0,276.5,274.0,276.5,1420860
2021-04-21,274.5,275.5,273.5,274.0,1217386
2021-04-22,273.5,274.5,273.0,274.5,1341688
2021-04-23,274.5,274.5,273.0,273.5,805420
2021-04-26,273.5,274.5,272.5,274.5,951749
2021-04-27,273.5,274.5,272.5,273.5,765245
2021-04-28,273.5,274.0,271.5,273.0,907402
2021-04-29,272.0,274.0,271.0,271.0,2320200
2021-05-03,270.0,272.0,270.0,271.0,1126741
2021-05-04,272.0,273.0,268.0,268.5,1491792
2021-05-05,270.0,270.5,267.0,267.5,1066237
2021-05-06,268.0,270.0,267.0,268.5,1004900
2021-05-07,268.5,272.5,268.5,271.0,1533830
2021-05-10,271.5,272.0,271.0,272.0,509052
2021-05-11,272.0,272.0,268.0,269.5,1307486
2021-05-12,268.5,272.0,253.5,260.5,3592908
2021-05-13,262.5,265.5,259.0,264.5,1669588
2021-05-14,264.5,272.0,264.0,271.5,1894915
2021-05-17,270.5,277.0,266.5,267.0,4760116
2021-05-18,268.0,275.0,267.5,272.0,1961585
2021-05-19,268.5,273.0,267.5,272.0,1308854
2021-05-20,268.5,271.0,267.0,268.5,2675933
2021-05-21,269.5,273.0,267.0,268.0,1573974
2021-05-24,268.0,269.0,264.0,264.5,1498064
2021-05-25,263.0,264.5,261.0,264.5,4175584
2021-05-26,262.5,263.5,261.0,261.5,2409199
2021-05-27,261.5,262.0,259.0,259.0,4582798
2021-05-28,261.0,263.5,260.5,262.0,2231678
2021-05-31,263.5,266.0,263.0,264.5,2078285
2021-06-01,264.0,267.0,263.0,266.5,982678
2021-06-02,265.5,269.0,265.0,268.5,1542357
2021-06-03,268.5,268.5,265.5,266.5,717378
2021-06-04,264.5,265.0,263.0,263.5,742784
2021-06-07,263.5,264.5,261.0,262.0,801267
2021-06-08,264.0,264.0,262.0,263.0,561816
2021-06-09,262.5,264.5,262.0,264.0,742129
2021-06-10,264.5,266.0,264.0,264.5,658360
2021-06-11,264.5,265.0,263.5,264.5,406155
2021-06-15,264.5,265.5,261.5,262.0,1179409
2021-06-16,261.0,263.5,261.0,262.5,1115393
2021-06-17,261.0,262.5,259.0,261.0,1493897
2021-06-18,260.5,262.0,260.0,260.0,2854653
2021-06-21,260.0,262.5,259.0,262.5,1591559
2021-06-22,261.0,261.5,260.5,261.0,766021
2021-06-23,261.0,264.5,261.0,263.0,1089167
2021-06-24,262.5,264.0,262.0,262.0,569728
2021-06-25,263.0,264.5,262.0,262.0,729345
2021-06-28,263.0,263.5,261.0,261.0,564092
2021-06-29,261.0,263.0,260.0,263.0,801721
2021-06-30,262.5,263.5,262.0,263.0,600407
2021-07-01,263.0,264.0,260.5,261.0,805676
2021-07-02,261.0,261.0,259.5,260.5,1238138
2021-07-05,261.0,262.0,259.5,259.5,1285991
2021-07-06,260.0,261.0,259.5,260.0,580957
2021-07-07,260.0,261.5,259.5,261.5,530353
2021-07-08,262.0,262.0,260.0,261.5,1132863
2021-07-09,260.0,261.0,258.0,260.5,1227698
2021-07-12,260.5,260.5,258.0,259.0,789700
2021-07-13,260.0,261.5,259.0,261.5,1041781
2021-07-14,261.5,262.5,260.0,260.5,729966
2021-07-15,260.5,261.5,260.0,260.0,627639
2021-07-16,260.5,262.5,260.0,262.5,1117479
2021-07-19,261.5,264.0,261.0,264.0,1060208
2021-07-20,263.0,263.5,261.0,261.0,541516
2021-07-21,261.0,264.0,260.5,263.5,1170917
2021-07-22,264.0,265.0,263.5,264.0,673875
2021-07-23,264.5,265.5,263.0,265.0,583820
2021-07-26,265.0,266.5,264.5,266.0,796805
2021-07-27,266.5,268.0,265.5,268.0,1224253
2021-07-28,268.0,269.5,265.5,269.5,2011446
2021-07-29,270.0,274.5,270.0,274.0,2181753
2021-07-30,287.0,287.0,277.5,280.5,4241514
2021-08-02,280.5,286.0,280.5,282.5,2378948
2021-08-03,285.5,288.0,283.5,288.0,3567002
2021-08-04,286.0,290.0,285.5,288.5,2588273
2021-08-05,287.0,288.5,285.0,288.0,4343644
2021-08-06,287.0,288.0,280.0,282.5,3213060
2021-08-09,282.0,282.0,273.5,280.0,1130495
2021-08-10,279.0,280.0,277.0,280.0,730149
2021-08-11,278.0,285.0,278.0,284.0,1142707
2021-08-12,283.0,286.5,283.0,284.5,1312092
2021-08-13,284.0,284.5,280.0,281.5,732485
2021-08-16,280.5,286.0,280.5,286.0,1801625
2021-08-17,284.0,289.0,284.0,289.0,3114799
2021-08-18,289.0,289.0,285.5,289.0,1589047
2021-08-19,289.0,289.0,283.5,286.5,1676146
2021-08-20,287.0,288.0,283.5,286.0,1881347
2021-08-23,287.5,289.0,286.5,288.0,1448771
2021-08-24,289.5,292.0,288.0,291.0,2041146
2021-08-25,289.5,291.0,288.0,290.0,773104
2021-08-26,289.0,289.0,281.0,282.5,3190433
2021-08-27,282.5,287.0,281.5,284.5,1667482
2021-08-30,283.0,285.5,281.5,285.5,909476
2021-08-31,285.5,286.0,282.0,285.5,1070915
2021-09-01,284.5,285.5,277.5,278.0,2049303
2021-09-02,278.0,281.5,278.0,278.5,944393
2021-09-03,278.5,280.5,277.0,278.5,1620465
2021-09-06,279.0,282.0,279.0,279.5,1139646
2021-09-07,271.0,271.0,267.5,269.0,2172457
2021-09-08,269.5,274.0,269.0,273.5,1273018
2021-09-09,274.0,275.0,271.0,271.5,1539661
2021-09-10,272.0,274.5,272.0,274.5,584421
2021-09-13,274.0,275.5,271.0,275.5,828280
2021-09-14,275.5,278.0,272.5,278.0,1021119
2021-09-15,277.5,279.0,276.0,278.0,1053770
2021-09-16,278.0,279.0,276.0,277.0,1611481
2021-09-17,277.5,280.0,277.5,278.0,1617890
2021-09-22,276.5,281.0,274.5,277.5,1970171
2021-09-23,279.5,281.0,277.0,280.0,1276059
2021-09-24,280.0,281.0,278.5,279.5,713419
2021-09-27,280.0,281.0,278.5,280.0,876925
2021-09-28,278.5,280.5,275.0,279.5,1081168
2021-09-29,279.5,280.0,274.5,280.0,1628084
2021-09-30,278.0,280.0,276.0,280.0,1086370
2021-10-01,278.0,280.0,273.5,276.0,1608782
2021-10-04,276.5,277.0,274.5,276.0,934874
2021-10-05,275.5,281.0,274.5,279.0,1912631
2021-10-06,279.0,283.0,279.0,281.5,2700441
2021-10-07,283.5,285.0,282.0,285.0,1443987
2021-10-08,284.0,287.0,283.0,287.0,678227
2021-10-12,284.0,287.5,281.0,284.0,1476845
2021-10-13,282.5,285.5,281.0,284.0,1324475
2021-10-14,283.0,286.5,283.0,285.5,986806
2021-10-15,287.5,291.0,286.5,290.0,1946928
2021-10-18,291.0,291.5,287.0,288.0,675503
2021-10-19,288.0,289.5,287.0,288.0,550633
2021-10-20,289.5,289.5,284.0,286.5,897577
2021-10-21,287.5,287.5,281.5,281.5,943534
2021-10-22,282.5,287.5,282.5,287.5,759732
2021-10-25,287.0,287.5,283.5,283.5,550058
2021-10-26,285.5,285.5,278.0,283.5,2228221
2021-10-27,282.5,283.0,281.0,282.0,921888
2021-10-28,281.0,282.5,281.0,282.0,495152
2021-10-29,281.0,283.0,279.0,281.0,1071733
2021-11-01,281.0,282.0,279.0,281.5,728030
2021-11-02,282.0,284.0,280.0,282.0,1101274
2021-11-03,281.0,282.0,278.0,279.0,1200448
2021-11-04,282.0,282.5,279.0,281.5,942623
2021-11-05,280.0,284.5,280.0,284.0,977340
2021-11-08,284.0,287.5,283.0,287.0,1179627
2021-11-09,287.0,290.5,284.5,290.5,1749955
2021-11-10,290.0,291.0,287.5,290.0,1291061
2021-11-11,290.0,291.0,286.5,289.5,1072202
2021-11-12,291.0,291.0,287.5,290.0,1009299
2021-11-15,290.0,291.0,288.0,290.0,1480383
2021-11-16,290.0,291.0,288.0,290.5,1338765
2021-11-17,288.5,292.0,288.0,292.0,1947206
2021-11-18,292.0,294.0,289.0,292.0,1324930
2021-11-19,290.0,294.0,289.5,293.5,1768236
2021-11-22,293.5,293.5,288.5,288.5,840770
2021-11-23,288.0,288.5,283.5,283.5,963355
2021-11-24,284.5,287.0,283.5,285.5,865255
2021-11-25,286.0,286.0,282.5,284.5,881196
2021-11-26,283.0,285.0,279.5,280.0,1249287
2021-11-29,280.5,282.5,277.0,277.5,1062721
2021-11-30,276.0,279.5,269.0,269.0,9488572
2021-12-01,271.0,277.5,270.0,276.5,1580258
2021-12-02,274.5,278.0,274.5,277.5,868224
2021-12-03,279.0,279.0,273.5,275.0,1242547
2021-12-06,274.0,278.5,273.0,276.5,1067662
2021-12-07,276.5,277.5,274.5,276.5,894353
2021-12-08,277.5,278.5,275.0,275.0,1099427
2021-12-09,275.0,277.5,274.5,277.0,1036688
2021-12-10,277.0,277.0,275.5,275.5,382455
2021-12-13,277.0,277.5,273.0,273.0,963791
2021-12-14,272.0,273.5,269.5,272.5,1602696
2021-12-15,272.0,273.0,269.5,270.0,2285850
2021-12-16,271.0,273.0,268.0,273.0,2351393
2021-12-17,272.5,275.0,272.0,275.0,1421440
2021-12-20,272.0,273.5,270.5,272.0,1393104
2021-12-21,271.0,276.0,271.0,275.5,1114250
2021-12-22,275.0,275.0,272.0,272.0,878953
2021-12-23,273.0,275.0,271.0,273.0,1326350
2021-12-24,273.0,275.0,273.0,274.5,784637
2021-12-27,275.0,275.5,274.0,274.0,375933
2021-12-28,274.5,275.0,272.5,273.0,557865
2021-12-29,275.0,275.0,273.0,273.5,501039
2021-12-30,274.5,275.0,272.5,273.5,527322
2022-01-03,275.0,276.0,273.0,273.5,601979
2022-01-04,271.5,274.0,271.5,274.0,598932
2022-01-05,272.0,275.0,272.0,275.0,532996
2022-01-06,274.0,275.0,272.5,274.5,615709
2022-01-07,273.0,274.5,271.5,271.5,725508
2022-01-10,271.5,274.0,271.0,274.0,596671
2022-01-11,272.5,275.0,272.0,274.0,919883
2022-01-12,274.0,274.0,271.5,272.0,653094
2022-01-13,272.5,273.5,271.5,272.0,479505
2022-01-14,272.0,272.0,269.0,269.0,1159928
2022-01-17,268.5,270.0,267.0,267.0,1534443
2022-01-18,269.0,271.0,268.0,269.0,932388
2022-01-19,270.5,273.0,270.0,271.5,2050392
2022-01-20,271.5,272.5,267.5,268.5,1587621
2022-01-21,268.5,269.5,266.5,268.5,1024101
2022-01-24,268.0,268.5,265.5,267.5,994028
2022-01-25,265.5,266.0,262.5,265.5,1883057
2022-01-26,266.0,266.5,264.5,265.0,1989733
2022-02-07,263.5,265.0,260.0,261.5,3006923
2022-02-08,262.0,266.5,262.0,265.0,1442622
2022-02-09,263.0,265.0,262.0,263.0,2354030
2022-02-10,263.0,265.0,262.5,264.5,2248754
2022-02-11,264.5,264.5,263.0,264.0,507241
2022-02-14,263.5,263.5,260.5,261.0,1092926
2022-02-15,262.0,265.0,261.5,265.0,1096836
2022-02-16,267.0,267.5,264.5,265.5,1128153
2022-02-17,262.0,263.0,260.0,262.0,2208507
2022-02-18,262.0,264.0,261.0,262.5,1118682
2022-02-21,261.5,262.5,260.5,262.0,1945548
2022-02-22,260.5,262.0,260.0,262.0,2071909
2022-02-23,262.0,263.5,261.0,262.5,939688
2022-02-24,261.0,261.5,259.5,260.0,2501949
2022-02-25,260.0,261.5,258.0,261.5,8120445
2022-03-01,260.5,264.5,260.5,263.0,2174761
2022-03-02,263.0,264.5,262.0,264.0,2010648
2022-03-03,263.0,265.0,262.0,264.0,1422539
2022-03-04,263.5,265.5,261.5,265.5,1162781
2022-03-07,263.5,263.5,259.0,261.0,2041986
2022-03-08,261.5,262.0,259.0,261.0,2449172
2022-03-09,264.0,266.5,263.5,265.0,1648245
2022-03-10,265.0,268.0,264.5,267.5,974078
2022-03-11,268.0,268.0,261.0,263.0,1483815
2022-03-14,264.0,264.5,259.0,260.0,2592317
2022-03-15,261.0,262.0,259.5,261.5,1607883
2022-03-16,260.5,262.0,258.5,260.0,2993919
2022-03-17,263.5,265.0,258.5,261.0,2360214
2022-03-18,263.0,263.5,258.0,258.0,3091781
2022-03-21,260.0,261.0,259.0,259.5,1217734
2022-03-22,260.5,261.0,258.5,260.5,1410227
2022-03-23,261.0,264.0,260.0,260.0,2252606
2022-03-24,261.5,266.0,260.5,264.5,4743918
2022-03-25,262.0,263.0,260.5,262.5,1467477
2022-03-28,260.0,261.5,259.5,259.5,1598123
2022-03-29,259.5,262.0,259.5,261.0,641912
2022-03-30,262.5,264.0,261.5,262.5,1761755
2022-03-31,263.5,265.0,262.5,263.0,3028327
2022-04-01,262.0,264.5,261.0,263.0,1695679
2022-04-06,264.0,265.0,262.5,264.5,2237197
2022-04-07,261.5,264.5,260.5,262.5,2083150
2022-04-08,263.5,265.0,263.0,264.0,2171641
2022-04-11,264.0,267.5,264.0,266.0,1467068
2022-04-12,265.0,266.5,264.0,265.0,1323370
2022-04-13,266.0,269.5,265.0,269.0,1194968
2022-04-14,269.0,269.0,266.5,267.0,485854
2022-04-15,267.0,269.5,266.5,268.0,737342
2022-04-18,266.5,270.5,266.0,270.5,1073398
2022-04-19,270.5,270.5,267.0,267.0,884057
2022-04-20,269.0,273.5,267.0,273.0,1830839
2022-04-21,274.5,274.5,271.0,271.5,916961
2022-04-22,270.0,273.0,268.0,271.5,1335574
2022-04-25,268.0,273.0,268.0,272.0,1248032
2022-04-26,270.0,276.0,270.0,275.0,1264892
2022-04-27,274.0,276.5,271.5,274.5,1534859
2022-04-28,274.0,276.0,272.0,274.0,1491714
2022-04-29,272.0,274.5,272.0,273.5,523924
2022-05-03,275.0,280.0,275.0,279.0,1937325
2022-05-04,279.0,280.0,277.5,277.5,881713
2022-05-05,277.5,279.0,277.0,278.0,744340
2022-05-06,274.5,277.0,273.0,275.0,2172898
2022-05-09,270.0,272.5,267.0,267.0,1143949
2022-05-10,267.5,268.0,264.0,265.5,1155209
2022-05-11,264.0,267.0,263.0,264.5,1093560
2022-05-12,264.5,265.0,261.0,261.0,845409
2022-05-13,264.5,267.5,263.0,265.0,759983
2022-05-16,268.0,268.5,264.0,264.0,567293
2022-05-17,267.5,267.5,261.0,261.5,1014513
2022-05-18,261.5,269.5,261.5,269.5,1793462
2022-05-19,267.0,278.0,263.5,278.0,2934594
2022-05-20,275.5,277.0,267.5,271.5,3516463
2022-05-23,268.5,269.0,261.5,262.0,2956185
2022-05-24,261.5,265.0,260.0,264.0,2351991
2022-05-25,264.0,268.5,262.5,268.5,2141080
2022-05-26,269.0,269.5,265.5,269.5,1684424
2022-05-27,270.0,271.5,266.0,269.5,1886688
2022-05-30,267.5,269.0,263.5,268.5,1940498
2022-05-31,267.0,275.5,265.0,275.5,3664175
2022-06-01,271.0,271.0,266.0,266.5,2194205
2022-06-02,265.0,267.0,263.0,263.0,1833588
2022-06-06,266.0,267.5,263.5,267.5,844367
2022-06-07,267.0,268.0,264.0,266.5,1098437
2022-06-08,265.5,267.5,265.5,266.5,842053
2022-06-09,265.5,266.5,264.5,265.0,531237
2022-06-10,264.5,266.5,263.5,264.0,677967
2022-06-13,263.5,265.0,262.0,263.0,1236540
2022-06-14,262.0,264.5,262.0,263.5,958527
2022-06-15,263.0,268.0,263.0,266.0,1116343
2022-06-16,268.0,268.0,264.5,264.5,875266
2022-06-17,263.5,266.0,261.0,261.0,2163443
2022-06-20,262.0,264.5,259.5,259.5,1941911
2022-06-21,263.0,267.5,261.5,263.0,2065420
2022-06-22,265.5,269.5,264.5,265.0,1245307
2022-06-23,268.0,270.0,266.0,269.5,1676742
2022-06-24,272.0,274.0,271.5,273.5,1488756
2022-06-27,274.0,274.0,269.0,272.0,1270684
2022-06-28,272.0,272.0,267.0,269.5,1942909
2022-06-29,272.0,273.5,269.0,272.5,2239496
2022-06-30,270.0,274.0,268.5,272.5,1231760
2022-07-01,272.5,273.5,270.0,273.0,792882
2022-07-04,273.0,276.5,272.5,275.5,1039206
2022-07-05,277.0,279.0,275.5,276.5,1296331
2022-07-06,276.5,278.5,274.0,275.5,1626746
2022-07-07,274.5,277.0,274.0,276.5,1342776
2022-07-08,274.5,277.0,274.0,275.5,1645063
2022-07-11,275.5,278.0,274.5,276.5,1665183
2022-07-12,277.5,278.5,276.0,277.5,2435976
2022-07-13,277.5,282.0,277.5,280.0,3702761
2022-07-14,280.0,286.0,279.0,284.5,2871682
2022-07-15,284.5,288.5,281.5,287.0,2218891
2022-07-18,288.5,291.0,285.5,288.0,3307849
2022-07-19,289.0,289.0,282.5,283.0,763383
2022-07-20,285.5,290.0,282.5,284.5,2306315
2022-07-21,285.5,287.5,282.0,285.0,1426609
2022-07-22,290.0,298.0,287.0,297.5,3908662
2022-07-25,296.0,299.0,296.0,297.5,1318646
2022-07-26,297.5,298.5,296.0,298.0,1207307
2022-07-27,296.0,297.5,287.0,291.5,3101100
2022-07-28,288.5,291.0,283.0,285.0,2438577
2022-07-29,286.0,287.0,283.0,283.0,1645834
2022-08-01,283.0,285.0,281.0,282.5,924638
2022-08-02,282.0,286.5,281.0,284.5,1389162
2022-08-03,278.5,279.0,275.5,276.5,959023
2022-08-04,276.5,277.0,270.5,272.0,928297
2022-08-05,279.0,283.0,275.5,279.0,1042770
2022-08-08,279.5,280.0,278.0,279.5,586753
2022-08-09,280.0,283.5,278.5,282.0,673458
2022-08-10,280.0,281.5,278.5,280.0,549231
2022-08-11,283.0,283.0,280.0,281.0,482052
2022-08-12,282.0,282.0,279.5,280.5,402786
2022-08-15,280.0,281.5,278.5,279.5,495424
2022-08-16,279.5,281.0,278.5,279.0,663721
2022-08-17,276.0,277.5,273.5,275.5,1822029
2022-08-18,277.0,277.5,274.0,277.5,932984
2022-08-19,276.5,279.0,274.5,277.5,1150540
2022-08-22,275.0,278.5,275.0,278.5,860402
2022-08-23,277.0,277.0,274.5,275.5,519346
2022-08-24,276.5,276.5,275.0,275.0,358781
2022-08-25,276.0,276.0,273.0,273.5,619051
2022-08-26,273.0,273.5,271.0,272.0,854263
2022-08-29,269.0,274.5,267.5,273.0,1732730
2022-08-30,271.5,273.5,269.5,271.5,1116849
2022-08-31,270.5,272.0,268.0,268.0,1782075
2022-09-01,266.5,269.5,265.5,268.5,811641
2022-09-02,268.0,272.0,268.0,271.5,599669
2022-09-05,272.5,280.0,270.5,278.0,1344965
2022-09-06,280.0,280.5,278.0,279.0,1347656
2022-09-07,278.5,280.5,276.5,277.5,991734
2022-09-08,276.5,283.0,276.5,283.0,1096329
2022-09-12,284.0,288.0,283.0,287.0,1467097
2022-09-13,288.0,288.5,285.5,287.5,1247753
2022-09-14,283.5,284.5,280.5,281.5,1094578
2022-09-15,277.5,280.5,274.0,279.5,1658588
2022-09-16,274.0,274.0,269.0,270.5,3071728
2022-09-19,271.5,273.5,269.0,272.0,1980229
2022-09-20,273.5,278.0,272.0,277.5,1430037
2022-09-21,277.5,282.5,277.5,281.0,1477255
2022-09-22,279.0,279.0,272.0,276.0,1232986
2022-09-23,276.0,276.5,271.0,272.0,1243158
2022-09-26,272.0,279.5,270.5,277.5,1378511
2022-09-27,279.5,283.5,278.0,281.0,1579748
2022-09-28,281.0,286.0,280.0,283.5,2234237
2022-09-29,284.0,287.5,283.5,286.0,1912174
2022-09-30,283.0,285.0,279.0,282.5,2068670
2022-10-03,279.5,284.5,278.0,284.0,957958
2022-10-04,282.0,285.0,280.5,283.5,1100150
2022-10-05,281.0,282.0,276.0,277.0,1573959
2022-10-06,278.0,279.5,275.5,276.5,690757
2022-10-07,275.0,277.0,274.0,275.0,666786
2022-10-11,272.5,274.5,268.0,268.0,1940709
2022-10-12,269.0,278.5,269.0,276.5,1221364
2022-10-13,275.5,281.0,274.5,280.5,2255500
2022-10-14,278.0,280.0,275.5,275.5,1485620
2022-10-17,274.5,277.5,271.5,272.0,955661
2022-10-18,272.5,276.0,271.5,274.0,1248132
2022-10-19,274.0,274.5,270.5,271.0,908093
2022-10-20,268.5,272.5,267.5,272.0,1866999
2022-10-21,272.5,273.0,269.0,270.0,765674
2022-10-24,272.5,272.5,269.0,269.5,718134
2022-10-25,271.0,271.0,262.5,266.5,2575575
2022-10-26,266.0,270.5,266.0,269.0,836679
2022-10-27,268.5,270.0,265.0,265.5,1810190
2022-10-28,267.0,268.0,265.5,267.0,981727
2022-10-31,268.0,270.5,267.5,268.0,926922
2022-11-01,267.5,271.0,267.5,270.0,641964
2022-11-02,268.5,270.5,267.0,268.5,984120
2022-11-03,267.0,268.5,264.0,264.5,1511144
2022-11-04,263.0,263.5,258.5,262.5,2880469
2022-11-07,263.0,264.5,260.5,262.5,1265758
2022-11-08,263.0,263.0,260.5,262.5,950918
2022-11-09,263.0,266.0,262.5,265.0,1389888
2022-11-10,265.0,265.5,262.0,262.5,1117947
2022-11-11,265.0,267.0,261.5,262.5,2046630
2022-11-14,263.5,267.0,263.0,267.0,1985034
2022-11-15,264.5,266.0,263.5,264.0,1448341
2022-11-16,263.5,265.5,262.0,262.0,1692189
2022-11-17,262.0,263.0,261.0,262.0,906378
2022-11-18,264.0,265.5,262.0,265.0,1340791
2022-11-21,265.5,266.0,263.5,265.5,1106937
2022-11-22,265.0,265.0,262.5,263.0,1205739
2022-11-23,264.5,265.0,263.0,264.5,700275
2022-11-24,266.0,266.5,264.0,265.0,1118570
2022-11-25,265.5,266.5,264.5,265.0,971177
2022-11-28,264.5,266.0,263.0,264.5,1197161
2022-11-29,266.5,268.5,266.0,268.5,1269636
2022-11-30,268.5,273.5,266.0,272.5,2985778
2022-12-01,274.0,274.0,271.0,273.5,1303147
2022-12-02,270.0,272.5,267.5,268.0,1416201
2022-12-05,267.5,268.0,265.5,266.5,1870444
2022-12-06,266.5,268.5,265.0,265.0,1821611
2022-12-07,265.0,272.0,265.0,271.0,1798287
2022-12-08,268.5,273.5,267.0,273.5,1320397
2022-12-09,272.0,273.0,270.5,273.0,984029
2022-12-12,272.0,272.5,269.5,271.5,809265
2022-12-13,272.5,273.5,268.0,268.5,1388620
2022-12-14,271.0,274.0,271.0,273.5,1262420
2022-12-15,274.0,274.5,272.0,273.5,1128131
2022-12-16,272.0,273.5,270.0,270.0,1287025
2022-12-19,268.5,271.5,268.5,270.5,638906
2022-12-20,269.0,271.0,267.5,269.0,769016
2022-12-21,270.0,270.0,267.0,270.0,709481
2022-12-22,270.0,273.0,268.5,272.0,632589
2022-12-23,269.0,271.0,267.5,268.0,995586
2022-12-26,269.5,270.0,267.0,268.5,728903
2022-12-27,269.0,270.0,267.5,270.0,651639
2022-12-28,269.5,271.0,268.0,270.5,770739
2022-12-29,268.5,273.0,268.0,271.5,888470
2022-12-30,272.0,274.0,271.5,272.0,689057
2023-01-03,269.0,271.5,267.5,270.5,735361
2023-01-04,271.0,271.5,269.0,269.5,664186
2023-01-05,270.0,273.0,270.0,271.5,787360
2023-01-06,273.0,273.0,270.5,270.5,608742
2023-01-09,273.5,275.5,271.0,275.0,1352386
2023-01-10,275.0,277.0,273.0,276.0,1463656
2023-01-11,274.5,276.0,271.0,272.0,1619594
2023-01-12,272.0,273.5,269.0,270.0,1951541
2023-01-13,271.5,273.5,270.0,271.0,992780
2023-01-16,272.5,274.5,272.0,273.0,598191
2023-01-17,273.0,273.5,270.5,271.5,1481867
2023-01-30,293.5,295.0,270.5,274.0,5878422
2023-01-31,273.0,273.5,270.0,270.0,3545903
2023-02-01,271.5,272.0,269.5,271.0,1067325
2023-02-02,270.5,271.0,267.5,267.5,3070828
2023-02-03,268.0,269.5,268.0,269.5,749454
2023-02-06,269.0,269.5,267.5,267.5,1008967
2023-02-07,268.0,269.5,267.5,267.5,1070049
2023-02-08,268.0,269.0,267.5,267.5,1557812
2023-02-09,267.5,269.0,267.0,267.5,830870
2023-02-10,267.0,269.0,267.0,268.5,696052
2023-02-13,269.5,270.5,268.5,270.5,686799
2023-02-14,271.0,271.5,269.5,271.5,778659
2023-02-15,270.5,271.5,267.5,267.5,1511436
2023-02-16,269.0,269.5,267.5,269.5,868013
2023-02-17,269.0,269.0,267.5,268.0,869908
2023-02-20,268.0,269.0,267.5,268.0,869874
2023-02-21,268.5,269.0,268.0,268.5,618826
2023-02-22,268.5,270.0,267.5,269.5,2089466
2023-02-23,269.0,269.5,268.0,269.0,1260948
2023-02-24,270.0,270.0,267.0,267.0,2279225
2023-03-01,267.0,268.0,265.5,265.5,3252341
2023-03-02,267.0,267.0,265.5,266.0,854341
2023-03-03,267.0,268.5,266.5,267.5,612325
2023-03-06,269.0,270.5,268.0,270.5,1197696
2023-03-07,270.5,270.5,268.5,270.0,1065878
2023-03-08,269.5,269.5,268.0,269.0,1101138
2023-03-09,270.0,270.5,269.0,269.5,885572
2023-03-10,269.0,269.0,267.5,267.5,828676
2023-03-13,268.0,269.5,267.0,269.5,922456
2023-03-14,267.0,268.0,266.5,266.5,1593338
2023-03-15,268.5,269.0,266.5,267.0,1241365
2023-03-16,266.5,268.5,266.5,266.5,777729
2023-03-17,268.0,269.0,267.0,268.0,1122786
2023-03-20,269.0,269.0,266.5,267.5,529551
2023-03-21,268.5,268.5,267.5,268.0,572440
2023-03-22,269.0,269.5,268.0,268.5,733224
2023-03-23,269.5,270.0,268.0,270.0,837130
2023-03-24,270.5,271.0,269.5,271.0,800182
2023-03-27,271.5,272.0,271.0,271.5,652201
2023-03-28,272.5,274.5,271.5,273.5,901320
2023-03-29,274.0,274.5,270.5,271.0,1340570
2023-03-30,271.0,271.0,269.0,269.5,897668
2023-03-31,270.0,272.5,269.5,269.5,1184786
2023-04-06,268.0,269.5,267.5,268.0,1391207
2023-04-07,269.0,270.0,268.0,269.5,293278
2023-04-10,270.0,270.5,269.0,269.0,339129
2023-04-11,269.0,271.5,269.0,270.5,847214
2023-04-12,270.5,271.0,269.0,269.0,651812
2023-04-13,269.0,272.0,268.5,272.0,924132
2023-04-14,271.5,272.0,270.5,271.0,794844
2023-04-17,271.0,271.0,270.5,271.0,526511
2023-04-18,271.0,273.0,269.0,269.5,1279222
2023-04-19,271.0,271.0,269.0,270.0,879345
2023-04-20,269.0,271.0,268.5,269.0,594505
2023-04-21,270.5,271.0,269.0,270.0,668837
2023-04-24,268.5,270.5,266.0,270.0,627399
2023-04-25,270.5,271.0,269.5,271.0,569982
2023-04-26,270.5,273.0,269.0,272.5,1196844
2023-04-27,271.5,272.5,270.5,271.5,508505
2023-04-28,272.5,272.5,270.0,270.5,720811
2023-05-02,271.5,273.0,270.5,273.0,676693
2023-05-03,272.5,273.0,271.0,272.5,474461
2023-05-04,274.0,285.5,273.0,285.5,4441699
2023-05-05,283.5,285.5,278.5,284.5,2541671
2023-05-08,285.0,286.5,282.5,285.5,1197341
2023-05-09,285.0,285.5,281.0,283.5,882387
2023-05-10,281.5,284.5,280.5,284.5,1076921
2023-05-11,284.5,289.5,282.5,287.0,1754409
2023-05-12,285.5,289.5,285.0,287.5,1071288
2023-05-15,285.0,287.5,285.0,287.0,750057
2023-05-16,288.5,290.0,287.0,289.5,1350633
2023-05-17,288.0,290.0,287.5,289.5,1309892
2023-05-18,286.5,289.5,286.5,287.5,1141105
2023-05-19,289.0,292.0,287.5,290.0,1582325
2023-05-22,288.5,289.5,285.5,286.0,1267539
2023-05-23,287.5,289.0,285.0,287.0,1020331
2023-05-24,287.0,287.0,283.5,286.0,906895
2023-05-25,282.0,283.5,281.0,281.0,1556477
2023-05-26,279.0,280.5,278.0,280.0,1175532
2023-05-29,281.5,283.0,279.0,279.0,1108561
2023-05-30,279.0,279.0,276.0,277.5,1561737
2023-05-31,277.0,280.0,277.0,279.5,7712562
2023-06-01,280.0,281.5,277.0,280.0,886963
2023-06-02,279.5,281.5,278.0,280.5,1243945
2023-06-05,280.5,283.0,280.5,281.5,580733
2023-06-06,282.5,284.0,281.5,283.5,534206
2023-06-07,283.5,285.0,283.5,285.0,821512
2023-06-08,284.0,285.0,282.5,283.5,490849
2023-06-09,285.0,285.5,284.0,284.0,696681
2023-06-12,283.5,285.0,283.0,284.0,357279
2023-06-13,284.5,287.0,284.0,285.5,1150983
2023-06-14,285.0,285.5,282.5,283.5,562660
2023-06-15,284.0,287.0,283.5,287.0,1242721
2023-06-16,286.5,287.5,284.5,284.5,1410280
2023-06-19,284.0,287.0,284.0,286.5,431726
2023-06-20,287.0,287.0,283.5,283.5,679671
2023-06-21,283.5,285.5,283.0,284.5,851118
2023-06-26,282.0,284.0,281.0,283.0,1034926
2023-06-27,283.0,286.5,283.0,286.5,840364
2023-06-28,288.0,289.5,287.0,289.5,1056515
2023-06-29,290.0,290.0,285.5,286.0,1098259
2023-06-30,284.5,285.5,282.5,282.5,1316360
2023-07-03,283.0,285.0,283.0,283.5,548490
2023-07-04,285.0,287.0,284.5,286.0,843185
2023-07-05,285.0,286.0,281.5,282.5,981978
2023-07-06,285.0,285.0,279.0,280.0,1337583
2023-07-07,278.5,283.5,278.5,283.0,873687
2023-07-10,282.0,288.0,282.0,287.5,1544045
2023-07-11,289.5,290.0,287.5,290.0,1088796
2023-07-12,287.0,293.0,286.5,291.5,1573360
2023-07-13,290.5,291.0,285.0,286.0,1058320
2023-07-14,286.0,288.0,284.0,284.5,1069454
2023-07-17,285.0,287.0,284.0,286.0,725688
2023-07-18,284.0,286.0,283.0,284.5,1727456
2023-07-19,284.5,286.0,283.5,284.0,1201936
2023-07-20,283.5,285.5,282.5,282.5,1003481
2023-07-21,282.5,284.5,281.0,281.0,1028954
2023-07-24,281.0,285.0,281.0,283.5,1137801
2023-07-25,284.5,284.5,280.0,281.0,1834508
2023-07-26,282.5,284.0,281.0,283.0,653788
2023-07-27,283.0,283.0,281.0,281.0,1031446
2023-07-28,281.0,282.5,280.0,281.0,860117
2023-07-31,282.5,283.0,279.0,279.0,1859930
2023-08-01,280.0,282.0,280.0,281.0,724760
2023-08-02,280.5,281.0,279.5,280.5,1454776
2023-08-04,271.5,272.5,269.5,269.5,2733589
2023-08-07,269.5,273.5,269.5,271.5,993567
2023-08-08,271.0,271.5,268.0,268.0,2109432
2023-08-09,268.5,270.5,268.0,269.0,888435
2023-08-10,268.0,270.0,268.0,268.5,1282206
2023-08-11,268.5,272.0,268.5,270.5,1179983
2023-08-14,271.5,272.5,270.0,271.5,641556
2023-08-15,272.0,273.5,270.0,270.0,886787
2023-08-16,269.0,273.0,269.0,272.0,859773
2023-08-17,270.0,276.0,270.0,274.0,1886792
2023-08-18,272.5,273.0,270.0,270.0,909019
2023-08-21,271.0,272.0,268.0,268.0,841177
2023-08-22,269.0,269.5,268.0,268.5,458562
2023-08-23,268.5,269.5,268.0,268.0,465734
2023-08-24,268.5,270.0,268.5,269.0,441992
2023-08-25,269.0,270.0,268.0,268.0,401446
2023-08-28,269.5,271.0,269.5,270.0,337408
2023-08-29,270.5,273.0,270.0,270.5,448896
2023-08-30,272.0,272.0,270.5,270.5,356107
2023-08-31,270.5,271.0,267.5,267.5,1861798
2023-09-01,268.5,270.5,268.5,269.5,252528
2023-09-04,268.5,270.5,268.5,269.0,377320
2023-09-05,268.0,269.5,268.0,269.0,315025
2023-09-06,269.0,269.0,267.5,267.5,598022
2023-09-07,267.5,269.5,267.5,268.5,1020401
2023-09-08,268.0,269.0,266.5,268.5,1071006
2023-09-11,267.5,269.0,267.5,268.0,1195191
2023-09-12,268.5,269.0,267.0,267.0,1487508
2023-09-13,267.5,268.5,267.0,267.0,1023944
2023-09-14,268.5,269.0,267.0,268.5,778122
2023-09-15,268.5,269.5,267.0,267.5,1467384
2023-09-18,267.5,268.5,267.0,267.0,330447
2023-09-19,267.5,267.5,266.5,267.0,549409
2023-09-20,267.0,267.5,264.5,264.5,1755983
2023-09-21,264.5,265.5,263.0,263.5,1418676
2023-09-22,263.0,265.0,263.0,264.0,969046
2023-09-25,264.5,265.5,264.0,264.5,657605
2023-09-26,264.0,264.5,263.0,263.5,886091
2023-09-27,263.5,264.0,263.0,263.0,885513
2023-09-28,263.5,264.5,262.5,262.5,901430
2023-10-02,263.0,264.5,263.0,263.0,343643
2023-10-03,263.0,263.0,262.0,262.0,808139
2023-10-04,261.5,262.0,261.0,261.0,907777
2023-10-05,261.0,263.5,261.0,262.5,1149144
2023-10-06,263.5,264.0,261.5,261.5,581897
2023-10-11,259.5,262.5,259.5,260.5,3031640
2023-10-12,262.5,263.5,261.0,262.5,851106
2023-10-13,262.0,264.5,262.0,263.0,841652
2023-10-16,263.0,264.0,262.5,262.5,437871
2023-10-17,262.5,262.5,259.5,259.5,1879666
2023-10-18,260.0,260.5,259.5,259.5,1216645
2023-10-19,259.0,260.0,259.0,259.0,1438534
2023-10-20,259.0,260.5,258.5,260.0,958418
2023-10-23,260.5,261.0,258.5,258.5,718067
2023-10-24,259.5,260.0,258.5,258.5,990532
2023-10-25,260.0,260.0,257.5,257.5,1012442
2023-10-26,257.5,258.0,256.0,256.5,1574666
2023-10-27,257.5,257.5,256.5,257.0,625334
2023-10-30,258.5,259.0,256.5,256.5,623613
2023-10-31,256.5,258.5,256.5,257.5,720624
2023-11-01,258.5,258.5,257.0,257.0,357118
2023-11-02,260.5,261.5,259.5,260.5,540993
2023-11-03,261.0,263.5,261.0,262.0,875127
2023-11-06,264.0,266.0,263.5,264.5,927810
2023-11-07,264.5,266.0,263.5,265.0,743369
2023-11-08,265.0,268.0,265.0,267.5,995754
2023-11-09,266.5,267.0,265.5,266.0,530588
2023-11-10,267.0,267.0,266.0,266.0,594047
2023-11-13,267.5,268.5,264.0,265.0,865792
2023-11-14,266.5,266.5,265.0,266.0,806199
2023-11-15,268.0,268.5,266.5,268.0,1339348
2023-11-16,269.5,269.5,266.0,266.5,1351808
2023-11-17,266.5,269.0,266.5,267.5,1138444
2023-11-20,267.5,269.0,267.0,268.5,907643
2023-11-21,269.0,270.5,269.0,270.5,1518851
2023-11-22,270.0,272.0,269.5,272.0,816688
2023-11-23,272.0,273.0,272.0,273.0,799608
2023-11-24,273.5,273.5,271.0,271.0,1065827
2023-11-27,271.0,271.5,270.0,270.0,553688
2023-11-28,271.0,273.0,270.0,271.5,1011162
2023-11-29,270.5,271.5,269.5,270.0,1118328
2023-11-30,270.5,272.0,269.5,269.5,2743557
2023-12-01,268.5,270.0,267.0,268.5,622296
2023-12-04,270.0,271.5,268.5,270.0,583206
2023-12-05,269.5,271.0,269.0,270.5,729177
2023-12-06,270.5,271.0,269.0,269.5,539579
2023-12-07,269.0,271.0,268.5,269.5,770778
2023-12-08,270.5,271.0,269.5,271.0,545612
2023-12-11,269.5,269.5,267.0,268.5,792538
2023-12-12,269.0,269.0,267.5,268.5,454944
2023-12-13,268.5,269.0,267.0,267.5,524286
2023-12-14,267.5,268.5,265.0,268.0,1446939
2023-12-15,267.0,270.0,267.0,267.5,3058002
2023-12-18,267.0,268.5,267.0,267.0,1930193
2023-12-19,266.5,269.0,266.0,267.5,2029334
2023-12-20,267.5,268.5,265.0,265.0,2669075
2023-12-21,264.5,268.0,264.5,267.5,1533692
2023-12-22,266.5,269.0,266.5,267.0,1461358
2023-12-25,267.0,268.5,267.0,267.5,280519
2023-12-26,268.0,269.0,267.0,267.5,425128
2023-12-27,267.5,268.5,267.0,267.5,598752
2023-12-28,267.5,268.5,266.0,268.5,548393
2023-12-29,268.0,269.5,267.5,269.5,527980
2024-01-02,268.5,271.0,268.5,270.0,597676
2024-01-03,268.5,270.0,266.0,267.0,594801
2024-01-04,267.5,268.0,266.5,267.5,312800
2024-01-05,267.5,268.0,267.0,267.5,184157
2024-01-08,268.5,269.5,267.5,268.0,347591
2024-01-09,269.0,269.5,268.0,269.0,645201
2024-01-10,268.0,269.0,268.0,268.0,364352
2024-01-11,269.0,270.0,268.5,270.0,460801
2024-01-12,268.5,269.0,267.5,268.0,355369
2024-01-15,269.0,269.5,267.5,268.0,297605
2024-01-16,266.5,267.0,265.0,265.0,1373975
2024-01-17,264.5,266.5,263.0,263.0,1328839
2024-01-18,264.5,266.0,263.5,264.5,521849
2024-01-19,263.5,265.5,263.5,265.0,532937
2024-01-22,265.0,265.5,264.5,264.5,300744
2024-01-23,264.5,265.0,263.5,263.5,1159424
2024-01-24,264.0,265.0,263.5,264.0,349087
2024-01-25,264.0,266.5,264.0,266.5,702591
2024-01-26,265.0,266.0,264.5,265.0,885505
2024-01-29,264.5,266.0,264.0,264.5,832233
2024-01-30,264.5,264.5,263.0,263.5,1486524
2024-01-31,264.5,265.5,263.5,264.0,1289819
2024-02-01,266.0,270.0,266.0,270.0,1033485
2024-02-02,270.0,270.0,268.0,270.0,552516
2024-02-05,268.0,268.0,266.0,267.0,599587
2024-02-15,265.5,266.0,265.0,265.5,1250578
2024-02-16,267.0,267.0,265.0,265.0,740791
2024-02-19,267.0,268.5,265.5,268.0,697943
2024-02-20,268.0,270.0,268.0,270.0,643345
2024-02-21,270.0,270.5,268.5,270.5,734140
2024-02-22,270.0,271.0,268.0,268.5,985741
2024-02-23,268.5,270.5,268.5,270.0,550072
2024-02-26,269.0,270.5,269.0,270.5,541309
2024-02-27,269.5,270.5,268.0,268.0,892623
2024-02-29,270.5,271.0,268.5,269.5,2492479
2024-03-01,269.0,271.5,269.0,270.5,843366
2024-03-04,270.0,270.0,268.5,269.0,864237
2024-03-05,268.5,270.5,268.5,268.5,805923
2024-03-06,268.5,270.0,268.0,270.0,399720
2024-03-07,268.0,269.0,267.0,267.0,1862349
2024-03-08,267.5,270.5,267.5,268.5,871874
2024-03-11,269.5,269.5,268.0,268.0,450702
2024-03-12,269.5,270.5,267.5,267.5,1232706
2024-03-13,267.0,269.5,267.0,268.0,940291
2024-03-14,268.0,270.0,267.5,267.5,1156675
2024-03-15,269.0,269.0,267.5,267.5,2382671
2024-03-18,268.0,270.0,268.0,268.5,569602
2024-03-19,267.5,268.0,266.0,266.0,1556954
2024-03-20,266.5,267.5,266.0,266.0,860473
2024-03-21,267.5,268.5,267.0,267.5,1542594
2024-03-22,267.0,268.0,266.5,267.5,910046
2024-03-25,267.0,268.0,267.0,267.5,602856
2024-03-26,268.0,268.0,266.0,266.0,1487296
2024-03-27,266.0,268.5,266.0,268.5,426868
2024-03-28,267.5,268.0,265.5,265.5,1345995
2024-03-29,266.5,268.0,266.5,266.5,475909
2024-04-01,267.5,269.5,267.0,269.5,769213
2024-04-02,268.5,271.5,268.5,271.5,1052461
2024-04-03,271.0,271.5,269.5,269.5,1073595
2024-04-08,271.5,272.5,270.0,272.0,950100
2024-04-09,272.5,273.0,271.0,273.0,718830
2024-04-10,273.5,276.0,273.5,276.0,977829
2024-04-11,274.0,277.5,274.0,277.5,842841
2024-04-12,275.0,276.5,273.5,275.0,1918117
2024-04-15,275.0,275.5,273.5,275.5,820746
2024-04-16,274.0,274.5,270.0,270.0,1462177
2024-04-17,270.0,273.0,269.5,272.5,990705
2024-04-18,271.0,272.5,270.5,271.5,1227750
2024-04-19,271.5,273.0,269.5,270.0,1989727
2024-04-22,272.5,277.5,271.5,277.5,1627576
2024-04-23,275.5,277.0,274.0,276.0,1149967
2024-04-24,277.0,277.0,275.0,276.0,937536
2024-04-25,273.0,274.5,272.5,274.5,705024
2024-04-26,273.0,277.0,273.0,275.5,791568
2024-04-29,276.0,278.5,276.0,276.5,1458609
2024-04-30,276.0,277.0,274.0,274.0,1460204
2024-05-02,272.0,276.0,271.5,272.5,1353223
2024-05-03,275.0,276.5,273.0,274.5,940421
2024-05-06,275.5,277.0,273.5,274.0,1155043
2024-05-07,276.5,276.5,273.5,275.0,992907
2024-05-08,275.0,276.0,274.0,275.0,722741
2024-05-09,274.5,275.0,271.5,272.5,831200
2024-05-10,272.0,275.0,272.0,274.5,673079
2024-05-13,273.5,275.5,273.5,275.0,545253
2024-05-14,273.5,275.5,273.5,273.5,783578
2024-05-15,275.5,276.5,274.0,274.5,875172
2024-05-16,276.0,277.0,275.0,276.5,1480646
2024-05-17,276.0,277.0,275.5,275.5,686714
2024-05-20,277.0,277.0,274.5,277.0,1025433
2024-05-21,276.0,276.5,275.5,276.0,614004
2024-05-22,276.0,276.0,274.5,274.5,1085866
2024-05-23,273.5,274.5,271.5,272.5,1514382
2024-05-24,272.5,272.5,271.0,271.0,665573
2024-05-27,271.0,272.0,270.5,270.5,779339
2024-05-28,270.5,271.0,269.5,270.0,1601523
2024-05-29,270.0,270.5,268.0,268.0,1669414
2024-05-30,270.0,270.0,267.0,267.0,1749509
2024-05-31,269.0,270.0,267.5,270.0,4481998
2024-06-03,270.0,270.5,268.0,269.5,1129238
2024-06-04,269.0,272.0,268.0,271.0,1037425
2024-06-05,270.0,272.0,270.0,270.0,766232
2024-06-06,270.0,272.0,270.0,270.5,923089
2024-06-07,271.0,273.5,271.0,273.5,915852
2024-06-11,270.5,273.0,270.5,270.5,890915
2024-06-12,270.5,273.0,270.5,270.5,437982
2024-06-13,271.5,272.0,270.0,270.0,624198
2024-06-14,270.0,272.5,270.0,272.5,362292
2024-06-17,272.5,273.0,271.0,271.5,694389
2024-06-18,271.5,274.5,271.0,273.5,2050358
2024-06-19,273.5,275.5,273.0,274.0,1167383
2024-06-20,275.0,278.0,274.0,278.0,1395357
2024-06-21,278.0,278.0,275.0,275.0,1508216
2024-06-24,275.0,276.0,273.5,275.5,1051961
2024-06-25,277.0,278.0,276.0,278.0,905109
2024-06-26,276.0,278.0,276.0,278.0,1349516
2024-06-27,275.5,277.0,273.0,274.5,1223536
2024-06-28,275.5,276.0,273.5,273.5,1342381
2024-07-01,275.5,276.0,274.5,276.0,615430
2024-07-02,274.5,276.0,273.0,273.5,1196481
2024-07-03,273.5,275.0,271.5,271.5,1973545
2024-07-04,274.0,277.0,273.0,277.0,1172600
2024-07-05,277.5,279.0,277.0,279.0,1025309
2024-07-08,277.5,280.0,277.5,280.0,1053222
2024-07-09,279.5,283.0,279.5,282.5,1433332
2024-07-10,282.0,283.0,279.5,279.5,827306
2024-07-11,280.0,282.0,278.5,281.0,994761
2024-07-12,282.0,283.0,280.5,282.0,1213451
2024-07-15,282.0,283.0,281.5,283.0,1205971
2024-07-16,281.5,282.5,279.5,280.5,1704198
2024-07-17,280.5,282.0,279.5,279.5,1933926
2024-07-18,280.5,284.0,280.0,281.5,2433055
2024-07-19,280.5,282.0,279.5,282.0,2402114
2024-07-22,282.0,282.0,279.5,282.0,1640601
2024-07-23,282.0,283.0,281.5,283.0,1369791
2024-07-26,281.0,283.0,280.5,282.5,2449219
2024-07-29,283.0,283.0,281.0,282.0,2073119
2024-07-30,282.0,282.0,275.0,276.5,1803961
2024-07-31,276.0,278.5,274.0,277.5,3059929
2024-08-01,268.0,273.0,268.0,273.0,2234270
2024-08-02,271.5,273.5,270.5,273.5,1287823
2024-08-05,268.5,272.5,265.0,272.5,2405405
2024-08-06,273.0,278.5,272.5,278.5,3386730
2024-08-07,276.0,280.5,276.0,280.5,2470120
2024-08-08,279.0,281.5,278.0,279.0,1982075
2024-08-09,278.0,284.0,278.0,284.0,3545353
2024-08-12,281.5,282.5,280.0,281.5,1426631
2024-08-13,282.0,283.0,280.0,283.0,1633611
2024-08-14,283.0,283.5,281.0,283.5,1534079
2024-08-15,285.0,286.0,277.5,278.0,1289150
2024-08-16,281.0,281.0,275.0,278.0,1532767
2024-08-19,278.0,279.5,275.0,277.0,841102
2024-08-20,278.0,280.0,276.5,280.0,1144336
2024-08-21,280.5,281.0,276.5,278.5,807521
2024-08-22,278.5,281.0,277.0,280.5,973183
2024-08-23,281.0,282.5,281.0,282.0,966123
2024-08-26,282.0,286.0,281.5,286.0,2201469
2024-08-27,285.0,291.5,284.5,291.5,2764140
2024-08-28,291.5,291.5,285.5,287.0,1188078
2024-08-29,285.5,289.5,285.5,286.5,1374464
2024-08-30,286.5,287.0,281.5,281.5,2659001
2024-09-02,283.0,284.5,280.0,284.5,1125628
2024-09-03,284.0,285.0,282.5,282.5,890306
2024-09-04,278.5,282.0,277.0,279.5,1750864
2024-09-05,281.0,285.0,280.5,283.5,1770311
2024-09-06,283.5,285.5,280.5,285.0,1156724
2024-09-09,280.0,286.0,280.0,286.0,1694658
2024-09-10,286.0,289.5,284.5,289.0,1828230
2024-09-11,289.0,289.5,285.5,287.0,1374214
2024-09-12,292.0,295.0,288.5,293.0,4301089
2024-09-13,291.5,293.0,289.5,290.5,1237026
2024-09-16,290.5,293.0,290.0,292.0,1119532
2024-09-18,292.0,294.5,290.5,292.0,1796275
2024-09-19,293.5,296.0,292.5,295.5,1778210
2024-09-20,296.5,298.0,295.0,298.0,2471531
2024-09-23,298.0,298.5,295.5,298.0,939550
2024-09-24,298.0,303.0,296.0,303.0,2207002
2024-09-25,305.0,306.0,302.5,303.0,2183478
2024-09-26,303.0,306.0,298.0,302.0,2669210
2024-09-27,302.5,302.5,294.5,298.0,1893356
2024-09-30,300.0,301.0,295.0,295.0,1590592
2024-10-01,296.5,297.0,290.5,297.0,1126541
2024-10-04,296.0,298.0,295.0,297.0,1200879
2024-10-07,296.0,296.5,289.0,291.0,1241088
2024-10-08,292.5,296.5,290.5,296.5,2075335
2024-10-09,294.5,297.0,293.5,297.0,850258
2024-10-11,297.0,297.0,294.0,294.0,705802
2024-10-14,294.0,296.0,293.5,295.0,494437
2024-10-15,295.0,295.5,291.0,294.0,1409508
2024-10-16,291.5,295.5,291.0,293.5,1268099
2024-10-17,295.0,297.0,294.0,296.5,854498
2024-10-18,297.5,297.5,294.5,297.0,941615
2024-10-21,299.0,299.0,294.0,295.5,839475
2024-10-22,293.5,295.5,292.5,295.5,868728
2024-10-23,294.5,294.5,289.5,289.5,1745341
2024-10-24,289.5,293.5,288.5,293.0,1935014
2024-10-25,292.0,295.0,292.0,295.0,513586
2024-10-28,295.0,296.0,292.0,292.0,570090
2024-10-29,291.5,295.0,291.5,295.0,640609
2024-10-30,296.5,296.5,293.5,295.0,1600525
2024-11-01,270.0,285.0,270.0,276.0,4857457
2024-11-04,277.0,278.5,272.0,272.0,2041278
2024-11-05,272.5,276.5,272.5,276.5,1181593
2024-11-06,276.5,279.0,276.5,278.0,1442666
2024-11-07,275.0,277.5,273.5,273.5,1749005
2024-11-08,274.0,276.0,273.0,273.0,1283338
2024-11-11,273.0,273.5,271.0,272.0,1112151
2024-11-12,271.5,272.0,270.0,270.0,1704716
2024-11-13,269.0,271.0,268.5,269.0,1185874
2024-11-14,269.0,270.5,268.0,268.0,1575468
2024-11-15,269.0,272.0,269.0,269.0,851501
2024-11-18,271.0,271.5,269.5,271.0,742154
2024-11-19,270.0,271.5,269.0,269.0,931707
2024-11-20,269.0,272.5,269.0,272.0,635279
2024-11-21,270.5,271.0,268.5,268.5,979299
2024-11-22,270.0,271.0,269.0,269.0,557165
2024-11-25,272.5,275.0,268.5,268.5,3817432
2024-11-26,270.5,272.0,270.0,270.5,760742
2024-11-27,271.0,274.5,271.0,272.5,1014275
2024-11-28,272.5,272.5,269.5,271.0,1040014
2024-11-29,269.5,272.0,268.0,270.5,1683522
2024-12-02,271.5,273.5,271.0,272.0,613198
2024-12-03,274.5,275.0,272.0,274.5,1323016
2024-12-04,274.5,274.5,271.0,272.5,1057402
2024-12-05,272.5,272.5,270.5,270.5,619673
2024-12-06,272.5,273.0,270.5,272.0,908712
2024-12-09,272.5,272.5,270.0,270.0,1087057
2024-12-10,271.5,271.5,270.0,270.5,786337
2024-12-11,270.5,271.5,269.5,269.5,832779
2024-12-12,270.0,271.0,268.0,268.0,1667375
2024-12-13,268.0,268.5,267.0,268.0,1237168
2024-12-16,268.0,268.5,267.0,267.0,1565542
2024-12-17,267.0,268.0,264.5,264.5,3761577
2024-12-18,264.5,267.5,264.0,267.5,2102037
2024-12-19,264.5,266.5,264.5,265.5,2655641
2024-12-20,264.0,264.5,262.0,262.0,5599925
2024-12-23,264.5,266.5,263.0,266.5,2253397
2024-12-24,266.5,269.5,266.0,268.0,1911629
2024-12-25,269.0,270.5,266.5,270.0,1266907
2024-12-26,270.5,270.5,266.5,268.0,1082171
2024-12-27,267.0,267.0,265.5,265.5,695906
2024-12-30,266.5,266.5,264.0,264.0,654836
2024-12-31,263.5,264.5,263.0,263.0,1265516
2025-01-02,263.0,264.0,262.0,263.0,1297445
2025-01-03,264.0,265.0,262.0,263.5,654083
2025-01-06,264.5,266.0,263.5,265.5,852738
2025-01-07,266.0,266.0,262.0,262.0,1529861
2025-01-08,262.0,263.0,260.5,260.5,2421659
2025-01-09,261.0,261.5,260.0,260.0,1044564
2025-01-10,258.5,259.5,258.0,259.5,2003451
2025-01-13,259.0,261.5,259.0,260.0,1525969
2025-01-14,261.0,262.0,258.0,258.0,1869295
2025-01-15,259.0,260.0,258.5,258.5,1130583
2025-01-16,260.5,261.0,259.0,259.0,1288673
2025-01-17,260.5,261.5,260.0,260.0,1336568
2025-01-20,261.0,261.5,259.5,259.5,1273934
2025-01-21,260.0,262.0,259.5,261.0,989366
2025-01-22,262.0,262.5,259.5,260.0,2693020
2025-02-03,260.0,261.5,257.5,258.0,3801545
2025-02-04,259.5,259.5,255.5,256.0,3937925
2025-02-05,258.0,260.0,256.5,258.5,1951004
2025-02-06,258.5,262.5,258.5,261.5,1882067
2025-02-07,262.0,262.0,259.5,260.0,1526918
2025-02-10,260.0,262.5,259.0,262.5,1110036
2025-02-11,264.0,264.0,259.0,259.5,2188157
2025-02-12,259.5,262.0,259.5,261.0,1435246
2025-02-13,262.0,263.5,260.5,263.0,1740505
2025-02-14,263.0,264.5,262.0,264.5,1183924
2025-02-17,265.0,265.0,263.0,264.0,1587618
2025-02-18,264.5,265.0,263.0,265.0,1120723
2025-02-19,266.0,267.0,265.0,266.0,959518
2025-02-20,266.0,267.0,264.0,264.5,1781581
2025-02-21,265.5,268.5,264.5,268.0,1401322
2025-02-24,267.5,269.5,267.0,267.0,1340699
2025-02-25,266.0,267.5,265.0,265.0,1000357
2025-02-26,264.5,267.0,263.5,265.5,2133215
2025-02-27,265.5,266.0,262.5,262.5,2930480
2025-03-03,260.5,265.5,260.5,265.0,2074869
2025-03-04,263.0,264.0,262.0,263.0,1949828
2025-03-05,262.5,263.0,261.5,261.5,2001949
2025-03-06,261.0,263.0,261.0,262.0,1311627
2025-03-07,263.5,263.5,261.0,262.0,1411396
2025-03-10,262.0,263.0,261.5,261.5,1086430
2025-03-11,260.0,261.0,257.5,260.0,2700865
2025-03-12,261.0,262.5,260.5,260.5,1759287
2025-03-13,262.0,262.0,259.0,260.0,1226467
2025-03-14,262.0,262.0,259.0,259.0,1026681
2025-03-17,260.0,260.5,258.0,259.5,1713348
2025-03-18,260.0,260.5,258.0,258.0,2300483
2025-03-19,258.0,259.5,257.0,257.0,1705284
2025-03-20,257.5,259.0,257.0,258.5,1584577
2025-03-21,258.0,260.5,257.0,260.0,2835292
2025-03-24,259.5,261.0,257.5,257.5,1686660
2025-03-25,259.0,259.5,257.0,257.0,1272221
2025-03-26,256.5,258.0,256.0,256.5,1641557
2025-03-27,257.5,257.5,256.0,257.0,876546
2025-03-28,257.0,258.0,256.0,257.0,1011844
2025-03-31,256.0,256.0,251.0,251.0,3194740
2025-04-01,252.5,254.5,252.5,252.5,1645359
2025-04-02,251.5,256.0,251.5,254.0,1635640
2025-04-07,229.0,243.5,229.0,236.0,5336717
2025-04-08,245.0,256.0,242.0,254.0,5647579
2025-04-09,249.0,255.0,247.0,247.5,4492784
2025-04-10,260.0,260.0,251.0,252.5,5541394
2025-04-11,252.5,255.5,250.5,255.0,2881709
2025-04-14,256.0,257.5,250.0,250.5,3470282
2025-04-15,251.0,253.0,251.0,251.0,1902135
2025-04-16,251.0,256.5,250.0,256.5,2177694
2025-04-17,256.5,257.5,251.5,254.0,1856822
2025-04-18,255.5,256.0,252.5,256.0,1058096
2025-04-21,255.0,256.0,254.0,254.5,927216
2025-04-22,256.0,256.0,253.0,254.0,1354699
2025-04-23,253.5,257.5,253.5,257.5,1182239
2025-04-24,256.5,259.0,255.5,259.0,1021129
2025-04-25,258.0,259.0,257.5,257.5,893029
2025-04-28,258.5,259.5,257.0,258.5,1089318
2025-04-29,258.5,259.5,257.5,259.5,776015
2025-04-30,258.5,261.0,258.0,261.0,1673047
2025-05-02,261.5,261.5,258.5,261.0,774067
2025-05-05,261.0,263.0,259.5,259.5,1632547
2025-05-06,262.0,263.0,260.5,261.5,1117081
2025-05-07,263.5,263.5,259.5,259.5,1025335
2025-05-08,261.5,261.5,258.5,261.0,1029766
2025-05-09,260.0,262.5,258.5,262.5,1427793
2025-05-12,263.5,263.5,260.5,262.0,1215111
2025-05-13,261.5,262.0,259.5,260.0,1220370
2025-05-14,261.5,261.5,256.0,258.5,2087933
2025-05-15,258.5,259.0,257.0,257.0,785827
2025-05-16,257.5,260.5,257.5,260.5,898280
2025-05-19,260.5,261.5,259.0,260.5,722448
2025-05-20,260.5,262.5,259.0,262.5,944127
2025-05-21,262.0,263.0,260.5,261.5,1221440
2025-05-22,260.5,262.0,260.0,261.0,638519
2025-05-23,260.0,261.0,259.0,261.0,767279
2025-05-26,260.5,261.0,259.0,260.0,785588
